2026-04-16 15:55:38.444 [http-nio-8080-exec-8] WARN  [17ed947f6c8545f989e3fb9ef5fd40b1] c.h.g.c.e.GlobalExceptionHandler - Business exception code=404 path=/api/public/dashboard/test/summary method=GET ip=0:0:0:0:0:0:0:1 msg=Dashboard share not found
2026-04-16 15:55:45.275 [http-nio-8080-exec-6] WARN  [17f69cd80e2040e2a60abe614ce1cd11] c.h.g.c.e.GlobalExceptionHandler - Business exception code=404 path=/api/public/dashboard/test/summary method=GET ip=0:0:0:0:0:0:0:1 msg=Dashboard share not found
2026-04-16 15:56:06.130 [http-nio-8080-exec-4] ERROR [558fe64045d7453b881bd2da59cc9c76] c.h.g.c.e.GlobalExceptionHandler - Unhandled exception path=/api/public/dashboard/dash_9df854323c0a4b0c8ed7e3698f8d304d/details method=GET ip=0:0:0:0:0:0:0:1
org.springframework.jdbc.BadSqlGrammarException: 
### Error querying database.  Cause: java.sql.SQLSyntaxErrorException: You have an error in your SQL syntax; check the manual that corresponds to your MySQL server version for the right syntax to use near 'LIMIT 10' at line 1
### The error may exist in com/huanjing/geo/module/dispatch/mapper/PollResultMapper.java (best guess)
### The error may involve defaultParameterMap
### The error occurred while setting parameters
### SQL: SELECT  id,batch_id,dispatch_task_id,project_id,question_id,platform_id,platform_code,batch_date,batch_no,status,request_count,response_time_ms,is_hit,match_type,site_mentioned,contact_mentioned,record_type,detail_json,created_at,updated_at  FROM poll_results      WHERE  (project_id = ? AND is_hit = ?) ORDER BY batch_date DESC,id DESC LIMIT 5000 LIMIT ?
### Cause: java.sql.SQLSyntaxErrorException: You have an error in your SQL syntax; check the manual that corresponds to your MySQL server version for the right syntax to use near 'LIMIT 10' at line 1
; bad SQL grammar []
	at org.springframework.jdbc.support.SQLErrorCodeSQLExceptionTranslator.doTranslate(SQLErrorCodeSQLExceptionTranslator.java:246)
	at org.springframework.jdbc.support.AbstractFallbackSQLExceptionTranslator.translate(AbstractFallbackSQLExceptionTranslator.java:107)
	at org.mybatis.spring.MyBatisExceptionTranslator.translateExceptionIfPossible(MyBatisExceptionTranslator.java:92)
	at org.mybatis.spring.SqlSessionTemplate$SqlSessionInterceptor.invoke(SqlSessionTemplate.java:439)
	at jdk.proxy2/jdk.proxy2.$Proxy94.selectList(Unknown Source)
	at org.mybatis.spring.SqlSessionTemplate.selectList(SqlSessionTemplate.java:224)
	at com.baomidou.mybatisplus.core.override.MybatisMapperMethod.executeForMany(MybatisMapperMethod.java:164)
	at com.baomidou.mybatisplus.core.override.MybatisMapperMethod.execute(MybatisMapperMethod.java:77)
	at com.baomidou.mybatisplus.core.override.MybatisMapperProxy$PlainMethodInvoker.invoke(MybatisMapperProxy.java:149)
	at com.baomidou.mybatisplus.core.override.MybatisMapperProxy.invoke(MybatisMapperProxy.java:90)
	at jdk.proxy2/jdk.proxy2.$Proxy149.selectList(Unknown Source)
	at com.baomidou.mybatisplus.core.mapper.BaseMapper.selectPage(BaseMapper.java:349)
	at java.base/java.lang.invoke.MethodHandle.invokeWithArguments(MethodHandle.java:733)
	at com.baomidou.mybatisplus.core.override.MybatisMapperProxy$DefaultMethodInvoker.invoke(MybatisMapperProxy.java:163)
	at com.baomidou.mybatisplus.core.override.MybatisMapperProxy.invoke(MybatisMapperProxy.java:90)
	at jdk.proxy2/jdk.proxy2.$Proxy149.selectPage(Unknown Source)
	at com.huanjing.geo.module.dashboard.service.ProjectDashboardService.getDetails(ProjectDashboardService.java:165)
	at java.base/jdk.internal.reflect.DirectMethodHandleAccessor.invoke(DirectMethodHandleAccessor.java:103)
	at java.base/java.lang.reflect.Method.invoke(Method.java:580)
	at org.springframework.aop.support.AopUtils.invokeJoinpointUsingReflection(AopUtils.java:354)
	at org.springframework.aop.framework.CglibAopProxy$DynamicAdvisedInterceptor.intercept(CglibAopProxy.java:716)
	at com.huanjing.geo.module.dashboard.service.ProjectDashboardService$$SpringCGLIB$$0.getDetails(<generated>)
	at com.huanjing.geo.module.dashboard.controller.ProjectDashboardPublicController.details(ProjectDashboardPublicController.java:40)
	at java.base/jdk.internal.reflect.DirectMethodHandleAccessor.invoke(DirectMethodHandleAccessor.java:103)
	at java.base/java.lang.reflect.Method.invoke(Method.java:580)
	at org.springframework.web.method.support.InvocableHandlerMethod.doInvoke(InvocableHandlerMethod.java:255)
	at org.springframework.web.method.support.InvocableHandlerMethod.invokeForRequest(InvocableHandlerMethod.java:188)
	at org.springframework.web.servlet.mvc.method.annotation.ServletInvocableHandlerMethod.invokeAndHandle(ServletInvocableHandlerMethod.java:118)
	at org.springframework.web.servlet.mvc.method.annotation.RequestMappingHandlerAdapter.invokeHandlerMethod(RequestMappingHandlerAdapter.java:926)
	at org.springframework.web.servlet.mvc.method.annotation.RequestMappingHandlerAdapter.handleInternal(RequestMappingHandlerAdapter.java:831)
	at org.springframework.web.servlet.mvc.method.AbstractHandlerMethodAdapter.handle(AbstractHandlerMethodAdapter.java:87)
	at org.springframework.web.servlet.DispatcherServlet.doDispatch(DispatcherServlet.java:1089)
	at org.springframework.web.servlet.DispatcherServlet.doService(DispatcherServlet.java:979)
	at org.springframework.web.servlet.FrameworkServlet.processRequest(FrameworkServlet.java:1014)
	at org.springframework.web.servlet.FrameworkServlet.doGet(FrameworkServlet.java:903)
	at jakarta.servlet.http.HttpServlet.service(HttpServlet.java:564)
	at org.springframework.web.servlet.FrameworkServlet.service(FrameworkServlet.java:885)
	at jakarta.servlet.http.HttpServlet.service(HttpServlet.java:658)
	at org.apache.catalina.core.ApplicationFilterChain.internalDoFilter(ApplicationFilterChain.java:206)
	at org.apache.catalina.core.ApplicationFilterChain.doFilter(ApplicationFilterChain.java:150)
	at org.apache.tomcat.websocket.server.WsFilter.doFilter(WsFilter.java:51)
	at org.apache.catalina.core.ApplicationFilterChain.internalDoFilter(ApplicationFilterChain.java:175)
	at org.apache.catalina.core.ApplicationFilterChain.doFilter(ApplicationFilterChain.java:150)
	at org.springframework.web.filter.OncePerRequestFilter.doFilter(OncePerRequestFilter.java:110)
	at org.apache.catalina.core.ApplicationFilterChain.internalDoFilter(ApplicationFilterChain.java:175)
	at org.apache.catalina.core.ApplicationFilterChain.doFilter(ApplicationFilterChain.java:150)
	at org.springframework.web.filter.OncePerRequestFilter.doFilter(OncePerRequestFilter.java:110)
	at org.apache.catalina.core.ApplicationFilterChain.internalDoFilter(ApplicationFilterChain.java:175)
	at org.apache.catalina.core.ApplicationFilterChain.doFilter(ApplicationFilterChain.java:150)
	at org.springframework.web.filter.CompositeFilter$VirtualFilterChain.doFilter(CompositeFilter.java:108)
	at org.springframework.security.web.FilterChainProxy.lambda$doFilterInternal$3(FilterChainProxy.java:231)
	at org.springframework.security.web.FilterChainProxy$VirtualFilterChain.doFilter(FilterChainProxy.java:365)
	at org.springframework.security.web.access.intercept.AuthorizationFilter.doFilter(AuthorizationFilter.java:100)
	at org.springframework.security.web.FilterChainProxy$VirtualFilterChain.doFilter(FilterChainProxy.java:374)
	at org.springframework.security.web.access.ExceptionTranslationFilter.doFilter(ExceptionTranslationFilter.java:126)
	at org.springframework.security.web.access.ExceptionTranslationFilter.doFilter(ExceptionTranslationFilter.java:120)
	at org.springframework.security.web.FilterChainProxy$VirtualFilterChain.doFilter(FilterChainProxy.java:374)
	at org.springframework.security.web.session.SessionManagementFilter.doFilter(SessionManagementFilter.java:131)
	at org.springframework.security.web.session.SessionManagementFilter.doFilter(SessionManagementFilter.java:85)
	at org.springframework.security.web.FilterChainProxy$VirtualFilterChain.doFilter(FilterChainProxy.java:374)
	at org.springframework.security.web.authentication.AnonymousAuthenticationFilter.doFilter(AnonymousAuthenticationFilter.java:100)
	at org.springframework.security.web.FilterChainProxy$VirtualFilterChain.doFilter(FilterChainProxy.java:374)
	at org.springframework.security.web.servletapi.SecurityContextHolderAwareRequestFilter.doFilter(SecurityContextHolderAwareRequestFilter.java:179)
	at org.springframework.security.web.FilterChainProxy$VirtualFilterChain.doFilter(FilterChainProxy.java:374)
	at org.springframework.security.web.savedrequest.RequestCacheAwareFilter.doFilter(RequestCacheAwareFilter.java:63)
	at org.springframework.security.web.FilterChainProxy$VirtualFilterChain.doFilter(FilterChainProxy.java:374)
	at com.huanjing.geo.common.security.JwtAuthenticationFilter.doFilterInternal(JwtAuthenticationFilter.java:64)
	at org.springframework.web.filter.OncePerRequestFilter.doFilter(OncePerRequestFilter.java:116)
	at org.springframework.security.web.FilterChainProxy$VirtualFilterChain.doFilter(FilterChainProxy.java:374)
	at org.springframework.security.web.authentication.logout.LogoutFilter.doFilter(LogoutFilter.java:107)
	at org.springframework.security.web.authentication.logout.LogoutFilter.doFilter(LogoutFilter.java:93)
	at org.springframework.security.web.FilterChainProxy$VirtualFilterChain.doFilter(FilterChainProxy.java:374)
	at org.springframework.web.filter.CorsFilter.doFilterInternal(CorsFilter.java:91)
	at org.springframework.web.filter.OncePerRequestFilter.doFilter(OncePerRequestFilter.java:116)
	at org.springframework.security.web.FilterChainProxy$VirtualFilterChain.doFilter(FilterChainProxy.java:374)
	at org.springframework.security.web.header.HeaderWriterFilter.doHeadersAfter(HeaderWriterFilter.java:90)
	at org.springframework.security.web.header.HeaderWriterFilter.doFilterInternal(HeaderWriterFilter.java:75)
	at org.springframework.web.filter.OncePerRequestFilter.doFilter(OncePerRequestFilter.java:116)
	at org.springframework.security.web.FilterChainProxy$VirtualFilterChain.doFilter(FilterChainProxy.java:374)
	at org.springframework.security.web.context.SecurityContextHolderFilter.doFilter(SecurityContextHolderFilter.java:82)
	at org.springframework.security.web.context.SecurityContextHolderFilter.doFilter(SecurityContextHolderFilter.java:69)
	at org.springframework.security.web.FilterChainProxy$VirtualFilterChain.doFilter(FilterChainProxy.java:374)
	at org.springframework.security.web.context.request.async.WebAsyncManagerIntegrationFilter.doFilterInternal(WebAsyncManagerIntegrationFilter.java:62)
	at org.springframework.web.filter.OncePerRequestFilter.doFilter(OncePerRequestFilter.java:116)
	at org.springframework.security.web.FilterChainProxy$VirtualFilterChain.doFilter(FilterChainProxy.java:374)
	at org.springframework.security.web.session.DisableEncodeUrlFilter.doFilterInternal(DisableEncodeUrlFilter.java:42)
	at org.springframework.web.filter.OncePerRequestFilter.doFilter(OncePerRequestFilter.java:116)
	at org.springframework.security.web.FilterChainProxy$VirtualFilterChain.doFilter(FilterChainProxy.java:374)
	at org.springframework.security.web.FilterChainProxy.doFilterInternal(FilterChainProxy.java:233)
	at org.springframework.security.web.FilterChainProxy.doFilter(FilterChainProxy.java:191)
	at org.springframework.web.filter.CompositeFilter$VirtualFilterChain.doFilter(CompositeFilter.java:113)
	at org.springframework.web.servlet.handler.HandlerMappingIntrospector.lambda$createCacheFilter$3(HandlerMappingIntrospector.java:195)
	at org.springframework.web.filter.CompositeFilter$VirtualFilterChain.doFilter(CompositeFilter.java:113)
	at org.springframework.web.filter.CompositeFilter.doFilter(CompositeFilter.java:74)
	at org.springframework.security.config.annotation.web.configuration.WebMvcSecurityConfiguration$CompositeFilterChainProxy.doFilter(WebMvcSecurityConfiguration.java:230)
	at org.springframework.web.filter.DelegatingFilterProxy.invokeDelegate(DelegatingFilterProxy.java:352)
	at org.springframework.web.filter.DelegatingFilterProxy.doFilter(DelegatingFilterProxy.java:268)
	at org.apache.catalina.core.ApplicationFilterChain.internalDoFilter(ApplicationFilterChain.java:175)
	at org.apache.catalina.core.ApplicationFilterChain.doFilter(ApplicationFilterChain.java:150)
	at org.springframework.web.filter.RequestContextFilter.doFilterInternal(RequestContextFilter.java:100)
	at org.springframework.web.filter.OncePerRequestFilter.doFilter(OncePerRequestFilter.java:116)
	at org.apache.catalina.core.ApplicationFilterChain.internalDoFilter(ApplicationFilterChain.java:175)
	at org.apache.catalina.core.ApplicationFilterChain.doFilter(ApplicationFilterChain.java:150)
	at org.springframework.web.filter.FormContentFilter.doFilterInternal(FormContentFilter.java:93)
	at org.springframework.web.filter.OncePerRequestFilter.doFilter(OncePerRequestFilter.java:116)
	at org.apache.catalina.core.ApplicationFilterChain.internalDoFilter(ApplicationFilterChain.java:175)
	at org.apache.catalina.core.ApplicationFilterChain.doFilter(ApplicationFilterChain.java:150)
	at com.huanjing.geo.common.log.RequestResponseLoggingFilter.doFilterInternal(RequestResponseLoggingFilter.java:59)
	at org.springframework.web.filter.OncePerRequestFilter.doFilter(OncePerRequestFilter.java:116)
	at org.apache.catalina.core.ApplicationFilterChain.internalDoFilter(ApplicationFilterChain.java:175)
	at org.apache.catalina.core.ApplicationFilterChain.doFilter(ApplicationFilterChain.java:150)
	at org.springframework.web.filter.CharacterEncodingFilter.doFilterInternal(CharacterEncodingFilter.java:201)
	at org.springframework.web.filter.OncePerRequestFilter.doFilter(OncePerRequestFilter.java:116)
	at org.apache.catalina.core.ApplicationFilterChain.internalDoFilter(ApplicationFilterChain.java:175)
	at org.apache.catalina.core.ApplicationFilterChain.doFilter(ApplicationFilterChain.java:150)
	at org.apache.catalina.core.StandardWrapperValve.invoke(StandardWrapperValve.java:167)
	at org.apache.catalina.core.StandardContextValve.invoke(StandardContextValve.java:90)
	at org.apache.catalina.authenticator.AuthenticatorBase.invoke(AuthenticatorBase.java:482)
	at org.apache.catalina.core.StandardHostValve.invoke(StandardHostValve.java:115)
	at org.apache.catalina.valves.ErrorReportValve.invoke(ErrorReportValve.java:93)
	at org.apache.catalina.core.StandardEngineValve.invoke(StandardEngineValve.java:74)
	at org.apache.catalina.connector.CoyoteAdapter.service(CoyoteAdapter.java:344)
	at org.apache.coyote.http11.Http11Processor.service(Http11Processor.java:391)
	at org.apache.coyote.AbstractProcessorLight.process(AbstractProcessorLight.java:63)
	at org.apache.coyote.AbstractProtocol$ConnectionHandler.process(AbstractProtocol.java:896)
	at org.apache.tomcat.util.net.NioEndpoint$SocketProcessor.doRun(NioEndpoint.java:1736)
	at org.apache.tomcat.util.net.SocketProcessorBase.run(SocketProcessorBase.java:52)
	at org.apache.tomcat.util.threads.ThreadPoolExecutor.runWorker(ThreadPoolExecutor.java:1191)
	at org.apache.tomcat.util.threads.ThreadPoolExecutor$Worker.run(ThreadPoolExecutor.java:659)
	at org.apache.tomcat.util.threads.TaskThread$WrappingRunnable.run(TaskThread.java:63)
	at java.base/java.lang.Thread.run(Thread.java:1583)
Caused by: java.sql.SQLSyntaxErrorException: You have an error in your SQL syntax; check the manual that corresponds to your MySQL server version for the right syntax to use near 'LIMIT 10' at line 1
	at com.mysql.cj.jdbc.exceptions.SQLError.createSQLException(SQLError.java:121)
	at com.mysql.cj.jdbc.exceptions.SQLExceptionsMapping.translateException(SQLExceptionsMapping.java:122)
	at com.mysql.cj.jdbc.ClientPreparedStatement.executeInternal(ClientPreparedStatement.java:912)
	at com.mysql.cj.jdbc.ClientPreparedStatement.execute(ClientPreparedStatement.java:354)
	at com.zaxxer.hikari.pool.ProxyPreparedStatement.execute(ProxyPreparedStatement.java:44)
	at com.zaxxer.hikari.pool.HikariProxyPreparedStatement.execute(HikariProxyPreparedStatement.java)
	at org.apache.ibatis.executor.statement.PreparedStatementHandler.query(PreparedStatementHandler.java:65)
	at org.apache.ibatis.executor.statement.RoutingStatementHandler.query(RoutingStatementHandler.java:80)
	at java.base/jdk.internal.reflect.DirectMethodHandleAccessor.invoke(DirectMethodHandleAccessor.java:103)
	at java.base/java.lang.reflect.Method.invoke(Method.java:580)
	at org.apache.ibatis.plugin.Plugin.invoke(Plugin.java:61)
	at jdk.proxy2/jdk.proxy2.$Proxy183.query(Unknown Source)
	at org.apache.ibatis.executor.SimpleExecutor.doQuery(SimpleExecutor.java:65)
	at org.apache.ibatis.executor.BaseExecutor.queryFromDatabase(BaseExecutor.java:336)
	at org.apache.ibatis.executor.BaseExecutor.query(BaseExecutor.java:158)
	at org.apache.ibatis.executor.CachingExecutor.query(CachingExecutor.java:110)
	at com.baomidou.mybatisplus.extension.plugins.MybatisPlusInterceptor.intercept(MybatisPlusInterceptor.java:81)
	at org.apache.ibatis.plugin.Plugin.invoke(Plugin.java:59)
	at jdk.proxy2/jdk.proxy2.$Proxy182.query(Unknown Source)
	at org.apache.ibatis.session.defaults.DefaultSqlSession.selectList(DefaultSqlSession.java:154)
	at org.apache.ibatis.session.defaults.DefaultSqlSession.selectList(DefaultSqlSession.java:147)
	at org.apache.ibatis.session.defaults.DefaultSqlSession.selectList(DefaultSqlSession.java:142)
	at java.base/jdk.internal.reflect.DirectMethodHandleAccessor.invoke(DirectMethodHandleAccessor.java:103)
	at java.base/java.lang.reflect.Method.invoke(Method.java:580)
	at org.mybatis.spring.SqlSessionTemplate$SqlSessionInterceptor.invoke(SqlSessionTemplate.java:425)
	... 127 common frames omitted
2026-04-16 15:57:21.801 [http-nio-8080-exec-3] WARN  [bec61f9384a844f28c1639c49c1bc11a] c.h.g.c.e.GlobalExceptionHandler - Business exception code=404 path=/api/public/dashboard/dash_9df854323c0a4b0c8ed7e3698f8d304d/summary method=GET ip=0:0:0:0:0:0:0:1 msg=Dashboard share not found
2026-04-16 16:09:34.765 [http-nio-8080-exec-8] WARN  [4097461615af4a50857afbded9310959] c.h.g.c.e.GlobalExceptionHandler - Business exception code=400 path=/api/projects/8/status method=PUT ip=0:0:0:0:0:0:0:1 msg=客户余额不足，请先充值后再激活项目
2026-04-16 16:10:22.949 [pool-3-thread-1] WARN  [] c.h.g.m.d.s.DispatchExecutionService - Primary invocation failed for platform spark
com.huanjing.geo.common.exception.BizException: Model API HTTP 401: {"message":"HMAC signature cannot be verified: apikey not found"}
	at com.huanjing.geo.module.dispatch.service.DispatchExecutionService.invokeModelApi(DispatchExecutionService.java:1762)
	at com.huanjing.geo.module.dispatch.service.DispatchExecutionService.invokeModelApi(DispatchExecutionService.java:1716)
	at com.huanjing.geo.module.dispatch.service.DispatchExecutionService.invokePlatform(DispatchExecutionService.java:1675)
	at com.huanjing.geo.module.dispatch.service.DispatchExecutionService.invokePrimary(DispatchExecutionService.java:1561)
	at com.huanjing.geo.module.dispatch.service.DispatchExecutionService.invokeWithFallback(DispatchExecutionService.java:1481)
	at com.huanjing.geo.module.dispatch.service.DispatchExecutionService.invokeWithOrderedPlatforms(DispatchExecutionService.java:643)
	at com.huanjing.geo.module.dispatch.service.DispatchExecutionService.executeBrandStatementGeneration(DispatchExecutionService.java:557)
	at com.huanjing.geo.module.dispatch.service.DispatchExecutionService.execute(DispatchExecutionService.java:147)
	at com.huanjing.geo.module.dispatch.service.DispatchTaskService.processTask(DispatchTaskService.java:153)
	at java.base/jdk.internal.reflect.DirectMethodHandleAccessor.invoke(DirectMethodHandleAccessor.java:103)
	at java.base/java.lang.reflect.Method.invoke(Method.java:580)
	at org.springframework.aop.support.AopUtils.invokeJoinpointUsingReflection(AopUtils.java:354)
	at org.springframework.aop.framework.ReflectiveMethodInvocation.invokeJoinpoint(ReflectiveMethodInvocation.java:196)
	at org.springframework.aop.framework.ReflectiveMethodInvocation.proceed(ReflectiveMethodInvocation.java:163)
	at org.springframework.aop.framework.CglibAopProxy$CglibMethodInvocation.proceed(CglibAopProxy.java:768)
	at org.springframework.transaction.interceptor.TransactionInterceptor$1.proceedWithInvocation(TransactionInterceptor.java:123)
	at org.springframework.transaction.interceptor.TransactionAspectSupport.invokeWithinTransaction(TransactionAspectSupport.java:392)
	at org.springframework.transaction.interceptor.TransactionInterceptor.invoke(TransactionInterceptor.java:119)
	at org.springframework.aop.framework.ReflectiveMethodInvocation.proceed(ReflectiveMethodInvocation.java:184)
	at org.springframework.aop.framework.CglibAopProxy$CglibMethodInvocation.proceed(CglibAopProxy.java:768)
	at org.springframework.aop.framework.CglibAopProxy$DynamicAdvisedInterceptor.intercept(CglibAopProxy.java:720)
	at com.huanjing.geo.module.dispatch.service.DispatchTaskService$$SpringCGLIB$$0.processTask(<generated>)
	at com.huanjing.geo.module.dispatch.service.DispatchWorkerService.lambda$pollQueue$0(DispatchWorkerService.java:48)
	at java.base/java.util.concurrent.Executors$RunnableAdapter.call(Executors.java:572)
	at java.base/java.util.concurrent.FutureTask.run(FutureTask.java:317)
	at java.base/java.util.concurrent.ThreadPoolExecutor.runWorker(ThreadPoolExecutor.java:1144)
	at java.base/java.util.concurrent.ThreadPoolExecutor$Worker.run(ThreadPoolExecutor.java:642)
	at java.base/java.lang.Thread.run(Thread.java:1583)
2026-04-16 16:10:22.950 [pool-3-thread-1] WARN  [] c.h.g.m.d.s.DispatchExecutionService - Backup key invocation failed for platform spark
com.huanjing.geo.common.exception.BizException: Missing backup api key
	at com.huanjing.geo.module.dispatch.service.DispatchExecutionService.invokeBackupKey(DispatchExecutionService.java:1582)
	at com.huanjing.geo.module.dispatch.service.DispatchExecutionService.invokeWithFallback(DispatchExecutionService.java:1491)
	at com.huanjing.geo.module.dispatch.service.DispatchExecutionService.invokeWithOrderedPlatforms(DispatchExecutionService.java:643)
	at com.huanjing.geo.module.dispatch.service.DispatchExecutionService.executeBrandStatementGeneration(DispatchExecutionService.java:557)
	at com.huanjing.geo.module.dispatch.service.DispatchExecutionService.execute(DispatchExecutionService.java:147)
	at com.huanjing.geo.module.dispatch.service.DispatchTaskService.processTask(DispatchTaskService.java:153)
	at java.base/jdk.internal.reflect.DirectMethodHandleAccessor.invoke(DirectMethodHandleAccessor.java:103)
	at java.base/java.lang.reflect.Method.invoke(Method.java:580)
	at org.springframework.aop.support.AopUtils.invokeJoinpointUsingReflection(AopUtils.java:354)
	at org.springframework.aop.framework.ReflectiveMethodInvocation.invokeJoinpoint(ReflectiveMethodInvocation.java:196)
	at org.springframework.aop.framework.ReflectiveMethodInvocation.proceed(ReflectiveMethodInvocation.java:163)
	at org.springframework.aop.framework.CglibAopProxy$CglibMethodInvocation.proceed(CglibAopProxy.java:768)
	at org.springframework.transaction.interceptor.TransactionInterceptor$1.proceedWithInvocation(TransactionInterceptor.java:123)
	at org.springframework.transaction.interceptor.TransactionAspectSupport.invokeWithinTransaction(TransactionAspectSupport.java:392)
	at org.springframework.transaction.interceptor.TransactionInterceptor.invoke(TransactionInterceptor.java:119)
	at org.springframework.aop.framework.ReflectiveMethodInvocation.proceed(ReflectiveMethodInvocation.java:184)
	at org.springframework.aop.framework.CglibAopProxy$CglibMethodInvocation.proceed(CglibAopProxy.java:768)
	at org.springframework.aop.framework.CglibAopProxy$DynamicAdvisedInterceptor.intercept(CglibAopProxy.java:720)
	at com.huanjing.geo.module.dispatch.service.DispatchTaskService$$SpringCGLIB$$0.processTask(<generated>)
	at com.huanjing.geo.module.dispatch.service.DispatchWorkerService.lambda$pollQueue$0(DispatchWorkerService.java:48)
	at java.base/java.util.concurrent.Executors$RunnableAdapter.call(Executors.java:572)
	at java.base/java.util.concurrent.FutureTask.run(FutureTask.java:317)
	at java.base/java.util.concurrent.ThreadPoolExecutor.runWorker(ThreadPoolExecutor.java:1144)
	at java.base/java.util.concurrent.ThreadPoolExecutor$Worker.run(ThreadPoolExecutor.java:642)
	at java.base/java.lang.Thread.run(Thread.java:1583)
2026-04-16 16:10:22.950 [pool-3-thread-1] WARN  [] c.h.g.m.d.s.DispatchExecutionService - Backup provider invocation failed for platform spark
com.huanjing.geo.common.exception.BizException: Missing backup provider
	at com.huanjing.geo.module.dispatch.service.DispatchExecutionService.invokeBackupProvider(DispatchExecutionService.java:1606)
	at com.huanjing.geo.module.dispatch.service.DispatchExecutionService.invokeWithFallback(DispatchExecutionService.java:1501)
	at com.huanjing.geo.module.dispatch.service.DispatchExecutionService.invokeWithOrderedPlatforms(DispatchExecutionService.java:643)
	at com.huanjing.geo.module.dispatch.service.DispatchExecutionService.executeBrandStatementGeneration(DispatchExecutionService.java:557)
	at com.huanjing.geo.module.dispatch.service.DispatchExecutionService.execute(DispatchExecutionService.java:147)
	at com.huanjing.geo.module.dispatch.service.DispatchTaskService.processTask(DispatchTaskService.java:153)
	at java.base/jdk.internal.reflect.DirectMethodHandleAccessor.invoke(DirectMethodHandleAccessor.java:103)
	at java.base/java.lang.reflect.Method.invoke(Method.java:580)
	at org.springframework.aop.support.AopUtils.invokeJoinpointUsingReflection(AopUtils.java:354)
	at org.springframework.aop.framework.ReflectiveMethodInvocation.invokeJoinpoint(ReflectiveMethodInvocation.java:196)
	at org.springframework.aop.framework.ReflectiveMethodInvocation.proceed(ReflectiveMethodInvocation.java:163)
	at org.springframework.aop.framework.CglibAopProxy$CglibMethodInvocation.proceed(CglibAopProxy.java:768)
	at org.springframework.transaction.interceptor.TransactionInterceptor$1.proceedWithInvocation(TransactionInterceptor.java:123)
	at org.springframework.transaction.interceptor.TransactionAspectSupport.invokeWithinTransaction(TransactionAspectSupport.java:392)
	at org.springframework.transaction.interceptor.TransactionInterceptor.invoke(TransactionInterceptor.java:119)
	at org.springframework.aop.framework.ReflectiveMethodInvocation.proceed(ReflectiveMethodInvocation.java:184)
	at org.springframework.aop.framework.CglibAopProxy$CglibMethodInvocation.proceed(CglibAopProxy.java:768)
	at org.springframework.aop.framework.CglibAopProxy$DynamicAdvisedInterceptor.intercept(CglibAopProxy.java:720)
	at com.huanjing.geo.module.dispatch.service.DispatchTaskService$$SpringCGLIB$$0.processTask(<generated>)
	at com.huanjing.geo.module.dispatch.service.DispatchWorkerService.lambda$pollQueue$0(DispatchWorkerService.java:48)
	at java.base/java.util.concurrent.Executors$RunnableAdapter.call(Executors.java:572)
	at java.base/java.util.concurrent.FutureTask.run(FutureTask.java:317)
	at java.base/java.util.concurrent.ThreadPoolExecutor.runWorker(ThreadPoolExecutor.java:1144)
	at java.base/java.util.concurrent.ThreadPoolExecutor$Worker.run(ThreadPoolExecutor.java:642)
	at java.base/java.lang.Thread.run(Thread.java:1583)
2026-04-16 16:10:23.396 [pool-3-thread-1] WARN  [] c.h.g.m.d.s.DispatchExecutionService - Primary invocation failed for platform hailuo
com.huanjing.geo.common.exception.BizException: Model API HTTP 529: {"type":"error","error":{"type":"overloaded_error","message":"当前服务集群负载较高，请稍后重试，感谢您的耐心等待。 (2064)","http_code":"529"},"request_id":"062fcc6e8b58106f94e58765ef3b1a39"}

	at com.huanjing.geo.module.dispatch.service.DispatchExecutionService.invokeModelApi(DispatchExecutionService.java:1762)
	at com.huanjing.geo.module.dispatch.service.DispatchExecutionService.invokeModelApi(DispatchExecutionService.java:1716)
	at com.huanjing.geo.module.dispatch.service.DispatchExecutionService.invokePlatform(DispatchExecutionService.java:1675)
	at com.huanjing.geo.module.dispatch.service.DispatchExecutionService.invokePrimary(DispatchExecutionService.java:1561)
	at com.huanjing.geo.module.dispatch.service.DispatchExecutionService.invokeWithFallback(DispatchExecutionService.java:1481)
	at com.huanjing.geo.module.dispatch.service.DispatchExecutionService.invokeWithOrderedPlatforms(DispatchExecutionService.java:643)
	at com.huanjing.geo.module.dispatch.service.DispatchExecutionService.executeBrandStatementGeneration(DispatchExecutionService.java:557)
	at com.huanjing.geo.module.dispatch.service.DispatchExecutionService.execute(DispatchExecutionService.java:147)
	at com.huanjing.geo.module.dispatch.service.DispatchTaskService.processTask(DispatchTaskService.java:153)
	at java.base/jdk.internal.reflect.DirectMethodHandleAccessor.invoke(DirectMethodHandleAccessor.java:103)
	at java.base/java.lang.reflect.Method.invoke(Method.java:580)
	at org.springframework.aop.support.AopUtils.invokeJoinpointUsingReflection(AopUtils.java:354)
	at org.springframework.aop.framework.ReflectiveMethodInvocation.invokeJoinpoint(ReflectiveMethodInvocation.java:196)
	at org.springframework.aop.framework.ReflectiveMethodInvocation.proceed(ReflectiveMethodInvocation.java:163)
	at org.springframework.aop.framework.CglibAopProxy$CglibMethodInvocation.proceed(CglibAopProxy.java:768)
	at org.springframework.transaction.interceptor.TransactionInterceptor$1.proceedWithInvocation(TransactionInterceptor.java:123)
	at org.springframework.transaction.interceptor.TransactionAspectSupport.invokeWithinTransaction(TransactionAspectSupport.java:392)
	at org.springframework.transaction.interceptor.TransactionInterceptor.invoke(TransactionInterceptor.java:119)
	at org.springframework.aop.framework.ReflectiveMethodInvocation.proceed(ReflectiveMethodInvocation.java:184)
	at org.springframework.aop.framework.CglibAopProxy$CglibMethodInvocation.proceed(CglibAopProxy.java:768)
	at org.springframework.aop.framework.CglibAopProxy$DynamicAdvisedInterceptor.intercept(CglibAopProxy.java:720)
	at com.huanjing.geo.module.dispatch.service.DispatchTaskService$$SpringCGLIB$$0.processTask(<generated>)
	at com.huanjing.geo.module.dispatch.service.DispatchWorkerService.lambda$pollQueue$0(DispatchWorkerService.java:48)
	at java.base/java.util.concurrent.Executors$RunnableAdapter.call(Executors.java:572)
	at java.base/java.util.concurrent.FutureTask.run(FutureTask.java:317)
	at java.base/java.util.concurrent.ThreadPoolExecutor.runWorker(ThreadPoolExecutor.java:1144)
	at java.base/java.util.concurrent.ThreadPoolExecutor$Worker.run(ThreadPoolExecutor.java:642)
	at java.base/java.lang.Thread.run(Thread.java:1583)
2026-04-16 16:10:23.396 [pool-3-thread-1] WARN  [] c.h.g.m.d.s.DispatchExecutionService - Backup key invocation failed for platform hailuo
com.huanjing.geo.common.exception.BizException: Missing backup api key
	at com.huanjing.geo.module.dispatch.service.DispatchExecutionService.invokeBackupKey(DispatchExecutionService.java:1582)
	at com.huanjing.geo.module.dispatch.service.DispatchExecutionService.invokeWithFallback(DispatchExecutionService.java:1491)
	at com.huanjing.geo.module.dispatch.service.DispatchExecutionService.invokeWithOrderedPlatforms(DispatchExecutionService.java:643)
	at com.huanjing.geo.module.dispatch.service.DispatchExecutionService.executeBrandStatementGeneration(DispatchExecutionService.java:557)
	at com.huanjing.geo.module.dispatch.service.DispatchExecutionService.execute(DispatchExecutionService.java:147)
	at com.huanjing.geo.module.dispatch.service.DispatchTaskService.processTask(DispatchTaskService.java:153)
	at java.base/jdk.internal.reflect.DirectMethodHandleAccessor.invoke(DirectMethodHandleAccessor.java:103)
	at java.base/java.lang.reflect.Method.invoke(Method.java:580)
	at org.springframework.aop.support.AopUtils.invokeJoinpointUsingReflection(AopUtils.java:354)
	at org.springframework.aop.framework.ReflectiveMethodInvocation.invokeJoinpoint(ReflectiveMethodInvocation.java:196)
	at org.springframework.aop.framework.ReflectiveMethodInvocation.proceed(ReflectiveMethodInvocation.java:163)
	at org.springframework.aop.framework.CglibAopProxy$CglibMethodInvocation.proceed(CglibAopProxy.java:768)
	at org.springframework.transaction.interceptor.TransactionInterceptor$1.proceedWithInvocation(TransactionInterceptor.java:123)
	at org.springframework.transaction.interceptor.TransactionAspectSupport.invokeWithinTransaction(TransactionAspectSupport.java:392)
	at org.springframework.transaction.interceptor.TransactionInterceptor.invoke(TransactionInterceptor.java:119)
	at org.springframework.aop.framework.ReflectiveMethodInvocation.proceed(ReflectiveMethodInvocation.java:184)
	at org.springframework.aop.framework.CglibAopProxy$CglibMethodInvocation.proceed(CglibAopProxy.java:768)
	at org.springframework.aop.framework.CglibAopProxy$DynamicAdvisedInterceptor.intercept(CglibAopProxy.java:720)
	at com.huanjing.geo.module.dispatch.service.DispatchTaskService$$SpringCGLIB$$0.processTask(<generated>)
	at com.huanjing.geo.module.dispatch.service.DispatchWorkerService.lambda$pollQueue$0(DispatchWorkerService.java:48)
	at java.base/java.util.concurrent.Executors$RunnableAdapter.call(Executors.java:572)
	at java.base/java.util.concurrent.FutureTask.run(FutureTask.java:317)
	at java.base/java.util.concurrent.ThreadPoolExecutor.runWorker(ThreadPoolExecutor.java:1144)
	at java.base/java.util.concurrent.ThreadPoolExecutor$Worker.run(ThreadPoolExecutor.java:642)
	at java.base/java.lang.Thread.run(Thread.java:1583)
2026-04-16 16:10:23.397 [pool-3-thread-1] WARN  [] c.h.g.m.d.s.DispatchExecutionService - Backup provider invocation failed for platform hailuo
com.huanjing.geo.common.exception.BizException: Missing backup provider
	at com.huanjing.geo.module.dispatch.service.DispatchExecutionService.invokeBackupProvider(DispatchExecutionService.java:1606)
	at com.huanjing.geo.module.dispatch.service.DispatchExecutionService.invokeWithFallback(DispatchExecutionService.java:1501)
	at com.huanjing.geo.module.dispatch.service.DispatchExecutionService.invokeWithOrderedPlatforms(DispatchExecutionService.java:643)
	at com.huanjing.geo.module.dispatch.service.DispatchExecutionService.executeBrandStatementGeneration(DispatchExecutionService.java:557)
	at com.huanjing.geo.module.dispatch.service.DispatchExecutionService.execute(DispatchExecutionService.java:147)
	at com.huanjing.geo.module.dispatch.service.DispatchTaskService.processTask(DispatchTaskService.java:153)
	at java.base/jdk.internal.reflect.DirectMethodHandleAccessor.invoke(DirectMethodHandleAccessor.java:103)
	at java.base/java.lang.reflect.Method.invoke(Method.java:580)
	at org.springframework.aop.support.AopUtils.invokeJoinpointUsingReflection(AopUtils.java:354)
	at org.springframework.aop.framework.ReflectiveMethodInvocation.invokeJoinpoint(ReflectiveMethodInvocation.java:196)
	at org.springframework.aop.framework.ReflectiveMethodInvocation.proceed(ReflectiveMethodInvocation.java:163)
	at org.springframework.aop.framework.CglibAopProxy$CglibMethodInvocation.proceed(CglibAopProxy.java:768)
	at org.springframework.transaction.interceptor.TransactionInterceptor$1.proceedWithInvocation(TransactionInterceptor.java:123)
	at org.springframework.transaction.interceptor.TransactionAspectSupport.invokeWithinTransaction(TransactionAspectSupport.java:392)
	at org.springframework.transaction.interceptor.TransactionInterceptor.invoke(TransactionInterceptor.java:119)
	at org.springframework.aop.framework.ReflectiveMethodInvocation.proceed(ReflectiveMethodInvocation.java:184)
	at org.springframework.aop.framework.CglibAopProxy$CglibMethodInvocation.proceed(CglibAopProxy.java:768)
	at org.springframework.aop.framework.CglibAopProxy$DynamicAdvisedInterceptor.intercept(CglibAopProxy.java:720)
	at com.huanjing.geo.module.dispatch.service.DispatchTaskService$$SpringCGLIB$$0.processTask(<generated>)
	at com.huanjing.geo.module.dispatch.service.DispatchWorkerService.lambda$pollQueue$0(DispatchWorkerService.java:48)
	at java.base/java.util.concurrent.Executors$RunnableAdapter.call(Executors.java:572)
	at java.base/java.util.concurrent.FutureTask.run(FutureTask.java:317)
	at java.base/java.util.concurrent.ThreadPoolExecutor.runWorker(ThreadPoolExecutor.java:1144)
	at java.base/java.util.concurrent.ThreadPoolExecutor$Worker.run(ThreadPoolExecutor.java:642)
	at java.base/java.lang.Thread.run(Thread.java:1583)
2026-04-16 16:27:35.388 [pool-3-thread-2] WARN  [] c.h.g.m.d.s.DispatchExecutionService - Primary content invocation failed for platform spark
com.huanjing.geo.common.exception.BizException: Model API HTTP 401: {"message":"HMAC signature cannot be verified: apikey not found"}
	at com.huanjing.geo.module.dispatch.service.DispatchExecutionService.invokeModelApi(DispatchExecutionService.java:1762)
	at com.huanjing.geo.module.dispatch.service.DispatchExecutionService.invokeModelApi(DispatchExecutionService.java:1720)
	at com.huanjing.geo.module.dispatch.service.DispatchExecutionService.invokeContentPlatform(DispatchExecutionService.java:1701)
	at com.huanjing.geo.module.dispatch.service.DispatchExecutionService.invokePrimaryContent(DispatchExecutionService.java:1575)
	at com.huanjing.geo.module.dispatch.service.DispatchExecutionService.invokeContentWithFallback(DispatchExecutionService.java:1523)
	at com.huanjing.geo.module.dispatch.service.DispatchExecutionService.invokeContentWithOrderedPlatforms(DispatchExecutionService.java:660)
	at com.huanjing.geo.module.dispatch.service.DispatchExecutionService.executeContentGeneration(DispatchExecutionService.java:495)
	at com.huanjing.geo.module.dispatch.service.DispatchExecutionService.execute(DispatchExecutionService.java:139)
	at com.huanjing.geo.module.dispatch.service.DispatchTaskService.processTask(DispatchTaskService.java:153)
	at java.base/jdk.internal.reflect.DirectMethodHandleAccessor.invoke(DirectMethodHandleAccessor.java:103)
	at java.base/java.lang.reflect.Method.invoke(Method.java:580)
	at org.springframework.aop.support.AopUtils.invokeJoinpointUsingReflection(AopUtils.java:354)
	at org.springframework.aop.framework.ReflectiveMethodInvocation.invokeJoinpoint(ReflectiveMethodInvocation.java:196)
	at org.springframework.aop.framework.ReflectiveMethodInvocation.proceed(ReflectiveMethodInvocation.java:163)
	at org.springframework.aop.framework.CglibAopProxy$CglibMethodInvocation.proceed(CglibAopProxy.java:768)
	at org.springframework.transaction.interceptor.TransactionInterceptor$1.proceedWithInvocation(TransactionInterceptor.java:123)
	at org.springframework.transaction.interceptor.TransactionAspectSupport.invokeWithinTransaction(TransactionAspectSupport.java:392)
	at org.springframework.transaction.interceptor.TransactionInterceptor.invoke(TransactionInterceptor.java:119)
	at org.springframework.aop.framework.ReflectiveMethodInvocation.proceed(ReflectiveMethodInvocation.java:184)
	at org.springframework.aop.framework.CglibAopProxy$CglibMethodInvocation.proceed(CglibAopProxy.java:768)
	at org.springframework.aop.framework.CglibAopProxy$DynamicAdvisedInterceptor.intercept(CglibAopProxy.java:720)
	at com.huanjing.geo.module.dispatch.service.DispatchTaskService$$SpringCGLIB$$0.processTask(<generated>)
	at com.huanjing.geo.module.dispatch.service.DispatchWorkerService.lambda$pollQueue$0(DispatchWorkerService.java:48)
	at java.base/java.util.concurrent.Executors$RunnableAdapter.call(Executors.java:572)
	at java.base/java.util.concurrent.FutureTask.run(FutureTask.java:317)
	at java.base/java.util.concurrent.ThreadPoolExecutor.runWorker(ThreadPoolExecutor.java:1144)
	at java.base/java.util.concurrent.ThreadPoolExecutor$Worker.run(ThreadPoolExecutor.java:642)
	at java.base/java.lang.Thread.run(Thread.java:1583)
2026-04-16 16:27:35.388 [pool-3-thread-2] WARN  [] c.h.g.m.d.s.DispatchExecutionService - Backup key content invocation failed for platform spark
com.huanjing.geo.common.exception.BizException: Missing backup api key
	at com.huanjing.geo.module.dispatch.service.DispatchExecutionService.invokeBackupKeyContent(DispatchExecutionService.java:1597)
	at com.huanjing.geo.module.dispatch.service.DispatchExecutionService.invokeContentWithFallback(DispatchExecutionService.java:1533)
	at com.huanjing.geo.module.dispatch.service.DispatchExecutionService.invokeContentWithOrderedPlatforms(DispatchExecutionService.java:660)
	at com.huanjing.geo.module.dispatch.service.DispatchExecutionService.executeContentGeneration(DispatchExecutionService.java:495)
	at com.huanjing.geo.module.dispatch.service.DispatchExecutionService.execute(DispatchExecutionService.java:139)
	at com.huanjing.geo.module.dispatch.service.DispatchTaskService.processTask(DispatchTaskService.java:153)
	at java.base/jdk.internal.reflect.DirectMethodHandleAccessor.invoke(DirectMethodHandleAccessor.java:103)
	at java.base/java.lang.reflect.Method.invoke(Method.java:580)
	at org.springframework.aop.support.AopUtils.invokeJoinpointUsingReflection(AopUtils.java:354)
	at org.springframework.aop.framework.ReflectiveMethodInvocation.invokeJoinpoint(ReflectiveMethodInvocation.java:196)
	at org.springframework.aop.framework.ReflectiveMethodInvocation.proceed(ReflectiveMethodInvocation.java:163)
	at org.springframework.aop.framework.CglibAopProxy$CglibMethodInvocation.proceed(CglibAopProxy.java:768)
	at org.springframework.transaction.interceptor.TransactionInterceptor$1.proceedWithInvocation(TransactionInterceptor.java:123)
	at org.springframework.transaction.interceptor.TransactionAspectSupport.invokeWithinTransaction(TransactionAspectSupport.java:392)
	at org.springframework.transaction.interceptor.TransactionInterceptor.invoke(TransactionInterceptor.java:119)
	at org.springframework.aop.framework.ReflectiveMethodInvocation.proceed(ReflectiveMethodInvocation.java:184)
	at org.springframework.aop.framework.CglibAopProxy$CglibMethodInvocation.proceed(CglibAopProxy.java:768)
	at org.springframework.aop.framework.CglibAopProxy$DynamicAdvisedInterceptor.intercept(CglibAopProxy.java:720)
	at com.huanjing.geo.module.dispatch.service.DispatchTaskService$$SpringCGLIB$$0.processTask(<generated>)
	at com.huanjing.geo.module.dispatch.service.DispatchWorkerService.lambda$pollQueue$0(DispatchWorkerService.java:48)
	at java.base/java.util.concurrent.Executors$RunnableAdapter.call(Executors.java:572)
	at java.base/java.util.concurrent.FutureTask.run(FutureTask.java:317)
	at java.base/java.util.concurrent.ThreadPoolExecutor.runWorker(ThreadPoolExecutor.java:1144)
	at java.base/java.util.concurrent.ThreadPoolExecutor$Worker.run(ThreadPoolExecutor.java:642)
	at java.base/java.lang.Thread.run(Thread.java:1583)
2026-04-16 16:27:35.388 [pool-3-thread-2] WARN  [] c.h.g.m.d.s.DispatchExecutionService - Backup provider content invocation failed for platform spark
com.huanjing.geo.common.exception.BizException: Missing backup provider
	at com.huanjing.geo.module.dispatch.service.DispatchExecutionService.invokeBackupProviderContent(DispatchExecutionService.java:1634)
	at com.huanjing.geo.module.dispatch.service.DispatchExecutionService.invokeContentWithFallback(DispatchExecutionService.java:1543)
	at com.huanjing.geo.module.dispatch.service.DispatchExecutionService.invokeContentWithOrderedPlatforms(DispatchExecutionService.java:660)
	at com.huanjing.geo.module.dispatch.service.DispatchExecutionService.executeContentGeneration(DispatchExecutionService.java:495)
	at com.huanjing.geo.module.dispatch.service.DispatchExecutionService.execute(DispatchExecutionService.java:139)
	at com.huanjing.geo.module.dispatch.service.DispatchTaskService.processTask(DispatchTaskService.java:153)
	at java.base/jdk.internal.reflect.DirectMethodHandleAccessor.invoke(DirectMethodHandleAccessor.java:103)
	at java.base/java.lang.reflect.Method.invoke(Method.java:580)
	at org.springframework.aop.support.AopUtils.invokeJoinpointUsingReflection(AopUtils.java:354)
	at org.springframework.aop.framework.ReflectiveMethodInvocation.invokeJoinpoint(ReflectiveMethodInvocation.java:196)
	at org.springframework.aop.framework.ReflectiveMethodInvocation.proceed(ReflectiveMethodInvocation.java:163)
	at org.springframework.aop.framework.CglibAopProxy$CglibMethodInvocation.proceed(CglibAopProxy.java:768)
	at org.springframework.transaction.interceptor.TransactionInterceptor$1.proceedWithInvocation(TransactionInterceptor.java:123)
	at org.springframework.transaction.interceptor.TransactionAspectSupport.invokeWithinTransaction(TransactionAspectSupport.java:392)
	at org.springframework.transaction.interceptor.TransactionInterceptor.invoke(TransactionInterceptor.java:119)
	at org.springframework.aop.framework.ReflectiveMethodInvocation.proceed(ReflectiveMethodInvocation.java:184)
	at org.springframework.aop.framework.CglibAopProxy$CglibMethodInvocation.proceed(CglibAopProxy.java:768)
	at org.springframework.aop.framework.CglibAopProxy$DynamicAdvisedInterceptor.intercept(CglibAopProxy.java:720)
	at com.huanjing.geo.module.dispatch.service.DispatchTaskService$$SpringCGLIB$$0.processTask(<generated>)
	at com.huanjing.geo.module.dispatch.service.DispatchWorkerService.lambda$pollQueue$0(DispatchWorkerService.java:48)
	at java.base/java.util.concurrent.Executors$RunnableAdapter.call(Executors.java:572)
	at java.base/java.util.concurrent.FutureTask.run(FutureTask.java:317)
	at java.base/java.util.concurrent.ThreadPoolExecutor.runWorker(ThreadPoolExecutor.java:1144)
	at java.base/java.util.concurrent.ThreadPoolExecutor$Worker.run(ThreadPoolExecutor.java:642)
	at java.base/java.lang.Thread.run(Thread.java:1583)
2026-04-16 16:27:35.813 [pool-3-thread-2] WARN  [] c.h.g.m.d.s.DispatchExecutionService - Primary content invocation failed for platform hailuo
com.huanjing.geo.common.exception.BizException: Model API HTTP 529: {"type":"error","error":{"type":"overloaded_error","message":"当前服务集群负载较高，请稍后重试，感谢您的耐心等待。 (2064)","http_code":"529"},"request_id":"062fd077f24985450f5347d7c60fbc5e"}

	at com.huanjing.geo.module.dispatch.service.DispatchExecutionService.invokeModelApi(DispatchExecutionService.java:1762)
	at com.huanjing.geo.module.dispatch.service.DispatchExecutionService.invokeModelApi(DispatchExecutionService.java:1720)
	at com.huanjing.geo.module.dispatch.service.DispatchExecutionService.invokeContentPlatform(DispatchExecutionService.java:1701)
	at com.huanjing.geo.module.dispatch.service.DispatchExecutionService.invokePrimaryContent(DispatchExecutionService.java:1575)
	at com.huanjing.geo.module.dispatch.service.DispatchExecutionService.invokeContentWithFallback(DispatchExecutionService.java:1523)
	at com.huanjing.geo.module.dispatch.service.DispatchExecutionService.invokeContentWithOrderedPlatforms(DispatchExecutionService.java:660)
	at com.huanjing.geo.module.dispatch.service.DispatchExecutionService.executeContentGeneration(DispatchExecutionService.java:495)
	at com.huanjing.geo.module.dispatch.service.DispatchExecutionService.execute(DispatchExecutionService.java:139)
	at com.huanjing.geo.module.dispatch.service.DispatchTaskService.processTask(DispatchTaskService.java:153)
	at java.base/jdk.internal.reflect.DirectMethodHandleAccessor.invoke(DirectMethodHandleAccessor.java:103)
	at java.base/java.lang.reflect.Method.invoke(Method.java:580)
	at org.springframework.aop.support.AopUtils.invokeJoinpointUsingReflection(AopUtils.java:354)
	at org.springframework.aop.framework.ReflectiveMethodInvocation.invokeJoinpoint(ReflectiveMethodInvocation.java:196)
	at org.springframework.aop.framework.ReflectiveMethodInvocation.proceed(ReflectiveMethodInvocation.java:163)
	at org.springframework.aop.framework.CglibAopProxy$CglibMethodInvocation.proceed(CglibAopProxy.java:768)
	at org.springframework.transaction.interceptor.TransactionInterceptor$1.proceedWithInvocation(TransactionInterceptor.java:123)
	at org.springframework.transaction.interceptor.TransactionAspectSupport.invokeWithinTransaction(TransactionAspectSupport.java:392)
	at org.springframework.transaction.interceptor.TransactionInterceptor.invoke(TransactionInterceptor.java:119)
	at org.springframework.aop.framework.ReflectiveMethodInvocation.proceed(ReflectiveMethodInvocation.java:184)
	at org.springframework.aop.framework.CglibAopProxy$CglibMethodInvocation.proceed(CglibAopProxy.java:768)
	at org.springframework.aop.framework.CglibAopProxy$DynamicAdvisedInterceptor.intercept(CglibAopProxy.java:720)
	at com.huanjing.geo.module.dispatch.service.DispatchTaskService$$SpringCGLIB$$0.processTask(<generated>)
	at com.huanjing.geo.module.dispatch.service.DispatchWorkerService.lambda$pollQueue$0(DispatchWorkerService.java:48)
	at java.base/java.util.concurrent.Executors$RunnableAdapter.call(Executors.java:572)
	at java.base/java.util.concurrent.FutureTask.run(FutureTask.java:317)
	at java.base/java.util.concurrent.ThreadPoolExecutor.runWorker(ThreadPoolExecutor.java:1144)
	at java.base/java.util.concurrent.ThreadPoolExecutor$Worker.run(ThreadPoolExecutor.java:642)
	at java.base/java.lang.Thread.run(Thread.java:1583)
2026-04-16 16:27:35.813 [pool-3-thread-2] WARN  [] c.h.g.m.d.s.DispatchExecutionService - Backup key content invocation failed for platform hailuo
com.huanjing.geo.common.exception.BizException: Missing backup api key
	at com.huanjing.geo.module.dispatch.service.DispatchExecutionService.invokeBackupKeyContent(DispatchExecutionService.java:1597)
	at com.huanjing.geo.module.dispatch.service.DispatchExecutionService.invokeContentWithFallback(DispatchExecutionService.java:1533)
	at com.huanjing.geo.module.dispatch.service.DispatchExecutionService.invokeContentWithOrderedPlatforms(DispatchExecutionService.java:660)
	at com.huanjing.geo.module.dispatch.service.DispatchExecutionService.executeContentGeneration(DispatchExecutionService.java:495)
	at com.huanjing.geo.module.dispatch.service.DispatchExecutionService.execute(DispatchExecutionService.java:139)
	at com.huanjing.geo.module.dispatch.service.DispatchTaskService.processTask(DispatchTaskService.java:153)
	at java.base/jdk.internal.reflect.DirectMethodHandleAccessor.invoke(DirectMethodHandleAccessor.java:103)
	at java.base/java.lang.reflect.Method.invoke(Method.java:580)
	at org.springframework.aop.support.AopUtils.invokeJoinpointUsingReflection(AopUtils.java:354)
	at org.springframework.aop.framework.ReflectiveMethodInvocation.invokeJoinpoint(ReflectiveMethodInvocation.java:196)
	at org.springframework.aop.framework.ReflectiveMethodInvocation.proceed(ReflectiveMethodInvocation.java:163)
	at org.springframework.aop.framework.CglibAopProxy$CglibMethodInvocation.proceed(CglibAopProxy.java:768)
	at org.springframework.transaction.interceptor.TransactionInterceptor$1.proceedWithInvocation(TransactionInterceptor.java:123)
	at org.springframework.transaction.interceptor.TransactionAspectSupport.invokeWithinTransaction(TransactionAspectSupport.java:392)
	at org.springframework.transaction.interceptor.TransactionInterceptor.invoke(TransactionInterceptor.java:119)
	at org.springframework.aop.framework.ReflectiveMethodInvocation.proceed(ReflectiveMethodInvocation.java:184)
	at org.springframework.aop.framework.CglibAopProxy$CglibMethodInvocation.proceed(CglibAopProxy.java:768)
	at org.springframework.aop.framework.CglibAopProxy$DynamicAdvisedInterceptor.intercept(CglibAopProxy.java:720)
	at com.huanjing.geo.module.dispatch.service.DispatchTaskService$$SpringCGLIB$$0.processTask(<generated>)
	at com.huanjing.geo.module.dispatch.service.DispatchWorkerService.lambda$pollQueue$0(DispatchWorkerService.java:48)
	at java.base/java.util.concurrent.Executors$RunnableAdapter.call(Executors.java:572)
	at java.base/java.util.concurrent.FutureTask.run(FutureTask.java:317)
	at java.base/java.util.concurrent.ThreadPoolExecutor.runWorker(ThreadPoolExecutor.java:1144)
	at java.base/java.util.concurrent.ThreadPoolExecutor$Worker.run(ThreadPoolExecutor.java:642)
	at java.base/java.lang.Thread.run(Thread.java:1583)
2026-04-16 16:27:35.814 [pool-3-thread-2] WARN  [] c.h.g.m.d.s.DispatchExecutionService - Backup provider content invocation failed for platform hailuo
com.huanjing.geo.common.exception.BizException: Missing backup provider
	at com.huanjing.geo.module.dispatch.service.DispatchExecutionService.invokeBackupProviderContent(DispatchExecutionService.java:1634)
	at com.huanjing.geo.module.dispatch.service.DispatchExecutionService.invokeContentWithFallback(DispatchExecutionService.java:1543)
	at com.huanjing.geo.module.dispatch.service.DispatchExecutionService.invokeContentWithOrderedPlatforms(DispatchExecutionService.java:660)
	at com.huanjing.geo.module.dispatch.service.DispatchExecutionService.executeContentGeneration(DispatchExecutionService.java:495)
	at com.huanjing.geo.module.dispatch.service.DispatchExecutionService.execute(DispatchExecutionService.java:139)
	at com.huanjing.geo.module.dispatch.service.DispatchTaskService.processTask(DispatchTaskService.java:153)
	at java.base/jdk.internal.reflect.DirectMethodHandleAccessor.invoke(DirectMethodHandleAccessor.java:103)
	at java.base/java.lang.reflect.Method.invoke(Method.java:580)
	at org.springframework.aop.support.AopUtils.invokeJoinpointUsingReflection(AopUtils.java:354)
	at org.springframework.aop.framework.ReflectiveMethodInvocation.invokeJoinpoint(ReflectiveMethodInvocation.java:196)
	at org.springframework.aop.framework.ReflectiveMethodInvocation.proceed(ReflectiveMethodInvocation.java:163)
	at org.springframework.aop.framework.CglibAopProxy$CglibMethodInvocation.proceed(CglibAopProxy.java:768)
	at org.springframework.transaction.interceptor.TransactionInterceptor$1.proceedWithInvocation(TransactionInterceptor.java:123)
	at org.springframework.transaction.interceptor.TransactionAspectSupport.invokeWithinTransaction(TransactionAspectSupport.java:392)
	at org.springframework.transaction.interceptor.TransactionInterceptor.invoke(TransactionInterceptor.java:119)
	at org.springframework.aop.framework.ReflectiveMethodInvocation.proceed(ReflectiveMethodInvocation.java:184)
	at org.springframework.aop.framework.CglibAopProxy$CglibMethodInvocation.proceed(CglibAopProxy.java:768)
	at org.springframework.aop.framework.CglibAopProxy$DynamicAdvisedInterceptor.intercept(CglibAopProxy.java:720)
	at com.huanjing.geo.module.dispatch.service.DispatchTaskService$$SpringCGLIB$$0.processTask(<generated>)
	at com.huanjing.geo.module.dispatch.service.DispatchWorkerService.lambda$pollQueue$0(DispatchWorkerService.java:48)
	at java.base/java.util.concurrent.Executors$RunnableAdapter.call(Executors.java:572)
	at java.base/java.util.concurrent.FutureTask.run(FutureTask.java:317)
	at java.base/java.util.concurrent.ThreadPoolExecutor.runWorker(ThreadPoolExecutor.java:1144)
	at java.base/java.util.concurrent.ThreadPoolExecutor$Worker.run(ThreadPoolExecutor.java:642)
	at java.base/java.lang.Thread.run(Thread.java:1583)
2026-04-16 16:27:35.944 [pool-3-thread-2] WARN  [] c.h.g.m.d.s.DispatchExecutionService - Primary content invocation failed for platform minimax
com.huanjing.geo.common.exception.BizException: Model API HTTP 404: 404 page not found
	at com.huanjing.geo.module.dispatch.service.DispatchExecutionService.invokeModelApi(DispatchExecutionService.java:1762)
	at com.huanjing.geo.module.dispatch.service.DispatchExecutionService.invokeModelApi(DispatchExecutionService.java:1720)
	at com.huanjing.geo.module.dispatch.service.DispatchExecutionService.invokeContentPlatform(DispatchExecutionService.java:1701)
	at com.huanjing.geo.module.dispatch.service.DispatchExecutionService.invokePrimaryContent(DispatchExecutionService.java:1575)
	at com.huanjing.geo.module.dispatch.service.DispatchExecutionService.invokeContentWithFallback(DispatchExecutionService.java:1523)
	at com.huanjing.geo.module.dispatch.service.DispatchExecutionService.invokeContentWithOrderedPlatforms(DispatchExecutionService.java:660)
	at com.huanjing.geo.module.dispatch.service.DispatchExecutionService.executeContentGeneration(DispatchExecutionService.java:495)
	at com.huanjing.geo.module.dispatch.service.DispatchExecutionService.execute(DispatchExecutionService.java:139)
	at com.huanjing.geo.module.dispatch.service.DispatchTaskService.processTask(DispatchTaskService.java:153)
	at java.base/jdk.internal.reflect.DirectMethodHandleAccessor.invoke(DirectMethodHandleAccessor.java:103)
	at java.base/java.lang.reflect.Method.invoke(Method.java:580)
	at org.springframework.aop.support.AopUtils.invokeJoinpointUsingReflection(AopUtils.java:354)
	at org.springframework.aop.framework.ReflectiveMethodInvocation.invokeJoinpoint(ReflectiveMethodInvocation.java:196)
	at org.springframework.aop.framework.ReflectiveMethodInvocation.proceed(ReflectiveMethodInvocation.java:163)
	at org.springframework.aop.framework.CglibAopProxy$CglibMethodInvocation.proceed(CglibAopProxy.java:768)
	at org.springframework.transaction.interceptor.TransactionInterceptor$1.proceedWithInvocation(TransactionInterceptor.java:123)
	at org.springframework.transaction.interceptor.TransactionAspectSupport.invokeWithinTransaction(TransactionAspectSupport.java:392)
	at org.springframework.transaction.interceptor.TransactionInterceptor.invoke(TransactionInterceptor.java:119)
	at org.springframework.aop.framework.ReflectiveMethodInvocation.proceed(ReflectiveMethodInvocation.java:184)
	at org.springframework.aop.framework.CglibAopProxy$CglibMethodInvocation.proceed(CglibAopProxy.java:768)
	at org.springframework.aop.framework.CglibAopProxy$DynamicAdvisedInterceptor.intercept(CglibAopProxy.java:720)
	at com.huanjing.geo.module.dispatch.service.DispatchTaskService$$SpringCGLIB$$0.processTask(<generated>)
	at com.huanjing.geo.module.dispatch.service.DispatchWorkerService.lambda$pollQueue$0(DispatchWorkerService.java:48)
	at java.base/java.util.concurrent.Executors$RunnableAdapter.call(Executors.java:572)
	at java.base/java.util.concurrent.FutureTask.run(FutureTask.java:317)
	at java.base/java.util.concurrent.ThreadPoolExecutor.runWorker(ThreadPoolExecutor.java:1144)
	at java.base/java.util.concurrent.ThreadPoolExecutor$Worker.run(ThreadPoolExecutor.java:642)
	at java.base/java.lang.Thread.run(Thread.java:1583)
2026-04-16 16:27:35.945 [pool-3-thread-2] WARN  [] c.h.g.m.d.s.DispatchExecutionService - Backup key content invocation failed for platform minimax
com.huanjing.geo.common.exception.BizException: Missing backup api key
	at com.huanjing.geo.module.dispatch.service.DispatchExecutionService.invokeBackupKeyContent(DispatchExecutionService.java:1597)
	at com.huanjing.geo.module.dispatch.service.DispatchExecutionService.invokeContentWithFallback(DispatchExecutionService.java:1533)
	at com.huanjing.geo.module.dispatch.service.DispatchExecutionService.invokeContentWithOrderedPlatforms(DispatchExecutionService.java:660)
	at com.huanjing.geo.module.dispatch.service.DispatchExecutionService.executeContentGeneration(DispatchExecutionService.java:495)
	at com.huanjing.geo.module.dispatch.service.DispatchExecutionService.execute(DispatchExecutionService.java:139)
	at com.huanjing.geo.module.dispatch.service.DispatchTaskService.processTask(DispatchTaskService.java:153)
	at java.base/jdk.internal.reflect.DirectMethodHandleAccessor.invoke(DirectMethodHandleAccessor.java:103)
	at java.base/java.lang.reflect.Method.invoke(Method.java:580)
	at org.springframework.aop.support.AopUtils.invokeJoinpointUsingReflection(AopUtils.java:354)
	at org.springframework.aop.framework.ReflectiveMethodInvocation.invokeJoinpoint(ReflectiveMethodInvocation.java:196)
	at org.springframework.aop.framework.ReflectiveMethodInvocation.proceed(ReflectiveMethodInvocation.java:163)
	at org.springframework.aop.framework.CglibAopProxy$CglibMethodInvocation.proceed(CglibAopProxy.java:768)
	at org.springframework.transaction.interceptor.TransactionInterceptor$1.proceedWithInvocation(TransactionInterceptor.java:123)
	at org.springframework.transaction.interceptor.TransactionAspectSupport.invokeWithinTransaction(TransactionAspectSupport.java:392)
	at org.springframework.transaction.interceptor.TransactionInterceptor.invoke(TransactionInterceptor.java:119)
	at org.springframework.aop.framework.ReflectiveMethodInvocation.proceed(ReflectiveMethodInvocation.java:184)
	at org.springframework.aop.framework.CglibAopProxy$CglibMethodInvocation.proceed(CglibAopProxy.java:768)
	at org.springframework.aop.framework.CglibAopProxy$DynamicAdvisedInterceptor.intercept(CglibAopProxy.java:720)
	at com.huanjing.geo.module.dispatch.service.DispatchTaskService$$SpringCGLIB$$0.processTask(<generated>)
	at com.huanjing.geo.module.dispatch.service.DispatchWorkerService.lambda$pollQueue$0(DispatchWorkerService.java:48)
	at java.base/java.util.concurrent.Executors$RunnableAdapter.call(Executors.java:572)
	at java.base/java.util.concurrent.FutureTask.run(FutureTask.java:317)
	at java.base/java.util.concurrent.ThreadPoolExecutor.runWorker(ThreadPoolExecutor.java:1144)
	at java.base/java.util.concurrent.ThreadPoolExecutor$Worker.run(ThreadPoolExecutor.java:642)
	at java.base/java.lang.Thread.run(Thread.java:1583)
2026-04-16 16:27:35.945 [pool-3-thread-2] WARN  [] c.h.g.m.d.s.DispatchExecutionService - Backup provider content invocation failed for platform minimax
com.huanjing.geo.common.exception.BizException: Missing backup provider
	at com.huanjing.geo.module.dispatch.service.DispatchExecutionService.invokeBackupProviderContent(DispatchExecutionService.java:1634)
	at com.huanjing.geo.module.dispatch.service.DispatchExecutionService.invokeContentWithFallback(DispatchExecutionService.java:1543)
	at com.huanjing.geo.module.dispatch.service.DispatchExecutionService.invokeContentWithOrderedPlatforms(DispatchExecutionService.java:660)
	at com.huanjing.geo.module.dispatch.service.DispatchExecutionService.executeContentGeneration(DispatchExecutionService.java:495)
	at com.huanjing.geo.module.dispatch.service.DispatchExecutionService.execute(DispatchExecutionService.java:139)
	at com.huanjing.geo.module.dispatch.service.DispatchTaskService.processTask(DispatchTaskService.java:153)
	at java.base/jdk.internal.reflect.DirectMethodHandleAccessor.invoke(DirectMethodHandleAccessor.java:103)
	at java.base/java.lang.reflect.Method.invoke(Method.java:580)
	at org.springframework.aop.support.AopUtils.invokeJoinpointUsingReflection(AopUtils.java:354)
	at org.springframework.aop.framework.ReflectiveMethodInvocation.invokeJoinpoint(ReflectiveMethodInvocation.java:196)
	at org.springframework.aop.framework.ReflectiveMethodInvocation.proceed(ReflectiveMethodInvocation.java:163)
	at org.springframework.aop.framework.CglibAopProxy$CglibMethodInvocation.proceed(CglibAopProxy.java:768)
	at org.springframework.transaction.interceptor.TransactionInterceptor$1.proceedWithInvocation(TransactionInterceptor.java:123)
	at org.springframework.transaction.interceptor.TransactionAspectSupport.invokeWithinTransaction(TransactionAspectSupport.java:392)
	at org.springframework.transaction.interceptor.TransactionInterceptor.invoke(TransactionInterceptor.java:119)
	at org.springframework.aop.framework.ReflectiveMethodInvocation.proceed(ReflectiveMethodInvocation.java:184)
	at org.springframework.aop.framework.CglibAopProxy$CglibMethodInvocation.proceed(CglibAopProxy.java:768)
	at org.springframework.aop.framework.CglibAopProxy$DynamicAdvisedInterceptor.intercept(CglibAopProxy.java:720)
	at com.huanjing.geo.module.dispatch.service.DispatchTaskService$$SpringCGLIB$$0.processTask(<generated>)
	at com.huanjing.geo.module.dispatch.service.DispatchWorkerService.lambda$pollQueue$0(DispatchWorkerService.java:48)
	at java.base/java.util.concurrent.Executors$RunnableAdapter.call(Executors.java:572)
	at java.base/java.util.concurrent.FutureTask.run(FutureTask.java:317)
	at java.base/java.util.concurrent.ThreadPoolExecutor.runWorker(ThreadPoolExecutor.java:1144)
	at java.base/java.util.concurrent.ThreadPoolExecutor$Worker.run(ThreadPoolExecutor.java:642)
	at java.base/java.lang.Thread.run(Thread.java:1583)
2026-04-16 16:29:54.898 [pool-3-thread-2] WARN  [] c.h.g.m.d.s.DispatchExecutionService - Primary content invocation failed for platform hailuo
com.huanjing.geo.common.exception.BizException: Model API HTTP 529: {"type":"error","error":{"type":"overloaded_error","message":"当前服务集群负载较高，请稍后重试，感谢您的耐心等待。 (2064)","http_code":"529"},"request_id":"062fd102b77a09a4edd0f0f920915339"}

	at com.huanjing.geo.module.dispatch.service.DispatchExecutionService.invokeModelApi(DispatchExecutionService.java:1762)
	at com.huanjing.geo.module.dispatch.service.DispatchExecutionService.invokeModelApi(DispatchExecutionService.java:1720)
	at com.huanjing.geo.module.dispatch.service.DispatchExecutionService.invokeContentPlatform(DispatchExecutionService.java:1701)
	at com.huanjing.geo.module.dispatch.service.DispatchExecutionService.invokePrimaryContent(DispatchExecutionService.java:1575)
	at com.huanjing.geo.module.dispatch.service.DispatchExecutionService.invokeContentWithFallback(DispatchExecutionService.java:1523)
	at com.huanjing.geo.module.dispatch.service.DispatchExecutionService.invokeContentWithOrderedPlatforms(DispatchExecutionService.java:660)
	at com.huanjing.geo.module.dispatch.service.DispatchExecutionService.executeContentGeneration(DispatchExecutionService.java:495)
	at com.huanjing.geo.module.dispatch.service.DispatchExecutionService.execute(DispatchExecutionService.java:139)
	at com.huanjing.geo.module.dispatch.service.DispatchTaskService.processTask(DispatchTaskService.java:153)
	at java.base/jdk.internal.reflect.DirectMethodHandleAccessor.invoke(DirectMethodHandleAccessor.java:103)
	at java.base/java.lang.reflect.Method.invoke(Method.java:580)
	at org.springframework.aop.support.AopUtils.invokeJoinpointUsingReflection(AopUtils.java:354)
	at org.springframework.aop.framework.ReflectiveMethodInvocation.invokeJoinpoint(ReflectiveMethodInvocation.java:196)
	at org.springframework.aop.framework.ReflectiveMethodInvocation.proceed(ReflectiveMethodInvocation.java:163)
	at org.springframework.aop.framework.CglibAopProxy$CglibMethodInvocation.proceed(CglibAopProxy.java:768)
	at org.springframework.transaction.interceptor.TransactionInterceptor$1.proceedWithInvocation(TransactionInterceptor.java:123)
	at org.springframework.transaction.interceptor.TransactionAspectSupport.invokeWithinTransaction(TransactionAspectSupport.java:392)
	at org.springframework.transaction.interceptor.TransactionInterceptor.invoke(TransactionInterceptor.java:119)
	at org.springframework.aop.framework.ReflectiveMethodInvocation.proceed(ReflectiveMethodInvocation.java:184)
	at org.springframework.aop.framework.CglibAopProxy$CglibMethodInvocation.proceed(CglibAopProxy.java:768)
	at org.springframework.aop.framework.CglibAopProxy$DynamicAdvisedInterceptor.intercept(CglibAopProxy.java:720)
	at com.huanjing.geo.module.dispatch.service.DispatchTaskService$$SpringCGLIB$$0.processTask(<generated>)
	at com.huanjing.geo.module.dispatch.service.DispatchWorkerService.lambda$pollQueue$0(DispatchWorkerService.java:48)
	at java.base/java.util.concurrent.Executors$RunnableAdapter.call(Executors.java:572)
	at java.base/java.util.concurrent.FutureTask.run(FutureTask.java:317)
	at java.base/java.util.concurrent.ThreadPoolExecutor.runWorker(ThreadPoolExecutor.java:1144)
	at java.base/java.util.concurrent.ThreadPoolExecutor$Worker.run(ThreadPoolExecutor.java:642)
	at java.base/java.lang.Thread.run(Thread.java:1583)
2026-04-16 16:29:54.899 [pool-3-thread-2] WARN  [] c.h.g.m.d.s.DispatchExecutionService - Backup key content invocation failed for platform hailuo
com.huanjing.geo.common.exception.BizException: Missing backup api key
	at com.huanjing.geo.module.dispatch.service.DispatchExecutionService.invokeBackupKeyContent(DispatchExecutionService.java:1597)
	at com.huanjing.geo.module.dispatch.service.DispatchExecutionService.invokeContentWithFallback(DispatchExecutionService.java:1533)
	at com.huanjing.geo.module.dispatch.service.DispatchExecutionService.invokeContentWithOrderedPlatforms(DispatchExecutionService.java:660)
	at com.huanjing.geo.module.dispatch.service.DispatchExecutionService.executeContentGeneration(DispatchExecutionService.java:495)
	at com.huanjing.geo.module.dispatch.service.DispatchExecutionService.execute(DispatchExecutionService.java:139)
	at com.huanjing.geo.module.dispatch.service.DispatchTaskService.processTask(DispatchTaskService.java:153)
	at java.base/jdk.internal.reflect.DirectMethodHandleAccessor.invoke(DirectMethodHandleAccessor.java:103)
	at java.base/java.lang.reflect.Method.invoke(Method.java:580)
	at org.springframework.aop.support.AopUtils.invokeJoinpointUsingReflection(AopUtils.java:354)
	at org.springframework.aop.framework.ReflectiveMethodInvocation.invokeJoinpoint(ReflectiveMethodInvocation.java:196)
	at org.springframework.aop.framework.ReflectiveMethodInvocation.proceed(ReflectiveMethodInvocation.java:163)
	at org.springframework.aop.framework.CglibAopProxy$CglibMethodInvocation.proceed(CglibAopProxy.java:768)
	at org.springframework.transaction.interceptor.TransactionInterceptor$1.proceedWithInvocation(TransactionInterceptor.java:123)
	at org.springframework.transaction.interceptor.TransactionAspectSupport.invokeWithinTransaction(TransactionAspectSupport.java:392)
	at org.springframework.transaction.interceptor.TransactionInterceptor.invoke(TransactionInterceptor.java:119)
	at org.springframework.aop.framework.ReflectiveMethodInvocation.proceed(ReflectiveMethodInvocation.java:184)
	at org.springframework.aop.framework.CglibAopProxy$CglibMethodInvocation.proceed(CglibAopProxy.java:768)
	at org.springframework.aop.framework.CglibAopProxy$DynamicAdvisedInterceptor.intercept(CglibAopProxy.java:720)
	at com.huanjing.geo.module.dispatch.service.DispatchTaskService$$SpringCGLIB$$0.processTask(<generated>)
	at com.huanjing.geo.module.dispatch.service.DispatchWorkerService.lambda$pollQueue$0(DispatchWorkerService.java:48)
	at java.base/java.util.concurrent.Executors$RunnableAdapter.call(Executors.java:572)
	at java.base/java.util.concurrent.FutureTask.run(FutureTask.java:317)
	at java.base/java.util.concurrent.ThreadPoolExecutor.runWorker(ThreadPoolExecutor.java:1144)
	at java.base/java.util.concurrent.ThreadPoolExecutor$Worker.run(ThreadPoolExecutor.java:642)
	at java.base/java.lang.Thread.run(Thread.java:1583)
2026-04-16 16:29:54.899 [pool-3-thread-2] WARN  [] c.h.g.m.d.s.DispatchExecutionService - Backup provider content invocation failed for platform hailuo
com.huanjing.geo.common.exception.BizException: Missing backup provider
	at com.huanjing.geo.module.dispatch.service.DispatchExecutionService.invokeBackupProviderContent(DispatchExecutionService.java:1634)
	at com.huanjing.geo.module.dispatch.service.DispatchExecutionService.invokeContentWithFallback(DispatchExecutionService.java:1543)
	at com.huanjing.geo.module.dispatch.service.DispatchExecutionService.invokeContentWithOrderedPlatforms(DispatchExecutionService.java:660)
	at com.huanjing.geo.module.dispatch.service.DispatchExecutionService.executeContentGeneration(DispatchExecutionService.java:495)
	at com.huanjing.geo.module.dispatch.service.DispatchExecutionService.execute(DispatchExecutionService.java:139)
	at com.huanjing.geo.module.dispatch.service.DispatchTaskService.processTask(DispatchTaskService.java:153)
	at java.base/jdk.internal.reflect.DirectMethodHandleAccessor.invoke(DirectMethodHandleAccessor.java:103)
	at java.base/java.lang.reflect.Method.invoke(Method.java:580)
	at org.springframework.aop.support.AopUtils.invokeJoinpointUsingReflection(AopUtils.java:354)
	at org.springframework.aop.framework.ReflectiveMethodInvocation.invokeJoinpoint(ReflectiveMethodInvocation.java:196)
	at org.springframework.aop.framework.ReflectiveMethodInvocation.proceed(ReflectiveMethodInvocation.java:163)
	at org.springframework.aop.framework.CglibAopProxy$CglibMethodInvocation.proceed(CglibAopProxy.java:768)
	at org.springframework.transaction.interceptor.TransactionInterceptor$1.proceedWithInvocation(TransactionInterceptor.java:123)
	at org.springframework.transaction.interceptor.TransactionAspectSupport.invokeWithinTransaction(TransactionAspectSupport.java:392)
	at org.springframework.transaction.interceptor.TransactionInterceptor.invoke(TransactionInterceptor.java:119)
	at org.springframework.aop.framework.ReflectiveMethodInvocation.proceed(ReflectiveMethodInvocation.java:184)
	at org.springframework.aop.framework.CglibAopProxy$CglibMethodInvocation.proceed(CglibAopProxy.java:768)
	at org.springframework.aop.framework.CglibAopProxy$DynamicAdvisedInterceptor.intercept(CglibAopProxy.java:720)
	at com.huanjing.geo.module.dispatch.service.DispatchTaskService$$SpringCGLIB$$0.processTask(<generated>)
	at com.huanjing.geo.module.dispatch.service.DispatchWorkerService.lambda$pollQueue$0(DispatchWorkerService.java:48)
	at java.base/java.util.concurrent.Executors$RunnableAdapter.call(Executors.java:572)
	at java.base/java.util.concurrent.FutureTask.run(FutureTask.java:317)
	at java.base/java.util.concurrent.ThreadPoolExecutor.runWorker(ThreadPoolExecutor.java:1144)
	at java.base/java.util.concurrent.ThreadPoolExecutor$Worker.run(ThreadPoolExecutor.java:642)
	at java.base/java.lang.Thread.run(Thread.java:1583)
2026-04-16 16:29:55.028 [pool-3-thread-2] WARN  [] c.h.g.m.d.s.DispatchExecutionService - Primary content invocation failed for platform minimax
com.huanjing.geo.common.exception.BizException: Model API HTTP 404: 404 page not found
	at com.huanjing.geo.module.dispatch.service.DispatchExecutionService.invokeModelApi(DispatchExecutionService.java:1762)
	at com.huanjing.geo.module.dispatch.service.DispatchExecutionService.invokeModelApi(DispatchExecutionService.java:1720)
	at com.huanjing.geo.module.dispatch.service.DispatchExecutionService.invokeContentPlatform(DispatchExecutionService.java:1701)
	at com.huanjing.geo.module.dispatch.service.DispatchExecutionService.invokePrimaryContent(DispatchExecutionService.java:1575)
	at com.huanjing.geo.module.dispatch.service.DispatchExecutionService.invokeContentWithFallback(DispatchExecutionService.java:1523)
	at com.huanjing.geo.module.dispatch.service.DispatchExecutionService.invokeContentWithOrderedPlatforms(DispatchExecutionService.java:660)
	at com.huanjing.geo.module.dispatch.service.DispatchExecutionService.executeContentGeneration(DispatchExecutionService.java:495)
	at com.huanjing.geo.module.dispatch.service.DispatchExecutionService.execute(DispatchExecutionService.java:139)
	at com.huanjing.geo.module.dispatch.service.DispatchTaskService.processTask(DispatchTaskService.java:153)
	at java.base/jdk.internal.reflect.DirectMethodHandleAccessor.invoke(DirectMethodHandleAccessor.java:103)
	at java.base/java.lang.reflect.Method.invoke(Method.java:580)
	at org.springframework.aop.support.AopUtils.invokeJoinpointUsingReflection(AopUtils.java:354)
	at org.springframework.aop.framework.ReflectiveMethodInvocation.invokeJoinpoint(ReflectiveMethodInvocation.java:196)
	at org.springframework.aop.framework.ReflectiveMethodInvocation.proceed(ReflectiveMethodInvocation.java:163)
	at org.springframework.aop.framework.CglibAopProxy$CglibMethodInvocation.proceed(CglibAopProxy.java:768)
	at org.springframework.transaction.interceptor.TransactionInterceptor$1.proceedWithInvocation(TransactionInterceptor.java:123)
	at org.springframework.transaction.interceptor.TransactionAspectSupport.invokeWithinTransaction(TransactionAspectSupport.java:392)
	at org.springframework.transaction.interceptor.TransactionInterceptor.invoke(TransactionInterceptor.java:119)
	at org.springframework.aop.framework.ReflectiveMethodInvocation.proceed(ReflectiveMethodInvocation.java:184)
	at org.springframework.aop.framework.CglibAopProxy$CglibMethodInvocation.proceed(CglibAopProxy.java:768)
	at org.springframework.aop.framework.CglibAopProxy$DynamicAdvisedInterceptor.intercept(CglibAopProxy.java:720)
	at com.huanjing.geo.module.dispatch.service.DispatchTaskService$$SpringCGLIB$$0.processTask(<generated>)
	at com.huanjing.geo.module.dispatch.service.DispatchWorkerService.lambda$pollQueue$0(DispatchWorkerService.java:48)
	at java.base/java.util.concurrent.Executors$RunnableAdapter.call(Executors.java:572)
	at java.base/java.util.concurrent.FutureTask.run(FutureTask.java:317)
	at java.base/java.util.concurrent.ThreadPoolExecutor.runWorker(ThreadPoolExecutor.java:1144)
	at java.base/java.util.concurrent.ThreadPoolExecutor$Worker.run(ThreadPoolExecutor.java:642)
	at java.base/java.lang.Thread.run(Thread.java:1583)
2026-04-16 16:29:55.028 [pool-3-thread-2] WARN  [] c.h.g.m.d.s.DispatchExecutionService - Backup key content invocation failed for platform minimax
com.huanjing.geo.common.exception.BizException: Missing backup api key
	at com.huanjing.geo.module.dispatch.service.DispatchExecutionService.invokeBackupKeyContent(DispatchExecutionService.java:1597)
	at com.huanjing.geo.module.dispatch.service.DispatchExecutionService.invokeContentWithFallback(DispatchExecutionService.java:1533)
	at com.huanjing.geo.module.dispatch.service.DispatchExecutionService.invokeContentWithOrderedPlatforms(DispatchExecutionService.java:660)
	at com.huanjing.geo.module.dispatch.service.DispatchExecutionService.executeContentGeneration(DispatchExecutionService.java:495)
	at com.huanjing.geo.module.dispatch.service.DispatchExecutionService.execute(DispatchExecutionService.java:139)
	at com.huanjing.geo.module.dispatch.service.DispatchTaskService.processTask(DispatchTaskService.java:153)
	at java.base/jdk.internal.reflect.DirectMethodHandleAccessor.invoke(DirectMethodHandleAccessor.java:103)
	at java.base/java.lang.reflect.Method.invoke(Method.java:580)
	at org.springframework.aop.support.AopUtils.invokeJoinpointUsingReflection(AopUtils.java:354)
	at org.springframework.aop.framework.ReflectiveMethodInvocation.invokeJoinpoint(ReflectiveMethodInvocation.java:196)
	at org.springframework.aop.framework.ReflectiveMethodInvocation.proceed(ReflectiveMethodInvocation.java:163)
	at org.springframework.aop.framework.CglibAopProxy$CglibMethodInvocation.proceed(CglibAopProxy.java:768)
	at org.springframework.transaction.interceptor.TransactionInterceptor$1.proceedWithInvocation(TransactionInterceptor.java:123)
	at org.springframework.transaction.interceptor.TransactionAspectSupport.invokeWithinTransaction(TransactionAspectSupport.java:392)
	at org.springframework.transaction.interceptor.TransactionInterceptor.invoke(TransactionInterceptor.java:119)
	at org.springframework.aop.framework.ReflectiveMethodInvocation.proceed(ReflectiveMethodInvocation.java:184)
	at org.springframework.aop.framework.CglibAopProxy$CglibMethodInvocation.proceed(CglibAopProxy.java:768)
	at org.springframework.aop.framework.CglibAopProxy$DynamicAdvisedInterceptor.intercept(CglibAopProxy.java:720)
	at com.huanjing.geo.module.dispatch.service.DispatchTaskService$$SpringCGLIB$$0.processTask(<generated>)
	at com.huanjing.geo.module.dispatch.service.DispatchWorkerService.lambda$pollQueue$0(DispatchWorkerService.java:48)
	at java.base/java.util.concurrent.Executors$RunnableAdapter.call(Executors.java:572)
	at java.base/java.util.concurrent.FutureTask.run(FutureTask.java:317)
	at java.base/java.util.concurrent.ThreadPoolExecutor.runWorker(ThreadPoolExecutor.java:1144)
	at java.base/java.util.concurrent.ThreadPoolExecutor$Worker.run(ThreadPoolExecutor.java:642)
	at java.base/java.lang.Thread.run(Thread.java:1583)
2026-04-16 16:29:55.028 [pool-3-thread-2] WARN  [] c.h.g.m.d.s.DispatchExecutionService - Backup provider content invocation failed for platform minimax
com.huanjing.geo.common.exception.BizException: Missing backup provider
	at com.huanjing.geo.module.dispatch.service.DispatchExecutionService.invokeBackupProviderContent(DispatchExecutionService.java:1634)
	at com.huanjing.geo.module.dispatch.service.DispatchExecutionService.invokeContentWithFallback(DispatchExecutionService.java:1543)
	at com.huanjing.geo.module.dispatch.service.DispatchExecutionService.invokeContentWithOrderedPlatforms(DispatchExecutionService.java:660)
	at com.huanjing.geo.module.dispatch.service.DispatchExecutionService.executeContentGeneration(DispatchExecutionService.java:495)
	at com.huanjing.geo.module.dispatch.service.DispatchExecutionService.execute(DispatchExecutionService.java:139)
	at com.huanjing.geo.module.dispatch.service.DispatchTaskService.processTask(DispatchTaskService.java:153)
	at java.base/jdk.internal.reflect.DirectMethodHandleAccessor.invoke(DirectMethodHandleAccessor.java:103)
	at java.base/java.lang.reflect.Method.invoke(Method.java:580)
	at org.springframework.aop.support.AopUtils.invokeJoinpointUsingReflection(AopUtils.java:354)
	at org.springframework.aop.framework.ReflectiveMethodInvocation.invokeJoinpoint(ReflectiveMethodInvocation.java:196)
	at org.springframework.aop.framework.ReflectiveMethodInvocation.proceed(ReflectiveMethodInvocation.java:163)
	at org.springframework.aop.framework.CglibAopProxy$CglibMethodInvocation.proceed(CglibAopProxy.java:768)
	at org.springframework.transaction.interceptor.TransactionInterceptor$1.proceedWithInvocation(TransactionInterceptor.java:123)
	at org.springframework.transaction.interceptor.TransactionAspectSupport.invokeWithinTransaction(TransactionAspectSupport.java:392)
	at org.springframework.transaction.interceptor.TransactionInterceptor.invoke(TransactionInterceptor.java:119)
	at org.springframework.aop.framework.ReflectiveMethodInvocation.proceed(ReflectiveMethodInvocation.java:184)
	at org.springframework.aop.framework.CglibAopProxy$CglibMethodInvocation.proceed(CglibAopProxy.java:768)
	at org.springframework.aop.framework.CglibAopProxy$DynamicAdvisedInterceptor.intercept(CglibAopProxy.java:720)
	at com.huanjing.geo.module.dispatch.service.DispatchTaskService$$SpringCGLIB$$0.processTask(<generated>)
	at com.huanjing.geo.module.dispatch.service.DispatchWorkerService.lambda$pollQueue$0(DispatchWorkerService.java:48)
	at java.base/java.util.concurrent.Executors$RunnableAdapter.call(Executors.java:572)
	at java.base/java.util.concurrent.FutureTask.run(FutureTask.java:317)
	at java.base/java.util.concurrent.ThreadPoolExecutor.runWorker(ThreadPoolExecutor.java:1144)
	at java.base/java.util.concurrent.ThreadPoolExecutor$Worker.run(ThreadPoolExecutor.java:642)
	at java.base/java.lang.Thread.run(Thread.java:1583)
2026-04-16 16:32:12.757 [pool-3-thread-2] WARN  [] c.h.g.m.d.s.DispatchExecutionService - Primary content invocation failed for platform minimax
com.huanjing.geo.common.exception.BizException: Model API HTTP 404: 404 page not found
	at com.huanjing.geo.module.dispatch.service.DispatchExecutionService.invokeModelApi(DispatchExecutionService.java:1762)
	at com.huanjing.geo.module.dispatch.service.DispatchExecutionService.invokeModelApi(DispatchExecutionService.java:1720)
	at com.huanjing.geo.module.dispatch.service.DispatchExecutionService.invokeContentPlatform(DispatchExecutionService.java:1701)
	at com.huanjing.geo.module.dispatch.service.DispatchExecutionService.invokePrimaryContent(DispatchExecutionService.java:1575)
	at com.huanjing.geo.module.dispatch.service.DispatchExecutionService.invokeContentWithFallback(DispatchExecutionService.java:1523)
	at com.huanjing.geo.module.dispatch.service.DispatchExecutionService.invokeContentWithOrderedPlatforms(DispatchExecutionService.java:660)
	at com.huanjing.geo.module.dispatch.service.DispatchExecutionService.executeContentGeneration(DispatchExecutionService.java:495)
	at com.huanjing.geo.module.dispatch.service.DispatchExecutionService.execute(DispatchExecutionService.java:139)
	at com.huanjing.geo.module.dispatch.service.DispatchTaskService.processTask(DispatchTaskService.java:153)
	at java.base/jdk.internal.reflect.DirectMethodHandleAccessor.invoke(DirectMethodHandleAccessor.java:103)
	at java.base/java.lang.reflect.Method.invoke(Method.java:580)
	at org.springframework.aop.support.AopUtils.invokeJoinpointUsingReflection(AopUtils.java:354)
	at org.springframework.aop.framework.ReflectiveMethodInvocation.invokeJoinpoint(ReflectiveMethodInvocation.java:196)
	at org.springframework.aop.framework.ReflectiveMethodInvocation.proceed(ReflectiveMethodInvocation.java:163)
	at org.springframework.aop.framework.CglibAopProxy$CglibMethodInvocation.proceed(CglibAopProxy.java:768)
	at org.springframework.transaction.interceptor.TransactionInterceptor$1.proceedWithInvocation(TransactionInterceptor.java:123)
	at org.springframework.transaction.interceptor.TransactionAspectSupport.invokeWithinTransaction(TransactionAspectSupport.java:392)
	at org.springframework.transaction.interceptor.TransactionInterceptor.invoke(TransactionInterceptor.java:119)
	at org.springframework.aop.framework.ReflectiveMethodInvocation.proceed(ReflectiveMethodInvocation.java:184)
	at org.springframework.aop.framework.CglibAopProxy$CglibMethodInvocation.proceed(CglibAopProxy.java:768)
	at org.springframework.aop.framework.CglibAopProxy$DynamicAdvisedInterceptor.intercept(CglibAopProxy.java:720)
	at com.huanjing.geo.module.dispatch.service.DispatchTaskService$$SpringCGLIB$$0.processTask(<generated>)
	at com.huanjing.geo.module.dispatch.service.DispatchWorkerService.lambda$pollQueue$0(DispatchWorkerService.java:48)
	at java.base/java.util.concurrent.Executors$RunnableAdapter.call(Executors.java:572)
	at java.base/java.util.concurrent.FutureTask.run(FutureTask.java:317)
	at java.base/java.util.concurrent.ThreadPoolExecutor.runWorker(ThreadPoolExecutor.java:1144)
	at java.base/java.util.concurrent.ThreadPoolExecutor$Worker.run(ThreadPoolExecutor.java:642)
	at java.base/java.lang.Thread.run(Thread.java:1583)
2026-04-16 16:32:12.758 [pool-3-thread-2] WARN  [] c.h.g.m.d.s.DispatchExecutionService - Backup key content invocation failed for platform minimax
com.huanjing.geo.common.exception.BizException: Missing backup api key
	at com.huanjing.geo.module.dispatch.service.DispatchExecutionService.invokeBackupKeyContent(DispatchExecutionService.java:1597)
	at com.huanjing.geo.module.dispatch.service.DispatchExecutionService.invokeContentWithFallback(DispatchExecutionService.java:1533)
	at com.huanjing.geo.module.dispatch.service.DispatchExecutionService.invokeContentWithOrderedPlatforms(DispatchExecutionService.java:660)
	at com.huanjing.geo.module.dispatch.service.DispatchExecutionService.executeContentGeneration(DispatchExecutionService.java:495)
	at com.huanjing.geo.module.dispatch.service.DispatchExecutionService.execute(DispatchExecutionService.java:139)
	at com.huanjing.geo.module.dispatch.service.DispatchTaskService.processTask(DispatchTaskService.java:153)
	at java.base/jdk.internal.reflect.DirectMethodHandleAccessor.invoke(DirectMethodHandleAccessor.java:103)
	at java.base/java.lang.reflect.Method.invoke(Method.java:580)
	at org.springframework.aop.support.AopUtils.invokeJoinpointUsingReflection(AopUtils.java:354)
	at org.springframework.aop.framework.ReflectiveMethodInvocation.invokeJoinpoint(ReflectiveMethodInvocation.java:196)
	at org.springframework.aop.framework.ReflectiveMethodInvocation.proceed(ReflectiveMethodInvocation.java:163)
	at org.springframework.aop.framework.CglibAopProxy$CglibMethodInvocation.proceed(CglibAopProxy.java:768)
	at org.springframework.transaction.interceptor.TransactionInterceptor$1.proceedWithInvocation(TransactionInterceptor.java:123)
	at org.springframework.transaction.interceptor.TransactionAspectSupport.invokeWithinTransaction(TransactionAspectSupport.java:392)
	at org.springframework.transaction.interceptor.TransactionInterceptor.invoke(TransactionInterceptor.java:119)
	at org.springframework.aop.framework.ReflectiveMethodInvocation.proceed(ReflectiveMethodInvocation.java:184)
	at org.springframework.aop.framework.CglibAopProxy$CglibMethodInvocation.proceed(CglibAopProxy.java:768)
	at org.springframework.aop.framework.CglibAopProxy$DynamicAdvisedInterceptor.intercept(CglibAopProxy.java:720)
	at com.huanjing.geo.module.dispatch.service.DispatchTaskService$$SpringCGLIB$$0.processTask(<generated>)
	at com.huanjing.geo.module.dispatch.service.DispatchWorkerService.lambda$pollQueue$0(DispatchWorkerService.java:48)
	at java.base/java.util.concurrent.Executors$RunnableAdapter.call(Executors.java:572)
	at java.base/java.util.concurrent.FutureTask.run(FutureTask.java:317)
	at java.base/java.util.concurrent.ThreadPoolExecutor.runWorker(ThreadPoolExecutor.java:1144)
	at java.base/java.util.concurrent.ThreadPoolExecutor$Worker.run(ThreadPoolExecutor.java:642)
	at java.base/java.lang.Thread.run(Thread.java:1583)
2026-04-16 16:32:12.758 [pool-3-thread-2] WARN  [] c.h.g.m.d.s.DispatchExecutionService - Backup provider content invocation failed for platform minimax
com.huanjing.geo.common.exception.BizException: Missing backup provider
	at com.huanjing.geo.module.dispatch.service.DispatchExecutionService.invokeBackupProviderContent(DispatchExecutionService.java:1634)
	at com.huanjing.geo.module.dispatch.service.DispatchExecutionService.invokeContentWithFallback(DispatchExecutionService.java:1543)
	at com.huanjing.geo.module.dispatch.service.DispatchExecutionService.invokeContentWithOrderedPlatforms(DispatchExecutionService.java:660)
	at com.huanjing.geo.module.dispatch.service.DispatchExecutionService.executeContentGeneration(DispatchExecutionService.java:495)
	at com.huanjing.geo.module.dispatch.service.DispatchExecutionService.execute(DispatchExecutionService.java:139)
	at com.huanjing.geo.module.dispatch.service.DispatchTaskService.processTask(DispatchTaskService.java:153)
	at java.base/jdk.internal.reflect.DirectMethodHandleAccessor.invoke(DirectMethodHandleAccessor.java:103)
	at java.base/java.lang.reflect.Method.invoke(Method.java:580)
	at org.springframework.aop.support.AopUtils.invokeJoinpointUsingReflection(AopUtils.java:354)
	at org.springframework.aop.framework.ReflectiveMethodInvocation.invokeJoinpoint(ReflectiveMethodInvocation.java:196)
	at org.springframework.aop.framework.ReflectiveMethodInvocation.proceed(ReflectiveMethodInvocation.java:163)
	at org.springframework.aop.framework.CglibAopProxy$CglibMethodInvocation.proceed(CglibAopProxy.java:768)
	at org.springframework.transaction.interceptor.TransactionInterceptor$1.proceedWithInvocation(TransactionInterceptor.java:123)
	at org.springframework.transaction.interceptor.TransactionAspectSupport.invokeWithinTransaction(TransactionAspectSupport.java:392)
	at org.springframework.transaction.interceptor.TransactionInterceptor.invoke(TransactionInterceptor.java:119)
	at org.springframework.aop.framework.ReflectiveMethodInvocation.proceed(ReflectiveMethodInvocation.java:184)
	at org.springframework.aop.framework.CglibAopProxy$CglibMethodInvocation.proceed(CglibAopProxy.java:768)
	at org.springframework.aop.framework.CglibAopProxy$DynamicAdvisedInterceptor.intercept(CglibAopProxy.java:720)
	at com.huanjing.geo.module.dispatch.service.DispatchTaskService$$SpringCGLIB$$0.processTask(<generated>)
	at com.huanjing.geo.module.dispatch.service.DispatchWorkerService.lambda$pollQueue$0(DispatchWorkerService.java:48)
	at java.base/java.util.concurrent.Executors$RunnableAdapter.call(Executors.java:572)
	at java.base/java.util.concurrent.FutureTask.run(FutureTask.java:317)
	at java.base/java.util.concurrent.ThreadPoolExecutor.runWorker(ThreadPoolExecutor.java:1144)
	at java.base/java.util.concurrent.ThreadPoolExecutor$Worker.run(ThreadPoolExecutor.java:642)
	at java.base/java.lang.Thread.run(Thread.java:1583)
2026-04-16 16:38:45.623 [pool-3-thread-2] WARN  [] c.h.g.m.d.s.DispatchExecutionService - Primary content invocation failed for platform spark
com.huanjing.geo.common.exception.BizException: Model API HTTP 401: {"message":"HMAC signature cannot be verified: apikey not found"}
	at com.huanjing.geo.module.dispatch.service.DispatchExecutionService.invokeModelApi(DispatchExecutionService.java:1762)
	at com.huanjing.geo.module.dispatch.service.DispatchExecutionService.invokeModelApi(DispatchExecutionService.java:1720)
	at com.huanjing.geo.module.dispatch.service.DispatchExecutionService.invokeContentPlatform(DispatchExecutionService.java:1701)
	at com.huanjing.geo.module.dispatch.service.DispatchExecutionService.invokePrimaryContent(DispatchExecutionService.java:1575)
	at com.huanjing.geo.module.dispatch.service.DispatchExecutionService.invokeContentWithFallback(DispatchExecutionService.java:1523)
	at com.huanjing.geo.module.dispatch.service.DispatchExecutionService.invokeContentWithOrderedPlatforms(DispatchExecutionService.java:660)
	at com.huanjing.geo.module.dispatch.service.DispatchExecutionService.executeContentGeneration(DispatchExecutionService.java:495)
	at com.huanjing.geo.module.dispatch.service.DispatchExecutionService.execute(DispatchExecutionService.java:139)
	at com.huanjing.geo.module.dispatch.service.DispatchTaskService.processTask(DispatchTaskService.java:153)
	at java.base/jdk.internal.reflect.DirectMethodHandleAccessor.invoke(DirectMethodHandleAccessor.java:103)
	at java.base/java.lang.reflect.Method.invoke(Method.java:580)
	at org.springframework.aop.support.AopUtils.invokeJoinpointUsingReflection(AopUtils.java:354)
	at org.springframework.aop.framework.ReflectiveMethodInvocation.invokeJoinpoint(ReflectiveMethodInvocation.java:196)
	at org.springframework.aop.framework.ReflectiveMethodInvocation.proceed(ReflectiveMethodInvocation.java:163)
	at org.springframework.aop.framework.CglibAopProxy$CglibMethodInvocation.proceed(CglibAopProxy.java:768)
	at org.springframework.transaction.interceptor.TransactionInterceptor$1.proceedWithInvocation(TransactionInterceptor.java:123)
	at org.springframework.transaction.interceptor.TransactionAspectSupport.invokeWithinTransaction(TransactionAspectSupport.java:392)
	at org.springframework.transaction.interceptor.TransactionInterceptor.invoke(TransactionInterceptor.java:119)
	at org.springframework.aop.framework.ReflectiveMethodInvocation.proceed(ReflectiveMethodInvocation.java:184)
	at org.springframework.aop.framework.CglibAopProxy$CglibMethodInvocation.proceed(CglibAopProxy.java:768)
	at org.springframework.aop.framework.CglibAopProxy$DynamicAdvisedInterceptor.intercept(CglibAopProxy.java:720)
	at com.huanjing.geo.module.dispatch.service.DispatchTaskService$$SpringCGLIB$$0.processTask(<generated>)
	at com.huanjing.geo.module.dispatch.service.DispatchWorkerService.lambda$pollQueue$0(DispatchWorkerService.java:48)
	at java.base/java.util.concurrent.Executors$RunnableAdapter.call(Executors.java:572)
	at java.base/java.util.concurrent.FutureTask.run(FutureTask.java:317)
	at java.base/java.util.concurrent.ThreadPoolExecutor.runWorker(ThreadPoolExecutor.java:1144)
	at java.base/java.util.concurrent.ThreadPoolExecutor$Worker.run(ThreadPoolExecutor.java:642)
	at java.base/java.lang.Thread.run(Thread.java:1583)
2026-04-16 16:38:45.624 [pool-3-thread-2] WARN  [] c.h.g.m.d.s.DispatchExecutionService - Backup key content invocation failed for platform spark
com.huanjing.geo.common.exception.BizException: Missing backup api key
	at com.huanjing.geo.module.dispatch.service.DispatchExecutionService.invokeBackupKeyContent(DispatchExecutionService.java:1597)
	at com.huanjing.geo.module.dispatch.service.DispatchExecutionService.invokeContentWithFallback(DispatchExecutionService.java:1533)
	at com.huanjing.geo.module.dispatch.service.DispatchExecutionService.invokeContentWithOrderedPlatforms(DispatchExecutionService.java:660)
	at com.huanjing.geo.module.dispatch.service.DispatchExecutionService.executeContentGeneration(DispatchExecutionService.java:495)
	at com.huanjing.geo.module.dispatch.service.DispatchExecutionService.execute(DispatchExecutionService.java:139)
	at com.huanjing.geo.module.dispatch.service.DispatchTaskService.processTask(DispatchTaskService.java:153)
	at java.base/jdk.internal.reflect.DirectMethodHandleAccessor.invoke(DirectMethodHandleAccessor.java:103)
	at java.base/java.lang.reflect.Method.invoke(Method.java:580)
	at org.springframework.aop.support.AopUtils.invokeJoinpointUsingReflection(AopUtils.java:354)
	at org.springframework.aop.framework.ReflectiveMethodInvocation.invokeJoinpoint(ReflectiveMethodInvocation.java:196)
	at org.springframework.aop.framework.ReflectiveMethodInvocation.proceed(ReflectiveMethodInvocation.java:163)
	at org.springframework.aop.framework.CglibAopProxy$CglibMethodInvocation.proceed(CglibAopProxy.java:768)
	at org.springframework.transaction.interceptor.TransactionInterceptor$1.proceedWithInvocation(TransactionInterceptor.java:123)
	at org.springframework.transaction.interceptor.TransactionAspectSupport.invokeWithinTransaction(TransactionAspectSupport.java:392)
	at org.springframework.transaction.interceptor.TransactionInterceptor.invoke(TransactionInterceptor.java:119)
	at org.springframework.aop.framework.ReflectiveMethodInvocation.proceed(ReflectiveMethodInvocation.java:184)
	at org.springframework.aop.framework.CglibAopProxy$CglibMethodInvocation.proceed(CglibAopProxy.java:768)
	at org.springframework.aop.framework.CglibAopProxy$DynamicAdvisedInterceptor.intercept(CglibAopProxy.java:720)
	at com.huanjing.geo.module.dispatch.service.DispatchTaskService$$SpringCGLIB$$0.processTask(<generated>)
	at com.huanjing.geo.module.dispatch.service.DispatchWorkerService.lambda$pollQueue$0(DispatchWorkerService.java:48)
	at java.base/java.util.concurrent.Executors$RunnableAdapter.call(Executors.java:572)
	at java.base/java.util.concurrent.FutureTask.run(FutureTask.java:317)
	at java.base/java.util.concurrent.ThreadPoolExecutor.runWorker(ThreadPoolExecutor.java:1144)
	at java.base/java.util.concurrent.ThreadPoolExecutor$Worker.run(ThreadPoolExecutor.java:642)
	at java.base/java.lang.Thread.run(Thread.java:1583)
2026-04-16 16:38:45.624 [pool-3-thread-2] WARN  [] c.h.g.m.d.s.DispatchExecutionService - Backup provider content invocation failed for platform spark
com.huanjing.geo.common.exception.BizException: Missing backup provider
	at com.huanjing.geo.module.dispatch.service.DispatchExecutionService.invokeBackupProviderContent(DispatchExecutionService.java:1634)
	at com.huanjing.geo.module.dispatch.service.DispatchExecutionService.invokeContentWithFallback(DispatchExecutionService.java:1543)
	at com.huanjing.geo.module.dispatch.service.DispatchExecutionService.invokeContentWithOrderedPlatforms(DispatchExecutionService.java:660)
	at com.huanjing.geo.module.dispatch.service.DispatchExecutionService.executeContentGeneration(DispatchExecutionService.java:495)
	at com.huanjing.geo.module.dispatch.service.DispatchExecutionService.execute(DispatchExecutionService.java:139)
	at com.huanjing.geo.module.dispatch.service.DispatchTaskService.processTask(DispatchTaskService.java:153)
	at java.base/jdk.internal.reflect.DirectMethodHandleAccessor.invoke(DirectMethodHandleAccessor.java:103)
	at java.base/java.lang.reflect.Method.invoke(Method.java:580)
	at org.springframework.aop.support.AopUtils.invokeJoinpointUsingReflection(AopUtils.java:354)
	at org.springframework.aop.framework.ReflectiveMethodInvocation.invokeJoinpoint(ReflectiveMethodInvocation.java:196)
	at org.springframework.aop.framework.ReflectiveMethodInvocation.proceed(ReflectiveMethodInvocation.java:163)
	at org.springframework.aop.framework.CglibAopProxy$CglibMethodInvocation.proceed(CglibAopProxy.java:768)
	at org.springframework.transaction.interceptor.TransactionInterceptor$1.proceedWithInvocation(TransactionInterceptor.java:123)
	at org.springframework.transaction.interceptor.TransactionAspectSupport.invokeWithinTransaction(TransactionAspectSupport.java:392)
	at org.springframework.transaction.interceptor.TransactionInterceptor.invoke(TransactionInterceptor.java:119)
	at org.springframework.aop.framework.ReflectiveMethodInvocation.proceed(ReflectiveMethodInvocation.java:184)
	at org.springframework.aop.framework.CglibAopProxy$CglibMethodInvocation.proceed(CglibAopProxy.java:768)
	at org.springframework.aop.framework.CglibAopProxy$DynamicAdvisedInterceptor.intercept(CglibAopProxy.java:720)
	at com.huanjing.geo.module.dispatch.service.DispatchTaskService$$SpringCGLIB$$0.processTask(<generated>)
	at com.huanjing.geo.module.dispatch.service.DispatchWorkerService.lambda$pollQueue$0(DispatchWorkerService.java:48)
	at java.base/java.util.concurrent.Executors$RunnableAdapter.call(Executors.java:572)
	at java.base/java.util.concurrent.FutureTask.run(FutureTask.java:317)
	at java.base/java.util.concurrent.ThreadPoolExecutor.runWorker(ThreadPoolExecutor.java:1144)
	at java.base/java.util.concurrent.ThreadPoolExecutor$Worker.run(ThreadPoolExecutor.java:642)
	at java.base/java.lang.Thread.run(Thread.java:1583)
2026-04-16 16:38:46.064 [pool-3-thread-2] WARN  [] c.h.g.m.d.s.DispatchExecutionService - Primary content invocation failed for platform hailuo
com.huanjing.geo.common.exception.BizException: Model API HTTP 529: {"type":"error","error":{"type":"overloaded_error","message":"当前服务集群负载较高，请稍后重试，感谢您的耐心等待。 (2064)","http_code":"529"},"request_id":"062fd315095ddec06e3aefc6d0c2502b"}

	at com.huanjing.geo.module.dispatch.service.DispatchExecutionService.invokeModelApi(DispatchExecutionService.java:1762)
	at com.huanjing.geo.module.dispatch.service.DispatchExecutionService.invokeModelApi(DispatchExecutionService.java:1720)
	at com.huanjing.geo.module.dispatch.service.DispatchExecutionService.invokeContentPlatform(DispatchExecutionService.java:1701)
	at com.huanjing.geo.module.dispatch.service.DispatchExecutionService.invokePrimaryContent(DispatchExecutionService.java:1575)
	at com.huanjing.geo.module.dispatch.service.DispatchExecutionService.invokeContentWithFallback(DispatchExecutionService.java:1523)
	at com.huanjing.geo.module.dispatch.service.DispatchExecutionService.invokeContentWithOrderedPlatforms(DispatchExecutionService.java:660)
	at com.huanjing.geo.module.dispatch.service.DispatchExecutionService.executeContentGeneration(DispatchExecutionService.java:495)
	at com.huanjing.geo.module.dispatch.service.DispatchExecutionService.execute(DispatchExecutionService.java:139)
	at com.huanjing.geo.module.dispatch.service.DispatchTaskService.processTask(DispatchTaskService.java:153)
	at java.base/jdk.internal.reflect.DirectMethodHandleAccessor.invoke(DirectMethodHandleAccessor.java:103)
	at java.base/java.lang.reflect.Method.invoke(Method.java:580)
	at org.springframework.aop.support.AopUtils.invokeJoinpointUsingReflection(AopUtils.java:354)
	at org.springframework.aop.framework.ReflectiveMethodInvocation.invokeJoinpoint(ReflectiveMethodInvocation.java:196)
	at org.springframework.aop.framework.ReflectiveMethodInvocation.proceed(ReflectiveMethodInvocation.java:163)
	at org.springframework.aop.framework.CglibAopProxy$CglibMethodInvocation.proceed(CglibAopProxy.java:768)
	at org.springframework.transaction.interceptor.TransactionInterceptor$1.proceedWithInvocation(TransactionInterceptor.java:123)
	at org.springframework.transaction.interceptor.TransactionAspectSupport.invokeWithinTransaction(TransactionAspectSupport.java:392)
	at org.springframework.transaction.interceptor.TransactionInterceptor.invoke(TransactionInterceptor.java:119)
	at org.springframework.aop.framework.ReflectiveMethodInvocation.proceed(ReflectiveMethodInvocation.java:184)
	at org.springframework.aop.framework.CglibAopProxy$CglibMethodInvocation.proceed(CglibAopProxy.java:768)
	at org.springframework.aop.framework.CglibAopProxy$DynamicAdvisedInterceptor.intercept(CglibAopProxy.java:720)
	at com.huanjing.geo.module.dispatch.service.DispatchTaskService$$SpringCGLIB$$0.processTask(<generated>)
	at com.huanjing.geo.module.dispatch.service.DispatchWorkerService.lambda$pollQueue$0(DispatchWorkerService.java:48)
	at java.base/java.util.concurrent.Executors$RunnableAdapter.call(Executors.java:572)
	at java.base/java.util.concurrent.FutureTask.run(FutureTask.java:317)
	at java.base/java.util.concurrent.ThreadPoolExecutor.runWorker(ThreadPoolExecutor.java:1144)
	at java.base/java.util.concurrent.ThreadPoolExecutor$Worker.run(ThreadPoolExecutor.java:642)
	at java.base/java.lang.Thread.run(Thread.java:1583)
2026-04-16 16:38:46.064 [pool-3-thread-2] WARN  [] c.h.g.m.d.s.DispatchExecutionService - Backup key content invocation failed for platform hailuo
com.huanjing.geo.common.exception.BizException: Missing backup api key
	at com.huanjing.geo.module.dispatch.service.DispatchExecutionService.invokeBackupKeyContent(DispatchExecutionService.java:1597)
	at com.huanjing.geo.module.dispatch.service.DispatchExecutionService.invokeContentWithFallback(DispatchExecutionService.java:1533)
	at com.huanjing.geo.module.dispatch.service.DispatchExecutionService.invokeContentWithOrderedPlatforms(DispatchExecutionService.java:660)
	at com.huanjing.geo.module.dispatch.service.DispatchExecutionService.executeContentGeneration(DispatchExecutionService.java:495)
	at com.huanjing.geo.module.dispatch.service.DispatchExecutionService.execute(DispatchExecutionService.java:139)
	at com.huanjing.geo.module.dispatch.service.DispatchTaskService.processTask(DispatchTaskService.java:153)
	at java.base/jdk.internal.reflect.DirectMethodHandleAccessor.invoke(DirectMethodHandleAccessor.java:103)
	at java.base/java.lang.reflect.Method.invoke(Method.java:580)
	at org.springframework.aop.support.AopUtils.invokeJoinpointUsingReflection(AopUtils.java:354)
	at org.springframework.aop.framework.ReflectiveMethodInvocation.invokeJoinpoint(ReflectiveMethodInvocation.java:196)
	at org.springframework.aop.framework.ReflectiveMethodInvocation.proceed(ReflectiveMethodInvocation.java:163)
	at org.springframework.aop.framework.CglibAopProxy$CglibMethodInvocation.proceed(CglibAopProxy.java:768)
	at org.springframework.transaction.interceptor.TransactionInterceptor$1.proceedWithInvocation(TransactionInterceptor.java:123)
	at org.springframework.transaction.interceptor.TransactionAspectSupport.invokeWithinTransaction(TransactionAspectSupport.java:392)
	at org.springframework.transaction.interceptor.TransactionInterceptor.invoke(TransactionInterceptor.java:119)
	at org.springframework.aop.framework.ReflectiveMethodInvocation.proceed(ReflectiveMethodInvocation.java:184)
	at org.springframework.aop.framework.CglibAopProxy$CglibMethodInvocation.proceed(CglibAopProxy.java:768)
	at org.springframework.aop.framework.CglibAopProxy$DynamicAdvisedInterceptor.intercept(CglibAopProxy.java:720)
	at com.huanjing.geo.module.dispatch.service.DispatchTaskService$$SpringCGLIB$$0.processTask(<generated>)
	at com.huanjing.geo.module.dispatch.service.DispatchWorkerService.lambda$pollQueue$0(DispatchWorkerService.java:48)
	at java.base/java.util.concurrent.Executors$RunnableAdapter.call(Executors.java:572)
	at java.base/java.util.concurrent.FutureTask.run(FutureTask.java:317)
	at java.base/java.util.concurrent.ThreadPoolExecutor.runWorker(ThreadPoolExecutor.java:1144)
	at java.base/java.util.concurrent.ThreadPoolExecutor$Worker.run(ThreadPoolExecutor.java:642)
	at java.base/java.lang.Thread.run(Thread.java:1583)
2026-04-16 16:38:46.064 [pool-3-thread-2] WARN  [] c.h.g.m.d.s.DispatchExecutionService - Backup provider content invocation failed for platform hailuo
com.huanjing.geo.common.exception.BizException: Missing backup provider
	at com.huanjing.geo.module.dispatch.service.DispatchExecutionService.invokeBackupProviderContent(DispatchExecutionService.java:1634)
	at com.huanjing.geo.module.dispatch.service.DispatchExecutionService.invokeContentWithFallback(DispatchExecutionService.java:1543)
	at com.huanjing.geo.module.dispatch.service.DispatchExecutionService.invokeContentWithOrderedPlatforms(DispatchExecutionService.java:660)
	at com.huanjing.geo.module.dispatch.service.DispatchExecutionService.executeContentGeneration(DispatchExecutionService.java:495)
	at com.huanjing.geo.module.dispatch.service.DispatchExecutionService.execute(DispatchExecutionService.java:139)
	at com.huanjing.geo.module.dispatch.service.DispatchTaskService.processTask(DispatchTaskService.java:153)
	at java.base/jdk.internal.reflect.DirectMethodHandleAccessor.invoke(DirectMethodHandleAccessor.java:103)
	at java.base/java.lang.reflect.Method.invoke(Method.java:580)
	at org.springframework.aop.support.AopUtils.invokeJoinpointUsingReflection(AopUtils.java:354)
	at org.springframework.aop.framework.ReflectiveMethodInvocation.invokeJoinpoint(ReflectiveMethodInvocation.java:196)
	at org.springframework.aop.framework.ReflectiveMethodInvocation.proceed(ReflectiveMethodInvocation.java:163)
	at org.springframework.aop.framework.CglibAopProxy$CglibMethodInvocation.proceed(CglibAopProxy.java:768)
	at org.springframework.transaction.interceptor.TransactionInterceptor$1.proceedWithInvocation(TransactionInterceptor.java:123)
	at org.springframework.transaction.interceptor.TransactionAspectSupport.invokeWithinTransaction(TransactionAspectSupport.java:392)
	at org.springframework.transaction.interceptor.TransactionInterceptor.invoke(TransactionInterceptor.java:119)
	at org.springframework.aop.framework.ReflectiveMethodInvocation.proceed(ReflectiveMethodInvocation.java:184)
	at org.springframework.aop.framework.CglibAopProxy$CglibMethodInvocation.proceed(CglibAopProxy.java:768)
	at org.springframework.aop.framework.CglibAopProxy$DynamicAdvisedInterceptor.intercept(CglibAopProxy.java:720)
	at com.huanjing.geo.module.dispatch.service.DispatchTaskService$$SpringCGLIB$$0.processTask(<generated>)
	at com.huanjing.geo.module.dispatch.service.DispatchWorkerService.lambda$pollQueue$0(DispatchWorkerService.java:48)
	at java.base/java.util.concurrent.Executors$RunnableAdapter.call(Executors.java:572)
	at java.base/java.util.concurrent.FutureTask.run(FutureTask.java:317)
	at java.base/java.util.concurrent.ThreadPoolExecutor.runWorker(ThreadPoolExecutor.java:1144)
	at java.base/java.util.concurrent.ThreadPoolExecutor$Worker.run(ThreadPoolExecutor.java:642)
	at java.base/java.lang.Thread.run(Thread.java:1583)
2026-04-16 16:38:46.256 [pool-3-thread-2] WARN  [] c.h.g.m.d.s.DispatchExecutionService - Primary content invocation failed for platform minimax
com.huanjing.geo.common.exception.BizException: Model API HTTP 404: 404 page not found
	at com.huanjing.geo.module.dispatch.service.DispatchExecutionService.invokeModelApi(DispatchExecutionService.java:1762)
	at com.huanjing.geo.module.dispatch.service.DispatchExecutionService.invokeModelApi(DispatchExecutionService.java:1720)
	at com.huanjing.geo.module.dispatch.service.DispatchExecutionService.invokeContentPlatform(DispatchExecutionService.java:1701)
	at com.huanjing.geo.module.dispatch.service.DispatchExecutionService.invokePrimaryContent(DispatchExecutionService.java:1575)
	at com.huanjing.geo.module.dispatch.service.DispatchExecutionService.invokeContentWithFallback(DispatchExecutionService.java:1523)
	at com.huanjing.geo.module.dispatch.service.DispatchExecutionService.invokeContentWithOrderedPlatforms(DispatchExecutionService.java:660)
	at com.huanjing.geo.module.dispatch.service.DispatchExecutionService.executeContentGeneration(DispatchExecutionService.java:495)
	at com.huanjing.geo.module.dispatch.service.DispatchExecutionService.execute(DispatchExecutionService.java:139)
	at com.huanjing.geo.module.dispatch.service.DispatchTaskService.processTask(DispatchTaskService.java:153)
	at java.base/jdk.internal.reflect.DirectMethodHandleAccessor.invoke(DirectMethodHandleAccessor.java:103)
	at java.base/java.lang.reflect.Method.invoke(Method.java:580)
	at org.springframework.aop.support.AopUtils.invokeJoinpointUsingReflection(AopUtils.java:354)
	at org.springframework.aop.framework.ReflectiveMethodInvocation.invokeJoinpoint(ReflectiveMethodInvocation.java:196)
	at org.springframework.aop.framework.ReflectiveMethodInvocation.proceed(ReflectiveMethodInvocation.java:163)
	at org.springframework.aop.framework.CglibAopProxy$CglibMethodInvocation.proceed(CglibAopProxy.java:768)
	at org.springframework.transaction.interceptor.TransactionInterceptor$1.proceedWithInvocation(TransactionInterceptor.java:123)
	at org.springframework.transaction.interceptor.TransactionAspectSupport.invokeWithinTransaction(TransactionAspectSupport.java:392)
	at org.springframework.transaction.interceptor.TransactionInterceptor.invoke(TransactionInterceptor.java:119)
	at org.springframework.aop.framework.ReflectiveMethodInvocation.proceed(ReflectiveMethodInvocation.java:184)
	at org.springframework.aop.framework.CglibAopProxy$CglibMethodInvocation.proceed(CglibAopProxy.java:768)
	at org.springframework.aop.framework.CglibAopProxy$DynamicAdvisedInterceptor.intercept(CglibAopProxy.java:720)
	at com.huanjing.geo.module.dispatch.service.DispatchTaskService$$SpringCGLIB$$0.processTask(<generated>)
	at com.huanjing.geo.module.dispatch.service.DispatchWorkerService.lambda$pollQueue$0(DispatchWorkerService.java:48)
	at java.base/java.util.concurrent.Executors$RunnableAdapter.call(Executors.java:572)
	at java.base/java.util.concurrent.FutureTask.run(FutureTask.java:317)
	at java.base/java.util.concurrent.ThreadPoolExecutor.runWorker(ThreadPoolExecutor.java:1144)
	at java.base/java.util.concurrent.ThreadPoolExecutor$Worker.run(ThreadPoolExecutor.java:642)
	at java.base/java.lang.Thread.run(Thread.java:1583)
2026-04-16 16:38:46.256 [pool-3-thread-2] WARN  [] c.h.g.m.d.s.DispatchExecutionService - Backup key content invocation failed for platform minimax
com.huanjing.geo.common.exception.BizException: Missing backup api key
	at com.huanjing.geo.module.dispatch.service.DispatchExecutionService.invokeBackupKeyContent(DispatchExecutionService.java:1597)
	at com.huanjing.geo.module.dispatch.service.DispatchExecutionService.invokeContentWithFallback(DispatchExecutionService.java:1533)
	at com.huanjing.geo.module.dispatch.service.DispatchExecutionService.invokeContentWithOrderedPlatforms(DispatchExecutionService.java:660)
	at com.huanjing.geo.module.dispatch.service.DispatchExecutionService.executeContentGeneration(DispatchExecutionService.java:495)
	at com.huanjing.geo.module.dispatch.service.DispatchExecutionService.execute(DispatchExecutionService.java:139)
	at com.huanjing.geo.module.dispatch.service.DispatchTaskService.processTask(DispatchTaskService.java:153)
	at java.base/jdk.internal.reflect.DirectMethodHandleAccessor.invoke(DirectMethodHandleAccessor.java:103)
	at java.base/java.lang.reflect.Method.invoke(Method.java:580)
	at org.springframework.aop.support.AopUtils.invokeJoinpointUsingReflection(AopUtils.java:354)
	at org.springframework.aop.framework.ReflectiveMethodInvocation.invokeJoinpoint(ReflectiveMethodInvocation.java:196)
	at org.springframework.aop.framework.ReflectiveMethodInvocation.proceed(ReflectiveMethodInvocation.java:163)
	at org.springframework.aop.framework.CglibAopProxy$CglibMethodInvocation.proceed(CglibAopProxy.java:768)
	at org.springframework.transaction.interceptor.TransactionInterceptor$1.proceedWithInvocation(TransactionInterceptor.java:123)
	at org.springframework.transaction.interceptor.TransactionAspectSupport.invokeWithinTransaction(TransactionAspectSupport.java:392)
	at org.springframework.transaction.interceptor.TransactionInterceptor.invoke(TransactionInterceptor.java:119)
	at org.springframework.aop.framework.ReflectiveMethodInvocation.proceed(ReflectiveMethodInvocation.java:184)
	at org.springframework.aop.framework.CglibAopProxy$CglibMethodInvocation.proceed(CglibAopProxy.java:768)
	at org.springframework.aop.framework.CglibAopProxy$DynamicAdvisedInterceptor.intercept(CglibAopProxy.java:720)
	at com.huanjing.geo.module.dispatch.service.DispatchTaskService$$SpringCGLIB$$0.processTask(<generated>)
	at com.huanjing.geo.module.dispatch.service.DispatchWorkerService.lambda$pollQueue$0(DispatchWorkerService.java:48)
	at java.base/java.util.concurrent.Executors$RunnableAdapter.call(Executors.java:572)
	at java.base/java.util.concurrent.FutureTask.run(FutureTask.java:317)
	at java.base/java.util.concurrent.ThreadPoolExecutor.runWorker(ThreadPoolExecutor.java:1144)
	at java.base/java.util.concurrent.ThreadPoolExecutor$Worker.run(ThreadPoolExecutor.java:642)
	at java.base/java.lang.Thread.run(Thread.java:1583)
2026-04-16 16:38:46.256 [pool-3-thread-2] WARN  [] c.h.g.m.d.s.DispatchExecutionService - Backup provider content invocation failed for platform minimax
com.huanjing.geo.common.exception.BizException: Missing backup provider
	at com.huanjing.geo.module.dispatch.service.DispatchExecutionService.invokeBackupProviderContent(DispatchExecutionService.java:1634)
	at com.huanjing.geo.module.dispatch.service.DispatchExecutionService.invokeContentWithFallback(DispatchExecutionService.java:1543)
	at com.huanjing.geo.module.dispatch.service.DispatchExecutionService.invokeContentWithOrderedPlatforms(DispatchExecutionService.java:660)
	at com.huanjing.geo.module.dispatch.service.DispatchExecutionService.executeContentGeneration(DispatchExecutionService.java:495)
	at com.huanjing.geo.module.dispatch.service.DispatchExecutionService.execute(DispatchExecutionService.java:139)
	at com.huanjing.geo.module.dispatch.service.DispatchTaskService.processTask(DispatchTaskService.java:153)
	at java.base/jdk.internal.reflect.DirectMethodHandleAccessor.invoke(DirectMethodHandleAccessor.java:103)
	at java.base/java.lang.reflect.Method.invoke(Method.java:580)
	at org.springframework.aop.support.AopUtils.invokeJoinpointUsingReflection(AopUtils.java:354)
	at org.springframework.aop.framework.ReflectiveMethodInvocation.invokeJoinpoint(ReflectiveMethodInvocation.java:196)
	at org.springframework.aop.framework.ReflectiveMethodInvocation.proceed(ReflectiveMethodInvocation.java:163)
	at org.springframework.aop.framework.CglibAopProxy$CglibMethodInvocation.proceed(CglibAopProxy.java:768)
	at org.springframework.transaction.interceptor.TransactionInterceptor$1.proceedWithInvocation(TransactionInterceptor.java:123)
	at org.springframework.transaction.interceptor.TransactionAspectSupport.invokeWithinTransaction(TransactionAspectSupport.java:392)
	at org.springframework.transaction.interceptor.TransactionInterceptor.invoke(TransactionInterceptor.java:119)
	at org.springframework.aop.framework.ReflectiveMethodInvocation.proceed(ReflectiveMethodInvocation.java:184)
	at org.springframework.aop.framework.CglibAopProxy$CglibMethodInvocation.proceed(CglibAopProxy.java:768)
	at org.springframework.aop.framework.CglibAopProxy$DynamicAdvisedInterceptor.intercept(CglibAopProxy.java:720)
	at com.huanjing.geo.module.dispatch.service.DispatchTaskService$$SpringCGLIB$$0.processTask(<generated>)
	at com.huanjing.geo.module.dispatch.service.DispatchWorkerService.lambda$pollQueue$0(DispatchWorkerService.java:48)
	at java.base/java.util.concurrent.Executors$RunnableAdapter.call(Executors.java:572)
	at java.base/java.util.concurrent.FutureTask.run(FutureTask.java:317)
	at java.base/java.util.concurrent.ThreadPoolExecutor.runWorker(ThreadPoolExecutor.java:1144)
	at java.base/java.util.concurrent.ThreadPoolExecutor$Worker.run(ThreadPoolExecutor.java:642)
	at java.base/java.lang.Thread.run(Thread.java:1583)
2026-04-16 18:03:09.894 [pool-3-thread-1] WARN  [] c.h.g.m.d.s.DispatchExecutionService - Primary content invocation failed for platform doubao
com.huanjing.geo.common.exception.BizException: Model API invoke failed: request timed out
	at com.huanjing.geo.module.dispatch.service.DispatchExecutionService.invokeModelApi(DispatchExecutionService.java:1740)
	at com.huanjing.geo.module.dispatch.service.DispatchExecutionService.invokeModelApi(DispatchExecutionService.java:1688)
	at com.huanjing.geo.module.dispatch.service.DispatchExecutionService.invokeContentPlatform(DispatchExecutionService.java:1669)
	at com.huanjing.geo.module.dispatch.service.DispatchExecutionService.invokePrimaryContent(DispatchExecutionService.java:1543)
	at com.huanjing.geo.module.dispatch.service.DispatchExecutionService.invokeContentWithFallback(DispatchExecutionService.java:1491)
	at com.huanjing.geo.module.dispatch.service.DispatchExecutionService.invokeContentWithOrderedPlatforms(DispatchExecutionService.java:669)
	at com.huanjing.geo.module.dispatch.service.DispatchExecutionService.executeContentGeneration(DispatchExecutionService.java:502)
	at com.huanjing.geo.module.dispatch.service.DispatchExecutionService.execute(DispatchExecutionService.java:141)
	at com.huanjing.geo.module.dispatch.service.DispatchTaskService.processTask(DispatchTaskService.java:148)
	at java.base/jdk.internal.reflect.DirectMethodHandleAccessor.invoke(DirectMethodHandleAccessor.java:103)
	at java.base/java.lang.reflect.Method.invoke(Method.java:580)
	at org.springframework.aop.support.AopUtils.invokeJoinpointUsingReflection(AopUtils.java:354)
	at org.springframework.aop.framework.ReflectiveMethodInvocation.invokeJoinpoint(ReflectiveMethodInvocation.java:196)
	at org.springframework.aop.framework.ReflectiveMethodInvocation.proceed(ReflectiveMethodInvocation.java:163)
	at org.springframework.aop.framework.CglibAopProxy$CglibMethodInvocation.proceed(CglibAopProxy.java:768)
	at org.springframework.transaction.interceptor.TransactionInterceptor$1.proceedWithInvocation(TransactionInterceptor.java:123)
	at org.springframework.transaction.interceptor.TransactionAspectSupport.invokeWithinTransaction(TransactionAspectSupport.java:392)
	at org.springframework.transaction.interceptor.TransactionInterceptor.invoke(TransactionInterceptor.java:119)
	at org.springframework.aop.framework.ReflectiveMethodInvocation.proceed(ReflectiveMethodInvocation.java:184)
	at org.springframework.aop.framework.CglibAopProxy$CglibMethodInvocation.proceed(CglibAopProxy.java:768)
	at org.springframework.aop.framework.CglibAopProxy$DynamicAdvisedInterceptor.intercept(CglibAopProxy.java:720)
	at com.huanjing.geo.module.dispatch.service.DispatchTaskService$$SpringCGLIB$$0.processTask(<generated>)
	at com.huanjing.geo.module.dispatch.service.DispatchWorkerService.lambda$0(DispatchWorkerService.java:48)
	at java.base/java.util.concurrent.Executors$RunnableAdapter.call(Executors.java:572)
	at java.base/java.util.concurrent.FutureTask.run(FutureTask.java:317)
	at java.base/java.util.concurrent.ThreadPoolExecutor.runWorker(ThreadPoolExecutor.java:1144)
	at java.base/java.util.concurrent.ThreadPoolExecutor$Worker.run(ThreadPoolExecutor.java:642)
	at java.base/java.lang.Thread.run(Thread.java:1583)
2026-04-16 18:03:09.897 [pool-3-thread-1] WARN  [] c.h.g.m.d.s.DispatchExecutionService - Backup key content invocation failed for platform doubao
com.huanjing.geo.common.exception.BizException: Missing backup api key
	at com.huanjing.geo.module.dispatch.service.DispatchExecutionService.invokeBackupKeyContent(DispatchExecutionService.java:1565)
	at com.huanjing.geo.module.dispatch.service.DispatchExecutionService.invokeContentWithFallback(DispatchExecutionService.java:1501)
	at com.huanjing.geo.module.dispatch.service.DispatchExecutionService.invokeContentWithOrderedPlatforms(DispatchExecutionService.java:669)
	at com.huanjing.geo.module.dispatch.service.DispatchExecutionService.executeContentGeneration(DispatchExecutionService.java:502)
	at com.huanjing.geo.module.dispatch.service.DispatchExecutionService.execute(DispatchExecutionService.java:141)
	at com.huanjing.geo.module.dispatch.service.DispatchTaskService.processTask(DispatchTaskService.java:148)
	at java.base/jdk.internal.reflect.DirectMethodHandleAccessor.invoke(DirectMethodHandleAccessor.java:103)
	at java.base/java.lang.reflect.Method.invoke(Method.java:580)
	at org.springframework.aop.support.AopUtils.invokeJoinpointUsingReflection(AopUtils.java:354)
	at org.springframework.aop.framework.ReflectiveMethodInvocation.invokeJoinpoint(ReflectiveMethodInvocation.java:196)
	at org.springframework.aop.framework.ReflectiveMethodInvocation.proceed(ReflectiveMethodInvocation.java:163)
	at org.springframework.aop.framework.CglibAopProxy$CglibMethodInvocation.proceed(CglibAopProxy.java:768)
	at org.springframework.transaction.interceptor.TransactionInterceptor$1.proceedWithInvocation(TransactionInterceptor.java:123)
	at org.springframework.transaction.interceptor.TransactionAspectSupport.invokeWithinTransaction(TransactionAspectSupport.java:392)
	at org.springframework.transaction.interceptor.TransactionInterceptor.invoke(TransactionInterceptor.java:119)
	at org.springframework.aop.framework.ReflectiveMethodInvocation.proceed(ReflectiveMethodInvocation.java:184)
	at org.springframework.aop.framework.CglibAopProxy$CglibMethodInvocation.proceed(CglibAopProxy.java:768)
	at org.springframework.aop.framework.CglibAopProxy$DynamicAdvisedInterceptor.intercept(CglibAopProxy.java:720)
	at com.huanjing.geo.module.dispatch.service.DispatchTaskService$$SpringCGLIB$$0.processTask(<generated>)
	at com.huanjing.geo.module.dispatch.service.DispatchWorkerService.lambda$0(DispatchWorkerService.java:48)
	at java.base/java.util.concurrent.Executors$RunnableAdapter.call(Executors.java:572)
	at java.base/java.util.concurrent.FutureTask.run(FutureTask.java:317)
	at java.base/java.util.concurrent.ThreadPoolExecutor.runWorker(ThreadPoolExecutor.java:1144)
	at java.base/java.util.concurrent.ThreadPoolExecutor$Worker.run(ThreadPoolExecutor.java:642)
	at java.base/java.lang.Thread.run(Thread.java:1583)
2026-04-16 18:03:09.898 [pool-3-thread-1] WARN  [] c.h.g.m.d.s.DispatchExecutionService - Backup provider content invocation failed for platform doubao
com.huanjing.geo.common.exception.BizException: Missing backup provider
	at com.huanjing.geo.module.dispatch.service.DispatchExecutionService.invokeBackupProviderContent(DispatchExecutionService.java:1602)
	at com.huanjing.geo.module.dispatch.service.DispatchExecutionService.invokeContentWithFallback(DispatchExecutionService.java:1511)
	at com.huanjing.geo.module.dispatch.service.DispatchExecutionService.invokeContentWithOrderedPlatforms(DispatchExecutionService.java:669)
	at com.huanjing.geo.module.dispatch.service.DispatchExecutionService.executeContentGeneration(DispatchExecutionService.java:502)
	at com.huanjing.geo.module.dispatch.service.DispatchExecutionService.execute(DispatchExecutionService.java:141)
	at com.huanjing.geo.module.dispatch.service.DispatchTaskService.processTask(DispatchTaskService.java:148)
	at java.base/jdk.internal.reflect.DirectMethodHandleAccessor.invoke(DirectMethodHandleAccessor.java:103)
	at java.base/java.lang.reflect.Method.invoke(Method.java:580)
	at org.springframework.aop.support.AopUtils.invokeJoinpointUsingReflection(AopUtils.java:354)
	at org.springframework.aop.framework.ReflectiveMethodInvocation.invokeJoinpoint(ReflectiveMethodInvocation.java:196)
	at org.springframework.aop.framework.ReflectiveMethodInvocation.proceed(ReflectiveMethodInvocation.java:163)
	at org.springframework.aop.framework.CglibAopProxy$CglibMethodInvocation.proceed(CglibAopProxy.java:768)
	at org.springframework.transaction.interceptor.TransactionInterceptor$1.proceedWithInvocation(TransactionInterceptor.java:123)
	at org.springframework.transaction.interceptor.TransactionAspectSupport.invokeWithinTransaction(TransactionAspectSupport.java:392)
	at org.springframework.transaction.interceptor.TransactionInterceptor.invoke(TransactionInterceptor.java:119)
	at org.springframework.aop.framework.ReflectiveMethodInvocation.proceed(ReflectiveMethodInvocation.java:184)
	at org.springframework.aop.framework.CglibAopProxy$CglibMethodInvocation.proceed(CglibAopProxy.java:768)
	at org.springframework.aop.framework.CglibAopProxy$DynamicAdvisedInterceptor.intercept(CglibAopProxy.java:720)
	at com.huanjing.geo.module.dispatch.service.DispatchTaskService$$SpringCGLIB$$0.processTask(<generated>)
	at com.huanjing.geo.module.dispatch.service.DispatchWorkerService.lambda$0(DispatchWorkerService.java:48)
	at java.base/java.util.concurrent.Executors$RunnableAdapter.call(Executors.java:572)
	at java.base/java.util.concurrent.FutureTask.run(FutureTask.java:317)
	at java.base/java.util.concurrent.ThreadPoolExecutor.runWorker(ThreadPoolExecutor.java:1144)
	at java.base/java.util.concurrent.ThreadPoolExecutor$Worker.run(ThreadPoolExecutor.java:642)
	at java.base/java.lang.Thread.run(Thread.java:1583)
2026-04-16 18:03:09.898 [pool-3-thread-1] WARN  [] c.h.g.m.d.s.DispatchExecutionService - CONTENT_GENERATION failed task=33, type=faq, err=Missing backup provider
2026-04-16 18:18:16.429 [pool-3-thread-1] WARN  [] c.h.g.m.d.s.DispatchExecutionService - Primary content invocation failed for platform doubao
com.huanjing.geo.common.exception.BizException: Model API invoke failed: request timed out
	at com.huanjing.geo.module.dispatch.service.DispatchExecutionService.invokeModelApi(DispatchExecutionService.java:1740)
	at com.huanjing.geo.module.dispatch.service.DispatchExecutionService.invokeModelApi(DispatchExecutionService.java:1688)
	at com.huanjing.geo.module.dispatch.service.DispatchExecutionService.invokeContentPlatform(DispatchExecutionService.java:1669)
	at com.huanjing.geo.module.dispatch.service.DispatchExecutionService.invokePrimaryContent(DispatchExecutionService.java:1543)
	at com.huanjing.geo.module.dispatch.service.DispatchExecutionService.invokeContentWithFallback(DispatchExecutionService.java:1491)
	at com.huanjing.geo.module.dispatch.service.DispatchExecutionService.invokeContentWithOrderedPlatforms(DispatchExecutionService.java:669)
	at com.huanjing.geo.module.dispatch.service.DispatchExecutionService.executeContentGeneration(DispatchExecutionService.java:502)
	at com.huanjing.geo.module.dispatch.service.DispatchExecutionService.execute(DispatchExecutionService.java:141)
	at com.huanjing.geo.module.dispatch.service.DispatchTaskService.processTask(DispatchTaskService.java:148)
	at java.base/jdk.internal.reflect.DirectMethodHandleAccessor.invoke(DirectMethodHandleAccessor.java:103)
	at java.base/java.lang.reflect.Method.invoke(Method.java:580)
	at org.springframework.aop.support.AopUtils.invokeJoinpointUsingReflection(AopUtils.java:354)
	at org.springframework.aop.framework.ReflectiveMethodInvocation.invokeJoinpoint(ReflectiveMethodInvocation.java:196)
	at org.springframework.aop.framework.ReflectiveMethodInvocation.proceed(ReflectiveMethodInvocation.java:163)
	at org.springframework.aop.framework.CglibAopProxy$CglibMethodInvocation.proceed(CglibAopProxy.java:768)
	at org.springframework.transaction.interceptor.TransactionInterceptor$1.proceedWithInvocation(TransactionInterceptor.java:123)
	at org.springframework.transaction.interceptor.TransactionAspectSupport.invokeWithinTransaction(TransactionAspectSupport.java:392)
	at org.springframework.transaction.interceptor.TransactionInterceptor.invoke(TransactionInterceptor.java:119)
	at org.springframework.aop.framework.ReflectiveMethodInvocation.proceed(ReflectiveMethodInvocation.java:184)
	at org.springframework.aop.framework.CglibAopProxy$CglibMethodInvocation.proceed(CglibAopProxy.java:768)
	at org.springframework.aop.framework.CglibAopProxy$DynamicAdvisedInterceptor.intercept(CglibAopProxy.java:720)
	at com.huanjing.geo.module.dispatch.service.DispatchTaskService$$SpringCGLIB$$0.processTask(<generated>)
	at com.huanjing.geo.module.dispatch.service.DispatchWorkerService.lambda$0(DispatchWorkerService.java:48)
	at java.base/java.util.concurrent.Executors$RunnableAdapter.call(Executors.java:572)
	at java.base/java.util.concurrent.FutureTask.run(FutureTask.java:317)
	at java.base/java.util.concurrent.ThreadPoolExecutor.runWorker(ThreadPoolExecutor.java:1144)
	at java.base/java.util.concurrent.ThreadPoolExecutor$Worker.run(ThreadPoolExecutor.java:642)
	at java.base/java.lang.Thread.run(Thread.java:1583)
2026-04-16 18:18:16.429 [pool-3-thread-1] WARN  [] c.h.g.m.d.s.DispatchExecutionService - Backup key content invocation failed for platform doubao
com.huanjing.geo.common.exception.BizException: Missing backup api key
	at com.huanjing.geo.module.dispatch.service.DispatchExecutionService.invokeBackupKeyContent(DispatchExecutionService.java:1565)
	at com.huanjing.geo.module.dispatch.service.DispatchExecutionService.invokeContentWithFallback(DispatchExecutionService.java:1501)
	at com.huanjing.geo.module.dispatch.service.DispatchExecutionService.invokeContentWithOrderedPlatforms(DispatchExecutionService.java:669)
	at com.huanjing.geo.module.dispatch.service.DispatchExecutionService.executeContentGeneration(DispatchExecutionService.java:502)
	at com.huanjing.geo.module.dispatch.service.DispatchExecutionService.execute(DispatchExecutionService.java:141)
	at com.huanjing.geo.module.dispatch.service.DispatchTaskService.processTask(DispatchTaskService.java:148)
	at java.base/jdk.internal.reflect.DirectMethodHandleAccessor.invoke(DirectMethodHandleAccessor.java:103)
	at java.base/java.lang.reflect.Method.invoke(Method.java:580)
	at org.springframework.aop.support.AopUtils.invokeJoinpointUsingReflection(AopUtils.java:354)
	at org.springframework.aop.framework.ReflectiveMethodInvocation.invokeJoinpoint(ReflectiveMethodInvocation.java:196)
	at org.springframework.aop.framework.ReflectiveMethodInvocation.proceed(ReflectiveMethodInvocation.java:163)
	at org.springframework.aop.framework.CglibAopProxy$CglibMethodInvocation.proceed(CglibAopProxy.java:768)
	at org.springframework.transaction.interceptor.TransactionInterceptor$1.proceedWithInvocation(TransactionInterceptor.java:123)
	at org.springframework.transaction.interceptor.TransactionAspectSupport.invokeWithinTransaction(TransactionAspectSupport.java:392)
	at org.springframework.transaction.interceptor.TransactionInterceptor.invoke(TransactionInterceptor.java:119)
	at org.springframework.aop.framework.ReflectiveMethodInvocation.proceed(ReflectiveMethodInvocation.java:184)
	at org.springframework.aop.framework.CglibAopProxy$CglibMethodInvocation.proceed(CglibAopProxy.java:768)
	at org.springframework.aop.framework.CglibAopProxy$DynamicAdvisedInterceptor.intercept(CglibAopProxy.java:720)
	at com.huanjing.geo.module.dispatch.service.DispatchTaskService$$SpringCGLIB$$0.processTask(<generated>)
	at com.huanjing.geo.module.dispatch.service.DispatchWorkerService.lambda$0(DispatchWorkerService.java:48)
	at java.base/java.util.concurrent.Executors$RunnableAdapter.call(Executors.java:572)
	at java.base/java.util.concurrent.FutureTask.run(FutureTask.java:317)
	at java.base/java.util.concurrent.ThreadPoolExecutor.runWorker(ThreadPoolExecutor.java:1144)
	at java.base/java.util.concurrent.ThreadPoolExecutor$Worker.run(ThreadPoolExecutor.java:642)
	at java.base/java.lang.Thread.run(Thread.java:1583)
2026-04-16 18:18:16.429 [pool-3-thread-1] WARN  [] c.h.g.m.d.s.DispatchExecutionService - Backup provider content invocation failed for platform doubao
com.huanjing.geo.common.exception.BizException: Missing backup provider
	at com.huanjing.geo.module.dispatch.service.DispatchExecutionService.invokeBackupProviderContent(DispatchExecutionService.java:1602)
	at com.huanjing.geo.module.dispatch.service.DispatchExecutionService.invokeContentWithFallback(DispatchExecutionService.java:1511)
	at com.huanjing.geo.module.dispatch.service.DispatchExecutionService.invokeContentWithOrderedPlatforms(DispatchExecutionService.java:669)
	at com.huanjing.geo.module.dispatch.service.DispatchExecutionService.executeContentGeneration(DispatchExecutionService.java:502)
	at com.huanjing.geo.module.dispatch.service.DispatchExecutionService.execute(DispatchExecutionService.java:141)
	at com.huanjing.geo.module.dispatch.service.DispatchTaskService.processTask(DispatchTaskService.java:148)
	at java.base/jdk.internal.reflect.DirectMethodHandleAccessor.invoke(DirectMethodHandleAccessor.java:103)
	at java.base/java.lang.reflect.Method.invoke(Method.java:580)
	at org.springframework.aop.support.AopUtils.invokeJoinpointUsingReflection(AopUtils.java:354)
	at org.springframework.aop.framework.ReflectiveMethodInvocation.invokeJoinpoint(ReflectiveMethodInvocation.java:196)
	at org.springframework.aop.framework.ReflectiveMethodInvocation.proceed(ReflectiveMethodInvocation.java:163)
	at org.springframework.aop.framework.CglibAopProxy$CglibMethodInvocation.proceed(CglibAopProxy.java:768)
	at org.springframework.transaction.interceptor.TransactionInterceptor$1.proceedWithInvocation(TransactionInterceptor.java:123)
	at org.springframework.transaction.interceptor.TransactionAspectSupport.invokeWithinTransaction(TransactionAspectSupport.java:392)
	at org.springframework.transaction.interceptor.TransactionInterceptor.invoke(TransactionInterceptor.java:119)
	at org.springframework.aop.framework.ReflectiveMethodInvocation.proceed(ReflectiveMethodInvocation.java:184)
	at org.springframework.aop.framework.CglibAopProxy$CglibMethodInvocation.proceed(CglibAopProxy.java:768)
	at org.springframework.aop.framework.CglibAopProxy$DynamicAdvisedInterceptor.intercept(CglibAopProxy.java:720)
	at com.huanjing.geo.module.dispatch.service.DispatchTaskService$$SpringCGLIB$$0.processTask(<generated>)
	at com.huanjing.geo.module.dispatch.service.DispatchWorkerService.lambda$0(DispatchWorkerService.java:48)
	at java.base/java.util.concurrent.Executors$RunnableAdapter.call(Executors.java:572)
	at java.base/java.util.concurrent.FutureTask.run(FutureTask.java:317)
	at java.base/java.util.concurrent.ThreadPoolExecutor.runWorker(ThreadPoolExecutor.java:1144)
	at java.base/java.util.concurrent.ThreadPoolExecutor$Worker.run(ThreadPoolExecutor.java:642)
	at java.base/java.lang.Thread.run(Thread.java:1583)
2026-04-16 18:18:16.429 [pool-3-thread-1] WARN  [] c.h.g.m.d.s.DispatchExecutionService - CONTENT_GENERATION failed task=33, type=industry_article, err=Missing backup provider
2026-04-16 18:28:45.407 [pool-3-thread-1] WARN  [] c.h.g.m.d.s.DispatchExecutionService - Primary content invocation failed for platform doubao
com.huanjing.geo.common.exception.BizException: Model API invoke failed: request timed out
	at com.huanjing.geo.module.dispatch.service.DispatchExecutionService.invokeModelApi(DispatchExecutionService.java:1740)
	at com.huanjing.geo.module.dispatch.service.DispatchExecutionService.invokeModelApi(DispatchExecutionService.java:1688)
	at com.huanjing.geo.module.dispatch.service.DispatchExecutionService.invokeContentPlatform(DispatchExecutionService.java:1669)
	at com.huanjing.geo.module.dispatch.service.DispatchExecutionService.invokePrimaryContent(DispatchExecutionService.java:1543)
	at com.huanjing.geo.module.dispatch.service.DispatchExecutionService.invokeContentWithFallback(DispatchExecutionService.java:1491)
	at com.huanjing.geo.module.dispatch.service.DispatchExecutionService.invokeContentWithOrderedPlatforms(DispatchExecutionService.java:669)
	at com.huanjing.geo.module.dispatch.service.DispatchExecutionService.executeContentGeneration(DispatchExecutionService.java:502)
	at com.huanjing.geo.module.dispatch.service.DispatchExecutionService.execute(DispatchExecutionService.java:141)
	at com.huanjing.geo.module.dispatch.service.DispatchTaskService.processTask(DispatchTaskService.java:148)
	at java.base/jdk.internal.reflect.DirectMethodHandleAccessor.invoke(DirectMethodHandleAccessor.java:103)
	at java.base/java.lang.reflect.Method.invoke(Method.java:580)
	at org.springframework.aop.support.AopUtils.invokeJoinpointUsingReflection(AopUtils.java:354)
	at org.springframework.aop.framework.ReflectiveMethodInvocation.invokeJoinpoint(ReflectiveMethodInvocation.java:196)
	at org.springframework.aop.framework.ReflectiveMethodInvocation.proceed(ReflectiveMethodInvocation.java:163)
	at org.springframework.aop.framework.CglibAopProxy$CglibMethodInvocation.proceed(CglibAopProxy.java:768)
	at org.springframework.transaction.interceptor.TransactionInterceptor$1.proceedWithInvocation(TransactionInterceptor.java:123)
	at org.springframework.transaction.interceptor.TransactionAspectSupport.invokeWithinTransaction(TransactionAspectSupport.java:392)
	at org.springframework.transaction.interceptor.TransactionInterceptor.invoke(TransactionInterceptor.java:119)
	at org.springframework.aop.framework.ReflectiveMethodInvocation.proceed(ReflectiveMethodInvocation.java:184)
	at org.springframework.aop.framework.CglibAopProxy$CglibMethodInvocation.proceed(CglibAopProxy.java:768)
	at org.springframework.aop.framework.CglibAopProxy$DynamicAdvisedInterceptor.intercept(CglibAopProxy.java:720)
	at com.huanjing.geo.module.dispatch.service.DispatchTaskService$$SpringCGLIB$$0.processTask(<generated>)
	at com.huanjing.geo.module.dispatch.service.DispatchWorkerService.lambda$0(DispatchWorkerService.java:48)
	at java.base/java.util.concurrent.Executors$RunnableAdapter.call(Executors.java:572)
	at java.base/java.util.concurrent.FutureTask.run(FutureTask.java:317)
	at java.base/java.util.concurrent.ThreadPoolExecutor.runWorker(ThreadPoolExecutor.java:1144)
	at java.base/java.util.concurrent.ThreadPoolExecutor$Worker.run(ThreadPoolExecutor.java:642)
	at java.base/java.lang.Thread.run(Thread.java:1583)
2026-04-16 18:28:45.407 [pool-3-thread-1] WARN  [] c.h.g.m.d.s.DispatchExecutionService - Backup key content invocation failed for platform doubao
com.huanjing.geo.common.exception.BizException: Missing backup api key
	at com.huanjing.geo.module.dispatch.service.DispatchExecutionService.invokeBackupKeyContent(DispatchExecutionService.java:1565)
	at com.huanjing.geo.module.dispatch.service.DispatchExecutionService.invokeContentWithFallback(DispatchExecutionService.java:1501)
	at com.huanjing.geo.module.dispatch.service.DispatchExecutionService.invokeContentWithOrderedPlatforms(DispatchExecutionService.java:669)
	at com.huanjing.geo.module.dispatch.service.DispatchExecutionService.executeContentGeneration(DispatchExecutionService.java:502)
	at com.huanjing.geo.module.dispatch.service.DispatchExecutionService.execute(DispatchExecutionService.java:141)
	at com.huanjing.geo.module.dispatch.service.DispatchTaskService.processTask(DispatchTaskService.java:148)
	at java.base/jdk.internal.reflect.DirectMethodHandleAccessor.invoke(DirectMethodHandleAccessor.java:103)
	at java.base/java.lang.reflect.Method.invoke(Method.java:580)
	at org.springframework.aop.support.AopUtils.invokeJoinpointUsingReflection(AopUtils.java:354)
	at org.springframework.aop.framework.ReflectiveMethodInvocation.invokeJoinpoint(ReflectiveMethodInvocation.java:196)
	at org.springframework.aop.framework.ReflectiveMethodInvocation.proceed(ReflectiveMethodInvocation.java:163)
	at org.springframework.aop.framework.CglibAopProxy$CglibMethodInvocation.proceed(CglibAopProxy.java:768)
	at org.springframework.transaction.interceptor.TransactionInterceptor$1.proceedWithInvocation(TransactionInterceptor.java:123)
	at org.springframework.transaction.interceptor.TransactionAspectSupport.invokeWithinTransaction(TransactionAspectSupport.java:392)
	at org.springframework.transaction.interceptor.TransactionInterceptor.invoke(TransactionInterceptor.java:119)
	at org.springframework.aop.framework.ReflectiveMethodInvocation.proceed(ReflectiveMethodInvocation.java:184)
	at org.springframework.aop.framework.CglibAopProxy$CglibMethodInvocation.proceed(CglibAopProxy.java:768)
	at org.springframework.aop.framework.CglibAopProxy$DynamicAdvisedInterceptor.intercept(CglibAopProxy.java:720)
	at com.huanjing.geo.module.dispatch.service.DispatchTaskService$$SpringCGLIB$$0.processTask(<generated>)
	at com.huanjing.geo.module.dispatch.service.DispatchWorkerService.lambda$0(DispatchWorkerService.java:48)
	at java.base/java.util.concurrent.Executors$RunnableAdapter.call(Executors.java:572)
	at java.base/java.util.concurrent.FutureTask.run(FutureTask.java:317)
	at java.base/java.util.concurrent.ThreadPoolExecutor.runWorker(ThreadPoolExecutor.java:1144)
	at java.base/java.util.concurrent.ThreadPoolExecutor$Worker.run(ThreadPoolExecutor.java:642)
	at java.base/java.lang.Thread.run(Thread.java:1583)
2026-04-16 18:28:45.407 [pool-3-thread-1] WARN  [] c.h.g.m.d.s.DispatchExecutionService - Backup provider content invocation failed for platform doubao
com.huanjing.geo.common.exception.BizException: Missing backup provider
	at com.huanjing.geo.module.dispatch.service.DispatchExecutionService.invokeBackupProviderContent(DispatchExecutionService.java:1602)
	at com.huanjing.geo.module.dispatch.service.DispatchExecutionService.invokeContentWithFallback(DispatchExecutionService.java:1511)
	at com.huanjing.geo.module.dispatch.service.DispatchExecutionService.invokeContentWithOrderedPlatforms(DispatchExecutionService.java:669)
	at com.huanjing.geo.module.dispatch.service.DispatchExecutionService.executeContentGeneration(DispatchExecutionService.java:502)
	at com.huanjing.geo.module.dispatch.service.DispatchExecutionService.execute(DispatchExecutionService.java:141)
	at com.huanjing.geo.module.dispatch.service.DispatchTaskService.processTask(DispatchTaskService.java:148)
	at java.base/jdk.internal.reflect.DirectMethodHandleAccessor.invoke(DirectMethodHandleAccessor.java:103)
	at java.base/java.lang.reflect.Method.invoke(Method.java:580)
	at org.springframework.aop.support.AopUtils.invokeJoinpointUsingReflection(AopUtils.java:354)
	at org.springframework.aop.framework.ReflectiveMethodInvocation.invokeJoinpoint(ReflectiveMethodInvocation.java:196)
	at org.springframework.aop.framework.ReflectiveMethodInvocation.proceed(ReflectiveMethodInvocation.java:163)
	at org.springframework.aop.framework.CglibAopProxy$CglibMethodInvocation.proceed(CglibAopProxy.java:768)
	at org.springframework.transaction.interceptor.TransactionInterceptor$1.proceedWithInvocation(TransactionInterceptor.java:123)
	at org.springframework.transaction.interceptor.TransactionAspectSupport.invokeWithinTransaction(TransactionAspectSupport.java:392)
	at org.springframework.transaction.interceptor.TransactionInterceptor.invoke(TransactionInterceptor.java:119)
	at org.springframework.aop.framework.ReflectiveMethodInvocation.proceed(ReflectiveMethodInvocation.java:184)
	at org.springframework.aop.framework.CglibAopProxy$CglibMethodInvocation.proceed(CglibAopProxy.java:768)
	at org.springframework.aop.framework.CglibAopProxy$DynamicAdvisedInterceptor.intercept(CglibAopProxy.java:720)
	at com.huanjing.geo.module.dispatch.service.DispatchTaskService$$SpringCGLIB$$0.processTask(<generated>)
	at com.huanjing.geo.module.dispatch.service.DispatchWorkerService.lambda$0(DispatchWorkerService.java:48)
	at java.base/java.util.concurrent.Executors$RunnableAdapter.call(Executors.java:572)
	at java.base/java.util.concurrent.FutureTask.run(FutureTask.java:317)
	at java.base/java.util.concurrent.ThreadPoolExecutor.runWorker(ThreadPoolExecutor.java:1144)
	at java.base/java.util.concurrent.ThreadPoolExecutor$Worker.run(ThreadPoolExecutor.java:642)
	at java.base/java.lang.Thread.run(Thread.java:1583)
2026-04-16 18:28:45.407 [pool-3-thread-1] WARN  [] c.h.g.m.d.s.DispatchExecutionService - CONTENT_GENERATION failed task=33, type=industry_article, err=Missing backup provider
2026-04-16 18:40:57.485 [http-nio-8080-exec-9] WARN  [08ad9ad123574646a8ce69f87e182d5e] c.h.g.c.e.GlobalExceptionHandler - Business exception code=404 path=/api/public/dashboard/dash_7f76e4ebd67b4fde830da4ccd0963ebb/summary method=GET ip=0:0:0:0:0:0:0:1 msg=Dashboard share not found
2026-04-16 18:40:57.616 [http-nio-8080-exec-10] WARN  [f9086451f25d4a23859ba9ead5cb3302] c.h.g.c.e.GlobalExceptionHandler - Business exception code=404 path=/api/public/dashboard/dash_7f76e4ebd67b4fde830da4ccd0963ebb/trend method=GET ip=0:0:0:0:0:0:0:1 msg=Dashboard share not found
2026-04-16 18:40:57.699 [http-nio-8080-exec-8] WARN  [7ccc2d40929447ceb1363a02673ab9d0] c.h.g.c.e.GlobalExceptionHandler - Business exception code=404 path=/api/public/dashboard/dash_7f76e4ebd67b4fde830da4ccd0963ebb/details method=GET ip=0:0:0:0:0:0:0:1 msg=Dashboard share not found
2026-04-16 18:41:02.748 [http-nio-8080-exec-1] WARN  [45346b796a8f4b159e54cdb1c6b182b1] c.h.g.c.e.GlobalExceptionHandler - Business exception code=404 path=/api/public/dashboard/dash_7f76e4ebd67b4fde830da4ccd0963ebb/summary method=GET ip=0:0:0:0:0:0:0:1 msg=Dashboard share not found
2026-04-16 18:41:02.748 [http-nio-8080-exec-2] WARN  [eaedefce3d21413abac19b6830421171] c.h.g.c.e.GlobalExceptionHandler - Business exception code=404 path=/api/public/dashboard/dash_7f76e4ebd67b4fde830da4ccd0963ebb/trend method=GET ip=0:0:0:0:0:0:0:1 msg=Dashboard share not found
2026-04-16 18:41:02.749 [http-nio-8080-exec-5] WARN  [e6d5a3baf472407fa039ce6c69663a73] c.h.g.c.e.GlobalExceptionHandler - Business exception code=404 path=/api/public/dashboard/dash_7f76e4ebd67b4fde830da4ccd0963ebb/details method=GET ip=0:0:0:0:0:0:0:1 msg=Dashboard share not found
