2026-04-16 11:18:03.849 [http-nio-8080-exec-1] INFO  [a9850df446d54479ad8e3d68e188a8b5] http.access - http_request traceId=a9850df446d54479ad8e3d68e188a8b5 userId=null method=GET path=/api/health ip=127.0.0.1 headers={user-agent=Mozilla/5.0 (Windows NT; Windows NT 10.0; zh-CN) WindowsPowerShell/5.1.19041.6456, host=127.0.0.1:8080, connection=Keep-Alive} body=
2026-04-16 11:18:03.849 [http-nio-8080-exec-1] INFO  [a9850df446d54479ad8e3d68e188a8b5] http.access - http_response traceId=a9850df446d54479ad8e3d68e188a8b5 userId=null method=GET path=/api/health status=200 costMs=51 body={"code":0,"message":"success","data":{"status":"UP","service":"geo-server"}}
2026-04-16 11:18:05.891 [http-nio-8080-exec-3] INFO  [6f6baeb41c084ec98d980fb0fb8ffcc3] http.access - http_request traceId=6f6baeb41c084ec98d980fb0fb8ffcc3 userId=5 method=GET path=/api/dispatch/monitor/alerts?current=1&size=1&rangeType=last7&status=open ip=0:0:0:0:0:0:0:1 headers={host=localhost:8080, connection=close, sec-ch-ua-platform="Windows", authorization=***, user-agent=Mozilla/5.0 (Windows NT 10.0; Win64; x64) AppleWebKit/537.36 (KHTML, like Gecko) Chrome/147.0.0.0 Safari/537.36, accept=application/json, text/plain, */*, sec-ch-ua="Google Chrome";v="147", "Not.A/Brand";v="8", "Chromium";v="147", sec-ch-ua-mobile=?0, sec-fetch-site=same-origin, sec-fetch-mode=cors, sec-fetch-dest=empty, referer=http://localhost:3000/admin/keyword-groups, accept-encoding=gzip, deflate, br, zstd, accept-language=zh-CN,zh;q=0.9} body=
2026-04-16 11:18:05.892 [http-nio-8080-exec-3] INFO  [6f6baeb41c084ec98d980fb0fb8ffcc3] http.access - http_response traceId=6f6baeb41c084ec98d980fb0fb8ffcc3 userId=5 method=GET path=/api/dispatch/monitor/alerts?current=1&size=1&rangeType=last7&status=open status=200 costMs=147 body={"code":0,"message":"success","data":{"records":[{"id":6,"alertCode":"ALT17762374144004334","taskId":17,"projectId":7,"projectName":"项目名称1","severity":"warn","status":"open","title":"Dispatch task failed and will retry","content":"Question strategy generation failed for questionIds=10","retryCount":1,"contextJson":"{\"mode\": \"batch\", \"force\": false, \"triggerSource\": \"question_pool_confirm\", \"questionVersionId\": 6}","createdAt":"2026-04-15T15:16:54"}],"total":4,"size":1,"current":1,"pages":4}}
2026-04-16 11:18:52.359 [http-nio-8080-exec-4] INFO  [651891145c614c559454e347af118863] http.access - http_request traceId=651891145c614c559454e347af118863 userId=null method=POST path=/api/auth/login ip=127.0.0.1 headers={user-agent=Mozilla/5.0 (Windows NT; Windows NT 10.0; zh-CN) WindowsPowerShell/5.1.19041.6456, content-type=application/json, host=127.0.0.1:8080, content-length=60, expect=100-continue, connection=Keep-Alive} body={
    "password":  "***",
    "username":  "admin"
}
2026-04-16 11:18:52.360 [http-nio-8080-exec-4] INFO  [651891145c614c559454e347af118863] http.access - http_response traceId=651891145c614c559454e347af118863 userId=null method=POST path=/api/auth/login status=200 costMs=170 body={"code":0,"message":"success","data":{"accessToken":"***","refreshToken":"***","user":{"id":1,"username":"admin","displayName":"System Admin","role":"super_admin","permissions":["dispatch.alert.resolve","project.write","question_pool.core.delete","dispatch.task.replay.dead_letter","project.status.close","project.read","keyword_group.read","*","project.status.activate","question_pool.core.confirm","company.read","keyword_affix.manage","partner.read","brand.statement.lock","keyword_group.write","report.review","company.write","user.manage","partner.write"]}}}
2026-04-16 11:18:52.472 [http-nio-8080-exec-5] INFO  [13adc81c5df64cb79d92e9b220af7641] http.access - http_request traceId=13adc81c5df64cb79d92e9b220af7641 userId=1 method=POST path=/api/keyword-groups/preview ip=127.0.0.1 headers={authorization=***, user-agent=Mozilla/5.0 (Windows NT; Windows NT 10.0; zh-CN) WindowsPowerShell/5.1.19041.6456, content-type=application/json, host=127.0.0.1:8080, content-length=2815, expect=100-continue} body={
    "name":  "???????_20260416111852",
    "columns":  {
                    "prefixWords":  [
                                        {
                                            "sortOrder":  10,
                                            "source":  "custom",
                                            "wordText":  "??"
                                        }
                                    ],
                    "suffixWords":  [
                                        {
                                            "sortOrder":  10,
                                            "source":  "custom",
                                            "wordText":  "???"
                                        },
                                        {
                                            "sortOrder":  20,
                                            "source":  "custom",
                                            "wordText":  "??"
                                        }
                                    ],
                    "regionWords":  [
                                        {
                                            "sortOrder":  10,
                                            "source":  "custom",
                                            "wordText":  "??"
                                        },
                                        {
                                            "sortOrder":  20,
                                            "source":  "custom",
                                            "wordText":  "??"
                                        }
                                    ],
                    "industryWords":  [
                                          {
                                              "sortOrder":  10,
                                              "source":  "custom",
                                              "wordText":  "??"
                        ...(truncated)
2026-04-16 11:18:52.472 [http-nio-8080-exec-5] INFO  [13adc81c5df64cb79d92e9b220af7641] http.access - http_response traceId=13adc81c5df64cb79d92e9b220af7641 userId=1 method=POST path=/api/keyword-groups/preview status=200 costMs=35 body={"code":0,"message":"success","data":{"totalEstimated":4,"totalAvailable":3,"totalGenerated":3,"keywords":["???????????","????????????","??????????"]}}
2026-04-16 11:18:52.485 [http-nio-8080-exec-6] INFO  [d7882ecddfaa4260840eb17a4034aef2] http.access - http_request traceId=d7882ecddfaa4260840eb17a4034aef2 userId=1 method=POST path=/api/keyword-groups/preview ip=127.0.0.1 headers={authorization=***, user-agent=Mozilla/5.0 (Windows NT; Windows NT 10.0; zh-CN) WindowsPowerShell/5.1.19041.6456, content-type=application/json, host=127.0.0.1:8080, content-length=2815, expect=100-continue} body={
    "name":  "???????_20260416111852",
    "columns":  {
                    "prefixWords":  [
                                        {
                                            "sortOrder":  10,
                                            "source":  "custom",
                                            "wordText":  "??"
                                        }
                                    ],
                    "suffixWords":  [
                                        {
                                            "sortOrder":  10,
                                            "source":  "custom",
                                            "wordText":  "???"
                                        },
                                        {
                                            "sortOrder":  20,
                                            "source":  "custom",
                                            "wordText":  "??"
                                        }
                                    ],
                    "regionWords":  [
                                        {
                                            "sortOrder":  10,
                                            "source":  "custom",
                                            "wordText":  "??"
                                        },
                                        {
                                            "sortOrder":  20,
                                            "source":  "custom",
                                            "wordText":  "??"
                                        }
                                    ],
                    "industryWords":  [
                                          {
                                              "sortOrder":  10,
                                              "source":  "custom",
                                              "wordText":  "??"
                        ...(truncated)
2026-04-16 11:18:52.485 [http-nio-8080-exec-6] INFO  [d7882ecddfaa4260840eb17a4034aef2] http.access - http_response traceId=d7882ecddfaa4260840eb17a4034aef2 userId=1 method=POST path=/api/keyword-groups/preview status=200 costMs=10 body={"code":0,"message":"success","data":{"totalEstimated":4,"totalAvailable":3,"totalGenerated":3,"keywords":["??????????","????????????","???????????"]}}
2026-04-16 11:18:52.568 [http-nio-8080-exec-7] INFO  [3447563a6fe3432ca5ecf33ff13870ec] http.access - http_request traceId=3447563a6fe3432ca5ecf33ff13870ec userId=1 method=POST path=/api/keyword-groups ip=127.0.0.1 headers={authorization=***, user-agent=Mozilla/5.0 (Windows NT; Windows NT 10.0; zh-CN) WindowsPowerShell/5.1.19041.6456, content-type=application/json, host=127.0.0.1:8080, content-length=2996, expect=100-continue} body={
    "name":  "???????_20260416111852",
    "columns":  {
                    "prefixWords":  [
                                        {
                                            "sortOrder":  10,
                                            "source":  "custom",
                                            "wordText":  "??"
                                        }
                                    ],
                    "suffixWords":  [
                                        {
                                            "sortOrder":  10,
                                            "source":  "custom",
                                            "wordText":  "???"
                                        },
                                        {
                                            "sortOrder":  20,
                                            "source":  "custom",
                                            "wordText":  "??"
                                        }
                                    ],
                    "regionWords":  [
                                        {
                                            "sortOrder":  10,
                                            "source":  "custom",
                                            "wordText":  "??"
                                        },
                                        {
                                            "sortOrder":  20,
                                            "source":  "custom",
                                            "wordText":  "??"
                                        }
                                    ],
                    "industryWords":  [
                                          {
                                              "sortOrder":  10,
                                              "source":  "custom",
                                              "wordText":  "??"
                        ...(truncated)
2026-04-16 11:18:52.569 [http-nio-8080-exec-7] INFO  [3447563a6fe3432ca5ecf33ff13870ec] http.access - http_response traceId=3447563a6fe3432ca5ecf33ff13870ec userId=1 method=POST path=/api/keyword-groups status=200 costMs=53 body={"code":0,"message":"success","data":{"id":3,"companyId":5,"companyName":"公司测试1","name":"???????_20260416111852","type":"qa","remark":"codex api smoke test","columns":{"regionWords":[{"id":26,"wordText":"??","source":"custom","sortOrder":10}],"prefixWords":[{"id":27,"wordText":"??","source":"custom","sortOrder":10}],"coreWords":[{"id":28,"wordText":"??","source":"custom","sortOrder":10}],"industryWords":[{"id":29,"wordText":"??","source":"custom","sortOrder":10},{"id":30,"wordText":"???","source":"custom","sortOrder":20}],"suffixWords":[{"id":31,"wordText":"???","source":"custom","sortOrder":10},{"id":32,"wordText":"??","source":"custom","sortOrder":20}]},"estimatedKeywordCount":4,"savedKeywordCount":3,"createdAt":"2026-04-16T11:18:52","updatedAt":"2026-04-16T11:18:52"}}
2026-04-16 11:18:52.588 [http-nio-8080-exec-8] INFO  [c97c46bb5f9f42439a7a72706aa52098] http.access - http_request traceId=c97c46bb5f9f42439a7a72706aa52098 userId=1 method=GET path=/api/keyword-groups/3 ip=127.0.0.1 headers={authorization=***, user-agent=Mozilla/5.0 (Windows NT; Windows NT 10.0; zh-CN) WindowsPowerShell/5.1.19041.6456, host=127.0.0.1:8080} body=
2026-04-16 11:18:52.588 [http-nio-8080-exec-8] INFO  [c97c46bb5f9f42439a7a72706aa52098] http.access - http_response traceId=c97c46bb5f9f42439a7a72706aa52098 userId=1 method=GET path=/api/keyword-groups/3 status=200 costMs=16 body={"code":0,"message":"success","data":{"id":3,"companyId":5,"companyName":"公司测试1","name":"???????_20260416111852","type":"qa","remark":"codex api smoke test","columns":{"regionWords":[{"id":26,"wordText":"??","source":"custom","sortOrder":10}],"prefixWords":[{"id":27,"wordText":"??","source":"custom","sortOrder":10}],"coreWords":[{"id":28,"wordText":"??","source":"custom","sortOrder":10}],"industryWords":[{"id":29,"wordText":"??","source":"custom","sortOrder":10},{"id":30,"wordText":"???","source":"custom","sortOrder":20}],"suffixWords":[{"id":31,"wordText":"???","source":"custom","sortOrder":10},{"id":32,"wordText":"??","source":"custom","sortOrder":20}]},"estimatedKeywordCount":4,"savedKeywordCount":3,"createdAt":"2026-04-16T11:18:52","updatedAt":"2026-04-16T11:18:52"}}
2026-04-16 11:18:52.611 [http-nio-8080-exec-9] INFO  [5192362fb7c64e35821eed7b89ae8ee7] http.access - http_request traceId=5192362fb7c64e35821eed7b89ae8ee7 userId=1 method=GET path=/api/keyword-groups?current=1&size=20&companyId=5 ip=127.0.0.1 headers={authorization=***, user-agent=Mozilla/5.0 (Windows NT; Windows NT 10.0; zh-CN) WindowsPowerShell/5.1.19041.6456, host=127.0.0.1:8080} body=
2026-04-16 11:18:52.611 [http-nio-8080-exec-9] INFO  [5192362fb7c64e35821eed7b89ae8ee7] http.access - http_response traceId=5192362fb7c64e35821eed7b89ae8ee7 userId=1 method=GET path=/api/keyword-groups?current=1&size=20&companyId=5 status=200 costMs=20 body={"code":0,"message":"success","data":{"records":[{"id":3,"companyId":5,"companyName":"公司测试1","name":"???????_20260416111852","type":"qa","remark":"codex api smoke test","estimatedKeywordCount":4,"savedKeywordCount":3,"createdAt":"2026-04-16T11:18:52","updatedAt":"2026-04-16T11:18:52"},{"id":2,"companyId":5,"companyName":"公司测试1","name":"公司测试拓词组1","type":"qa","estimatedKeywordCount":140,"savedKeywordCount":0,"createdAt":"2026-04-16T10:53:46","updatedAt":"2026-04-16T10:53:46"}],"total":2,"size":20,"current":1,"pages":1}}
2026-04-16 11:18:52.655 [http-nio-8080-exec-10] INFO  [940d243560d446b2a28df4dde1068f81] http.access - http_request traceId=940d243560d446b2a28df4dde1068f81 userId=1 method=GET path=/api/projects/7 ip=127.0.0.1 headers={authorization=***, user-agent=Mozilla/5.0 (Windows NT; Windows NT 10.0; zh-CN) WindowsPowerShell/5.1.19041.6456, host=127.0.0.1:8080} body=
2026-04-16 11:18:52.656 [http-nio-8080-exec-10] INFO  [940d243560d446b2a28df4dde1068f81] http.access - http_response traceId=940d243560d446b2a28df4dde1068f81 userId=1 method=GET path=/api/projects/7 status=200 costMs=27 body={"code":0,"message":"success","data":{"id":7,"projectCode":"PRJ17762374137877755","companyId":5,"companyName":"公司测试1","brandId":6,"brandName":"品牌名称","projectName":"项目名称1","projectAliases":"项目名称2","packageType":"standard_12800","packagePrice":12800.00,"serviceMonths":12,"planQuestionPoolSize":300,"planCoreQuestionCount":60,"planPlatformP0Count":1,"planPlatformP1Count":1,"planPlatformP2Count":1,"planPerQuestionPlatformCalls":1,"planPerQuestionCallsP0":1,"planPerQuestionCallsP1":1,"planPerQuestionCallsP2":1,"planBiweeklyFrequency":1,"planMonthlyReportDepth":"L2","planQuarterlyReportDepth":"L2","planConsultantIntensity":"L2","planCompetitorInsightDepth":"L2","planMediaDistributionIntensity":"L2","planCommitmentTargetIntensity":"L2","planTargetMetricType":"brand_mention_rate","planTargetMetricValue":0.1200,"planTargetWindowDays":90,"status":"paused","stage":"pending_start","ownerType":"direct","sourceType":"internal","contentGenerationEnabled":true,"provinceCode":"14","provinceName":"山西省","cityCode":"1403","cityName":"阳泉市","districtCode":"140321","districtName":"平定县","deductionAmount":0.00,"deliveryMode":"managed","signedAt":"2026-04-15T15:16:54","createdBy":5,"createdAt":"2026-04-15T15:16:53","updatedAt":"2026-04-15T15:16:53","selectedPlatformCodesP0":["deepseek"],"selectedPlatformCodesP1":["360_brain"],"selectedPlatformCodesP2":["minimax"],"selectedKeywordGroupIds":[],"selectedKeywordGroupCount":0,"selectedKeywordSavedKeywords":0}}
2026-04-16 11:18:52.751 [http-nio-8080-exec-1] INFO  [eb2a9796a8cc4c9192f308e5d6d3db44] http.access - http_request traceId=eb2a9796a8cc4c9192f308e5d6d3db44 userId=1 method=PUT path=/api/projects/7 ip=127.0.0.1 headers={authorization=***, user-agent=Mozilla/5.0 (Windows NT; Windows NT 10.0; zh-CN) WindowsPowerShell/5.1.19041.6456, content-type=application/json, host=127.0.0.1:8080, content-length=1023, expect=100-continue} body={
    "packagePrice":  12800.00,
    "signedAt":  "2026-04-15T15:16:54",
    "serviceMonths":  12,
    "districtName":  "平定县",
    "packageType":  "standard_12800",
    "remark":  null,
    "endDate":  null,
    "keywordGroupIds":  [
                            3
                        ],
    "companyId":  5,
    "provinceCode":  "14",
    "primaryGoal":  null,
    "cityCode":  "1403",
    "selectedPlatformCodesP1":  [
                                    "360_brain"
                                ],
    "districtCode":  "140321",
    "deliveryMode":  "managed",
    "selectedPlatformCodesP2":  [
                                    "minimax"
                                ],
    "selectedPlatformCodesP0":  [
                                    "deepseek"
                                ],
    "projectAliases":  "项目名称2",
    "projectName":  "项目名称1",
    "brandId":  6,
    "startDate":  null,
    "provinceName":  "山西省",
    "cityName":  "阳泉市"
}
2026-04-16 11:18:52.751 [http-nio-8080-exec-1] INFO  [eb2a9796a8cc4c9192f308e5d6d3db44] http.access - http_response traceId=eb2a9796a8cc4c9192f308e5d6d3db44 userId=1 method=PUT path=/api/projects/7 status=200 costMs=70 body={"code":0,"message":"success","data":{"id":7,"projectCode":"PRJ17762374137877755","companyId":5,"companyName":"公司测试1","brandId":6,"brandName":"品牌名称","projectName":"项目名称1","projectAliases":"项目名称2","packageType":"standard_12800","packagePrice":12800.00,"serviceMonths":12,"planQuestionPoolSize":300,"planCoreQuestionCount":60,"planPlatformP0Count":1,"planPlatformP1Count":1,"planPlatformP2Count":1,"planPerQuestionPlatformCalls":1,"planPerQuestionCallsP0":1,"planPerQuestionCallsP1":1,"planPerQuestionCallsP2":1,"planBiweeklyFrequency":1,"planMonthlyReportDepth":"L2","planQuarterlyReportDepth":"L2","planConsultantIntensity":"L2","planCompetitorInsightDepth":"L2","planMediaDistributionIntensity":"L2","planCommitmentTargetIntensity":"L2","planTargetMetricType":"brand_mention_rate","planTargetMetricValue":0.1200,"planTargetWindowDays":90,"status":"paused","stage":"pending_start","ownerType":"direct","sourceType":"internal","contentGenerationEnabled":true,"provinceCode":"14","provinceName":"山西省","cityCode":"1403","cityName":"阳泉市","districtCode":"140321","districtName":"平定县","deductionAmount":0.00,"deliveryMode":"managed","signedAt":"2026-04-15T15:16:54","createdBy":5,"createdAt":"2026-04-15T15:16:53","updatedAt":"2026-04-15T15:16:53","selectedPlatformCodesP0":["deepseek"],"selectedPlatformCodesP1":["360_brain"],"selectedPlatformCodesP2":["minimax"],"selectedKeywordGroupIds":[3],"selectedKeywordGroupCount":1,"selectedKeywordSavedKeywords":3}}
2026-04-16 11:18:52.764 [http-nio-8080-exec-2] INFO  [c248061f52c0463bbe009388759236fd] http.access - http_request traceId=c248061f52c0463bbe009388759236fd userId=1 method=GET path=/api/projects/7 ip=127.0.0.1 headers={authorization=***, user-agent=Mozilla/5.0 (Windows NT; Windows NT 10.0; zh-CN) WindowsPowerShell/5.1.19041.6456, host=127.0.0.1:8080} body=
2026-04-16 11:18:52.764 [http-nio-8080-exec-2] INFO  [c248061f52c0463bbe009388759236fd] http.access - http_response traceId=c248061f52c0463bbe009388759236fd userId=1 method=GET path=/api/projects/7 status=200 costMs=12 body={"code":0,"message":"success","data":{"id":7,"projectCode":"PRJ17762374137877755","companyId":5,"companyName":"公司测试1","brandId":6,"brandName":"品牌名称","projectName":"项目名称1","projectAliases":"项目名称2","packageType":"standard_12800","packagePrice":12800.00,"serviceMonths":12,"planQuestionPoolSize":300,"planCoreQuestionCount":60,"planPlatformP0Count":1,"planPlatformP1Count":1,"planPlatformP2Count":1,"planPerQuestionPlatformCalls":1,"planPerQuestionCallsP0":1,"planPerQuestionCallsP1":1,"planPerQuestionCallsP2":1,"planBiweeklyFrequency":1,"planMonthlyReportDepth":"L2","planQuarterlyReportDepth":"L2","planConsultantIntensity":"L2","planCompetitorInsightDepth":"L2","planMediaDistributionIntensity":"L2","planCommitmentTargetIntensity":"L2","planTargetMetricType":"brand_mention_rate","planTargetMetricValue":0.1200,"planTargetWindowDays":90,"status":"paused","stage":"pending_start","ownerType":"direct","sourceType":"internal","contentGenerationEnabled":true,"provinceCode":"14","provinceName":"山西省","cityCode":"1403","cityName":"阳泉市","districtCode":"140321","districtName":"平定县","deductionAmount":0.00,"deliveryMode":"managed","signedAt":"2026-04-15T15:16:54","createdBy":5,"createdAt":"2026-04-15T15:16:53","updatedAt":"2026-04-15T15:16:53","selectedPlatformCodesP0":["deepseek"],"selectedPlatformCodesP1":["360_brain"],"selectedPlatformCodesP2":["minimax"],"selectedKeywordGroupIds":[3],"selectedKeywordGroupCount":1,"selectedKeywordSavedKeywords":3}}
2026-04-16 11:19:13.357 [http-nio-8080-exec-4] INFO  [39917c32712346f485df0a54449adec3] http.access - http_request traceId=39917c32712346f485df0a54449adec3 userId=null method=POST path=/api/auth/login ip=127.0.0.1 headers={user-agent=Mozilla/5.0 (Windows NT; Windows NT 10.0; zh-CN) WindowsPowerShell/5.1.19041.6456, content-type=application/json, host=127.0.0.1:8080, content-length=60, expect=100-continue, connection=Keep-Alive} body={
    "password":  "***",
    "username":  "admin"
}
2026-04-16 11:19:13.357 [http-nio-8080-exec-4] INFO  [39917c32712346f485df0a54449adec3] http.access - http_response traceId=39917c32712346f485df0a54449adec3 userId=null method=POST path=/api/auth/login status=200 costMs=84 body={"code":0,"message":"success","data":{"accessToken":"***","refreshToken":"***","user":{"id":1,"username":"admin","displayName":"System Admin","role":"super_admin","permissions":["dispatch.alert.resolve","project.write","question_pool.core.delete","dispatch.task.replay.dead_letter","project.status.close","project.read","keyword_group.read","*","project.status.activate","question_pool.core.confirm","company.read","keyword_affix.manage","partner.read","brand.statement.lock","keyword_group.write","report.review","company.write","user.manage","partner.write"]}}}
2026-04-16 11:19:13.365 [http-nio-8080-exec-5] INFO  [9f47df52885a46cca23b1a30f6820b68] http.access - http_request traceId=9f47df52885a46cca23b1a30f6820b68 userId=null method=POST path=/api/auth/login ip=127.0.0.1 headers={user-agent=Mozilla/5.0 (Windows NT; Windows NT 10.0; zh-CN) WindowsPowerShell/5.1.19041.6456, content-type=application/json, host=127.0.0.1:8080, content-length=60, expect=100-continue, connection=Keep-Alive} body={
    "password":  "***",
    "username":  "admin"
}
2026-04-16 11:19:13.365 [http-nio-8080-exec-5] INFO  [9f47df52885a46cca23b1a30f6820b68] http.access - http_response traceId=9f47df52885a46cca23b1a30f6820b68 userId=null method=POST path=/api/auth/login status=200 costMs=84 body={"code":0,"message":"success","data":{"accessToken":"***","refreshToken":"***","user":{"id":1,"username":"admin","displayName":"System Admin","role":"super_admin","permissions":["dispatch.alert.resolve","project.write","question_pool.core.delete","dispatch.task.replay.dead_letter","project.status.close","project.read","keyword_group.read","*","project.status.activate","question_pool.core.confirm","company.read","keyword_affix.manage","partner.read","brand.statement.lock","keyword_group.write","report.review","company.write","user.manage","partner.write"]}}}
2026-04-16 11:19:13.439 [http-nio-8080-exec-7] INFO  [a2a9d62bab094fd0a1366733f78946ef] http.access - http_request traceId=a2a9d62bab094fd0a1366733f78946ef userId=1 method=POST path=/api/keyword-groups/preview ip=127.0.0.1 headers={authorization=***, user-agent=Mozilla/5.0 (Windows NT; Windows NT 10.0; zh-CN) WindowsPowerShell/5.1.19041.6456, content-type=application/json, host=127.0.0.1:8080, content-length=2826, expect=100-continue} body={
    "name":  "api_smoke_ascii_111913",
    "columns":  {
                    "prefixWords":  [
                                        {
                                            "sortOrder":  10,
                                            "source":  "custom",
                                            "wordText":  "best"
                                        }
                                    ],
                    "suffixWords":  [
                                        {
                                            "sortOrder":  10,
                                            "source":  "custom",
                                            "wordText":  "price"
                                        },
                                        {
                                            "sortOrder":  20,
                                            "source":  "custom",
                                            "wordText":  "phone"
                                        }
                                    ],
                    "regionWords":  [
                                        {
                                            "sortOrder":  10,
                                            "source":  "custom",
                                            "wordText":  "north"
                                        },
                                        {
                                            "sortOrder":  20,
                                            "source":  "custom",
                                            "wordText":  "south"
                                        }
                                    ],
                    "industryWords":  [
                                          {
                                              "sortOrder":  10,
                                              "source":  "custom",
                                              "wordText":  "firm"
         ...(truncated)
2026-04-16 11:19:13.439 [http-nio-8080-exec-7] INFO  [a2a9d62bab094fd0a1366733f78946ef] http.access - http_response traceId=a2a9d62bab094fd0a1366733f78946ef userId=1 method=POST path=/api/keyword-groups/preview status=200 costMs=10 body={"code":0,"message":"success","data":{"totalEstimated":8,"totalAvailable":8,"totalGenerated":4,"keywords":["southbestlawyerfirmprice","northbestlawyerfirmphone","southbestlawyerteamprice","southbestlawyerteamphone"]}}
2026-04-16 11:19:13.446 [http-nio-8080-exec-6] INFO  [2c055c7b4a49425f875f7a52fc0f31a7] http.access - http_request traceId=2c055c7b4a49425f875f7a52fc0f31a7 userId=1 method=GET path=/api/projects?current=1&size=5 ip=127.0.0.1 headers={authorization=***, user-agent=Mozilla/5.0 (Windows NT; Windows NT 10.0; zh-CN) WindowsPowerShell/5.1.19041.6456, host=127.0.0.1:8080} body=
2026-04-16 11:19:13.447 [http-nio-8080-exec-6] INFO  [2c055c7b4a49425f875f7a52fc0f31a7] http.access - http_response traceId=2c055c7b4a49425f875f7a52fc0f31a7 userId=1 method=GET path=/api/projects?current=1&size=5 status=200 costMs=29 body={"code":0,"message":"success","data":{"records":[{"id":7,"projectCode":"PRJ17762374137877755","companyId":5,"companyName":"公司测试1","brandId":6,"brandName":"品牌名称","projectName":"项目名称1","projectAliases":"项目名称2","packageType":"standard_12800","packagePrice":12800.00,"serviceMonths":12,"planQuestionPoolSize":300,"planCoreQuestionCount":60,"planPlatformP0Count":1,"planPlatformP1Count":1,"planPlatformP2Count":1,"planPerQuestionPlatformCalls":1,"planPerQuestionCallsP0":1,"planPerQuestionCallsP1":1,"planPerQuestionCallsP2":1,"planBiweeklyFrequency":1,"planMonthlyReportDepth":"L2","planQuarterlyReportDepth":"L2","planConsultantIntensity":"L2","planCompetitorInsightDepth":"L2","planMediaDistributionIntensity":"L2","planCommitmentTargetIntensity":"L2","planTargetMetricType":"brand_mention_rate","planTargetMetricValue":0.1200,"planTargetWindowDays":90,"status":"paused","stage":"pending_start","ownerType":"direct","sourceType":"internal","contentGenerationEnabled":true,"provinceCode":"14","provinceName":"山西省","cityCode":"1403","cityName":"阳泉市","districtCode":"140321","districtName":"平定县","deductionAmount":0.00,"deliveryMode":"managed","signedAt":"2026-04-15T15:16:54","createdBy":5,"createdAt":"2026-04-15T15:16:53","updatedAt":"2026-04-15T15:16:53","selectedPlatformCodesP0":["deepseek"],"selectedPlatformCodesP1":["360_brain"],"selectedPlatformCodesP2":["minimax"],"selectedKeywordGroupIds":[3],"selectedKeywordGroupCount":1,"selectedKeywordSavedKeywords":3},{"id":6,"projectCode":"PRJ17761559780164508","companyId":4,"companyName":"test_客户1","brandId":5,"brandName":"品牌名称1","projectName":"名称1","projectAliases":"名称2,名称3","packageType":"standard_12800","packagePrice":12800.00,"serviceMonths":12,"planQuestionPoolSize":300,"planCoreQuestionCount":60,"planPlatformP0Count":1,"planPlatformP1Count":1,"planPlatformP2Count":1,"planPerQuestionPlatformCalls":1,"planPerQuestionCallsP0":1,"planPerQuestionCallsP1":1,"planPerQuestionCallsP2":1,"planBiweeklyFrequency":1,"planMonthlyReportDepth":"L2","p...(truncated)
2026-04-16 11:19:13.449 [http-nio-8080-exec-8] INFO  [c7f4f4f9d81f42efbf8b094dbc2b1432] http.access - http_request traceId=c7f4f4f9d81f42efbf8b094dbc2b1432 userId=1 method=POST path=/api/keyword-groups/preview ip=127.0.0.1 headers={authorization=***, user-agent=Mozilla/5.0 (Windows NT; Windows NT 10.0; zh-CN) WindowsPowerShell/5.1.19041.6456, content-type=application/json, host=127.0.0.1:8080, content-length=2826, expect=100-continue} body={
    "name":  "api_smoke_ascii_111913",
    "columns":  {
                    "prefixWords":  [
                                        {
                                            "sortOrder":  10,
                                            "source":  "custom",
                                            "wordText":  "best"
                                        }
                                    ],
                    "suffixWords":  [
                                        {
                                            "sortOrder":  10,
                                            "source":  "custom",
                                            "wordText":  "price"
                                        },
                                        {
                                            "sortOrder":  20,
                                            "source":  "custom",
                                            "wordText":  "phone"
                                        }
                                    ],
                    "regionWords":  [
                                        {
                                            "sortOrder":  10,
                                            "source":  "custom",
                                            "wordText":  "north"
                                        },
                                        {
                                            "sortOrder":  20,
                                            "source":  "custom",
                                            "wordText":  "south"
                                        }
                                    ],
                    "industryWords":  [
                                          {
                                              "sortOrder":  10,
                                              "source":  "custom",
                                              "wordText":  "firm"
         ...(truncated)
2026-04-16 11:19:13.449 [http-nio-8080-exec-8] INFO  [c7f4f4f9d81f42efbf8b094dbc2b1432] http.access - http_response traceId=c7f4f4f9d81f42efbf8b094dbc2b1432 userId=1 method=POST path=/api/keyword-groups/preview status=200 costMs=8 body={"code":0,"message":"success","data":{"totalEstimated":8,"totalAvailable":8,"totalGenerated":4,"keywords":["southbestlawyerfirmprice","northbestlawyerfirmphone","northbestlawyerteamphone","southbestlawyerteamprice"]}}
2026-04-16 11:20:12.135 [http-nio-8080-exec-2] INFO  [15766f26bda540a6871e4db9b3894e0a] http.access - http_request traceId=15766f26bda540a6871e4db9b3894e0a userId=5 method=GET path=/api/dispatch/monitor/alerts?current=1&size=1&rangeType=last7&status=open ip=0:0:0:0:0:0:0:1 headers={host=localhost:8080, connection=close, sec-ch-ua-platform="Windows", authorization=***, user-agent=Mozilla/5.0 (Windows NT 10.0; Win64; x64) AppleWebKit/537.36 (KHTML, like Gecko) Chrome/147.0.0.0 Safari/537.36, accept=application/json, text/plain, */*, sec-ch-ua="Google Chrome";v="147", "Not.A/Brand";v="8", "Chromium";v="147", sec-ch-ua-mobile=?0, sec-fetch-site=same-origin, sec-fetch-mode=cors, sec-fetch-dest=empty, referer=http://localhost:3000/admin/keyword-groups, accept-encoding=gzip, deflate, br, zstd, accept-language=zh-CN,zh;q=0.9} body=
2026-04-16 11:20:12.136 [http-nio-8080-exec-2] INFO  [15766f26bda540a6871e4db9b3894e0a] http.access - http_response traceId=15766f26bda540a6871e4db9b3894e0a userId=5 method=GET path=/api/dispatch/monitor/alerts?current=1&size=1&rangeType=last7&status=open status=200 costMs=14 body={"code":0,"message":"success","data":{"records":[{"id":6,"alertCode":"ALT17762374144004334","taskId":17,"projectId":7,"projectName":"项目名称1","severity":"warn","status":"open","title":"Dispatch task failed and will retry","content":"Question strategy generation failed for questionIds=10","retryCount":1,"contextJson":"{\"mode\": \"batch\", \"force\": false, \"triggerSource\": \"question_pool_confirm\", \"questionVersionId\": 6}","createdAt":"2026-04-15T15:16:54"}],"total":4,"size":1,"current":1,"pages":4}}
2026-04-16 11:20:12.146 [http-nio-8080-exec-1] INFO  [63f127a2549e4d21996943086706fb2e] http.access - http_request traceId=63f127a2549e4d21996943086706fb2e userId=5 method=GET path=/api/companies?current=1&size=500 ip=0:0:0:0:0:0:0:1 headers={host=localhost:8080, connection=close, sec-ch-ua-platform="Windows", authorization=***, user-agent=Mozilla/5.0 (Windows NT 10.0; Win64; x64) AppleWebKit/537.36 (KHTML, like Gecko) Chrome/147.0.0.0 Safari/537.36, accept=application/json, text/plain, */*, sec-ch-ua="Google Chrome";v="147", "Not.A/Brand";v="8", "Chromium";v="147", sec-ch-ua-mobile=?0, sec-fetch-site=same-origin, sec-fetch-mode=cors, sec-fetch-dest=empty, referer=http://localhost:3000/admin/keyword-groups, accept-encoding=gzip, deflate, br, zstd, accept-language=zh-CN,zh;q=0.9} body=
2026-04-16 11:20:12.146 [http-nio-8080-exec-1] INFO  [63f127a2549e4d21996943086706fb2e] http.access - http_response traceId=63f127a2549e4d21996943086706fb2e userId=5 method=GET path=/api/companies?current=1&size=500 status=200 costMs=24 body={"code":0,"message":"success","data":{"records":[{"id":5,"companyName":"公司测试1","contactName":"客户联系人","contactPhone":"12322341122","industry":"food_beverage","industryTags":"[\"food_beverage\", \"finance_business\", \"education_training\"]","businessDirection":"餐饮","competitors":"火锅，油条","officialWebsite":"www.baidu.com","officialAccount":"公众号","videoAccount":"视频号","douyinAccount":"视频号","city":"山西省 长治市 屯留区","provinceCode":"14","provinceName":"山西省","cityCode":"1404","cityName":"长治市","districtCode":"140405","districtName":"屯留区","serviceArea":"上海市 市辖区 长宁区","ownerType":"direct","sourceType":"internal","referralSource":"dwadaw1","status":"potential","createdBy":5,"createdAt":"2026-04-15T15:03:44","updatedAt":"2026-04-15T15:03:44"},{"id":4,"companyName":"test_客户1","contactName":"test_联系人1","contactPhone":"131112354566","industry":"medical_health","industryTags":"[\"medical_health\", \"education_training\", \"tech_internet\", \"legal_services\", \"home_realestate\", \"food_beverage\"]","businessDirection":"科技","competitors":"竞品1，竞品2","officialWebsite":"www.baidu.com","officialAccount":"jbhgnshs","videoAccount":"jbhgnshs","douyinAccount":"jbhgnshs","city":"天津市 市辖区 南开区","provinceCode":"12","provinceName":"天津市","cityCode":"1201","cityName":"市辖区","districtCode":"120104","districtName":"南开区","serviceArea":"北京市","ownerType":"direct","sourceType":"internal","salesOwnerId":1,"referralSource":"ddwad","status":"potential","createdBy":1,"createdAt":"2026-04-14T15:22:29","updatedAt":"2026-04-14T15:22:29"},{"id":3,"companyName":"mbnvm","industryTags":"[\"general\"]","ownerType":"direct","sourceType":"internal","status":"potential","createdBy":1,"createdAt":"2026-04-14T14:06:48","updatedAt":"2026-04-14T15:00:57"},{"id":1,"companyName":"SANXING","industry":"JISUANJI","industryTags":"[\"general\"]","city":"ANHUI","ownerType":"direct","sourceType":"internal","status":"potential","createdAt":"2026-04-11T16:47:15","updatedAt":"2026-04-14T15:00:57"}],"total":4,"size":500,"current":1,"pages":1}}
2026-04-16 11:20:12.172 [http-nio-8080-exec-3] INFO  [787ccf0b00e242058eb4fa643302bc52] http.access - http_request traceId=787ccf0b00e242058eb4fa643302bc52 userId=5 method=GET path=/api/dicts/items ip=0:0:0:0:0:0:0:1 headers={host=localhost:8080, connection=close, sec-ch-ua-platform="Windows", authorization=***, user-agent=Mozilla/5.0 (Windows NT 10.0; Win64; x64) AppleWebKit/537.36 (KHTML, like Gecko) Chrome/147.0.0.0 Safari/537.36, accept=application/json, text/plain, */*, sec-ch-ua="Google Chrome";v="147", "Not.A/Brand";v="8", "Chromium";v="147", sec-ch-ua-mobile=?0, sec-fetch-site=same-origin, sec-fetch-mode=cors, sec-fetch-dest=empty, referer=http://localhost:3000/admin/keyword-groups, accept-encoding=gzip, deflate, br, zstd, accept-language=zh-CN,zh;q=0.9} body=
2026-04-16 11:20:12.172 [http-nio-8080-exec-3] INFO  [787ccf0b00e242058eb4fa643302bc52] http.access - http_response traceId=787ccf0b00e242058eb4fa643302bc52 userId=5 method=GET path=/api/dicts/items status=200 costMs=16 body={"code":0,"message":"success","data":{"activity_action":[{"dictType":"activity_action","dictKey":"company.create","dictValue":"创建客户","sortOrder":10},{"dictType":"activity_action","dictKey":"company.update","dictValue":"更新客户","sortOrder":20},{"dictType":"activity_action","dictKey":"company.delete","dictValue":"删除客户","sortOrder":30},{"dictType":"activity_action","dictKey":"brand.create","dictValue":"创建品牌","sortOrder":40},{"dictType":"activity_action","dictKey":"brand.update","dictValue":"更新品牌","sortOrder":50},{"dictType":"activity_action","dictKey":"brand.delete","dictValue":"删除品牌","sortOrder":60},{"dictType":"activity_action","dictKey":"project.create","dictValue":"创建项目","sortOrder":70},{"dictType":"activity_action","dictKey":"project.update","dictValue":"更新项目","sortOrder":80},{"dictType":"activity_action","dictKey":"project.delete","dictValue":"删除项目","sortOrder":90},{"dictType":"activity_action","dictKey":"project.sign_and_deduct","dictValue":"签约并扣款","sortOrder":100},{"dictType":"activity_action","dictKey":"project.status.update","dictValue":"更新项目状态","sortOrder":110},{"dictType":"activity_action","dictKey":"project.stage.update","dictValue":"更新项目阶段","sortOrder":120},{"dictType":"activity_action","dictKey":"project.flow.update","dictValue":"更新项目流转","sortOrder":130},{"dictType":"activity_action","dictKey":"brand.material.upload","dictValue":"上传品牌素材","sortOrder":140},{"dictType":"activity_action","dictKey":"brand.material.delete","dictValue":"删除品牌素材","sortOrder":150}],"alert_severity":[{"dictType":"alert_severity","dictKey":"info","dictValue":"信息","sortOrder":10},{"dictType":"alert_severity","dictKey":"warn","dictValue":"警告","sortOrder":20},{"dictType":"alert_severity","dictKey":"critical","dictValue":"严重","sortOrder":30},{"dictType":"alert_severity","dictKey":"error","dictValue":"错误","sortOrder":30}],"biweekly_frequency":[{"dictType":"biweekly_frequency","dictKey":"1","dictValue":"有双周简报","sortOrder":10},{"dictType":"biweekly_frequency","dictKey":"2","dictValue":"无双周简报...(truncated)
2026-04-16 11:20:12.268 [http-nio-8080-exec-4] INFO  [50bc84e35dfc486cade381d471b0da6e] http.access - http_request traceId=50bc84e35dfc486cade381d471b0da6e userId=5 method=GET path=/api/keyword-affix-words/options?type=brand ip=0:0:0:0:0:0:0:1 headers={host=localhost:8080, connection=close, sec-ch-ua-platform="Windows", authorization=***, user-agent=Mozilla/5.0 (Windows NT 10.0; Win64; x64) AppleWebKit/537.36 (KHTML, like Gecko) Chrome/147.0.0.0 Safari/537.36, accept=application/json, text/plain, */*, sec-ch-ua="Google Chrome";v="147", "Not.A/Brand";v="8", "Chromium";v="147", sec-ch-ua-mobile=?0, sec-fetch-site=same-origin, sec-fetch-mode=cors, sec-fetch-dest=empty, referer=http://localhost:3000/admin/keyword-groups, accept-encoding=gzip, deflate, br, zstd, accept-language=zh-CN,zh;q=0.9} body=
2026-04-16 11:20:12.268 [http-nio-8080-exec-4] INFO  [50bc84e35dfc486cade381d471b0da6e] http.access - http_response traceId=50bc84e35dfc486cade381d471b0da6e userId=5 method=GET path=/api/keyword-affix-words/options?type=brand status=200 costMs=24 body={"code":0,"message":"success","data":{"prefixWords":[],"suffixWords":[],"industryWords":[{"id":142,"type":"medical_health","affixKind":"industry","wordText":"医疗健康","sortOrder":10,"enabled":true},{"id":143,"type":"education_training","affixKind":"industry","wordText":"教育培训","sortOrder":20,"enabled":true},{"id":144,"type":"tech_internet","affixKind":"industry","wordText":"科技互联网","sortOrder":30,"enabled":true},{"id":145,"type":"finance_business","affixKind":"industry","wordText":"金融财经","sortOrder":40,"enabled":true},{"id":146,"type":"legal_services","affixKind":"industry","wordText":"法律服务","sortOrder":50,"enabled":true},{"id":147,"type":"home_realestate","affixKind":"industry","wordText":"房产家居","sortOrder":60,"enabled":true},{"id":148,"type":"food_beverage","affixKind":"industry","wordText":"餐饮美食","sortOrder":70,"enabled":true},{"id":149,"type":"beauty_cosmetic","affixKind":"industry","wordText":"美容美业","sortOrder":80,"enabled":true},{"id":150,"type":"auto_transport","affixKind":"industry","wordText":"汽车出行","sortOrder":90,"enabled":true},{"id":151,"type":"travel_hotel","affixKind":"industry","wordText":"文旅酒店","sortOrder":100,"enabled":true},{"id":152,"type":"manufacture_industry","affixKind":"industry","wordText":"制造工业","sortOrder":110,"enabled":true},{"id":153,"type":"agriculture","affixKind":"industry","wordText":"农业农资","sortOrder":120,"enabled":true},{"id":154,"type":"general","affixKind":"industry","wordText":"综合","sortOrder":130,"enabled":true}],"typeOptions":[{"value":"brand","label":"品牌类"},{"value":"location","label":"地域类"},{"value":"industry","label":"行业类"},{"value":"decision","label":"决策类"},{"value":"transaction","label":"交易类"},{"value":"qa","label":"问答类"},{"value":"comparison","label":"对比类"},{"value":"competitor","label":"竞品类"}]}}
2026-04-16 11:20:12.291 [http-nio-8080-exec-5] INFO  [5aafaf455a16472ca2d4e0adb75f438a] http.access - http_request traceId=5aafaf455a16472ca2d4e0adb75f438a userId=5 method=GET path=/api/keyword-groups?current=1&size=20 ip=0:0:0:0:0:0:0:1 headers={host=localhost:8080, connection=close, sec-ch-ua-platform="Windows", authorization=***, user-agent=Mozilla/5.0 (Windows NT 10.0; Win64; x64) AppleWebKit/537.36 (KHTML, like Gecko) Chrome/147.0.0.0 Safari/537.36, accept=application/json, text/plain, */*, sec-ch-ua="Google Chrome";v="147", "Not.A/Brand";v="8", "Chromium";v="147", sec-ch-ua-mobile=?0, sec-fetch-site=same-origin, sec-fetch-mode=cors, sec-fetch-dest=empty, referer=http://localhost:3000/admin/keyword-groups, accept-encoding=gzip, deflate, br, zstd, accept-language=zh-CN,zh;q=0.9} body=
2026-04-16 11:20:12.291 [http-nio-8080-exec-5] INFO  [5aafaf455a16472ca2d4e0adb75f438a] http.access - http_response traceId=5aafaf455a16472ca2d4e0adb75f438a userId=5 method=GET path=/api/keyword-groups?current=1&size=20 status=200 costMs=16 body={"code":0,"message":"success","data":{"records":[{"id":3,"companyId":5,"companyName":"公司测试1","name":"???????_20260416111852","type":"qa","remark":"codex api smoke test","estimatedKeywordCount":4,"savedKeywordCount":3,"createdAt":"2026-04-16T11:18:52","updatedAt":"2026-04-16T11:18:52"},{"id":2,"companyId":5,"companyName":"公司测试1","name":"公司测试拓词组1","type":"qa","estimatedKeywordCount":140,"savedKeywordCount":0,"createdAt":"2026-04-16T10:53:46","updatedAt":"2026-04-16T10:53:46"},{"id":1,"name":"拓词测试","type":"search","estimatedKeywordCount":6,"savedKeywordCount":0,"createdAt":"2026-04-15T17:04:55","updatedAt":"2026-04-15T17:04:55"}],"total":3,"size":20,"current":1,"pages":1}}
2026-04-16 11:20:14.415 [http-nio-8080-exec-7] INFO  [7939e6e57a8a4b2a967b144da4386dd5] http.access - http_request traceId=7939e6e57a8a4b2a967b144da4386dd5 userId=5 method=GET path=/api/package-plans/enabled ip=0:0:0:0:0:0:0:1 headers={host=localhost:8080, connection=close, sec-ch-ua-platform="Windows", authorization=***, user-agent=Mozilla/5.0 (Windows NT 10.0; Win64; x64) AppleWebKit/537.36 (KHTML, like Gecko) Chrome/147.0.0.0 Safari/537.36, accept=application/json, text/plain, */*, sec-ch-ua="Google Chrome";v="147", "Not.A/Brand";v="8", "Chromium";v="147", sec-ch-ua-mobile=?0, sec-fetch-site=same-origin, sec-fetch-mode=cors, sec-fetch-dest=empty, referer=http://localhost:3000/admin/projects, accept-encoding=gzip, deflate, br, zstd, accept-language=zh-CN,zh;q=0.9} body=
2026-04-16 11:20:14.415 [http-nio-8080-exec-7] INFO  [7939e6e57a8a4b2a967b144da4386dd5] http.access - http_response traceId=7939e6e57a8a4b2a967b144da4386dd5 userId=5 method=GET path=/api/package-plans/enabled status=200 costMs=20 body={"code":0,"message":"success","data":[{"id":1,"packageType":"trial_6980","packageName":"GEO Trial 6980","standardPrice":6980.00,"serviceMonths":3,"questionPoolSize":100,"coreQuestionCount":20,"platformP0Count":2,"platformP1Count":2,"platformP2Count":1,"perQuestionPlatformCalls":1,"perQuestionCallsP0":1,"perQuestionCallsP1":1,"perQuestionCallsP2":1,"biweeklyFrequency":2,"monthlyReportDepth":"L1","quarterlyReportDepth":"L1","consultantIntensity":"L1","competitorInsightDepth":"L1","mediaDistributionIntensity":"L1","commitmentTargetIntensity":"L1","targetMetricType":"brand_mention_rate","targetMetricValue":0.0500,"targetWindowDays":90,"enabled":true,"sortOrder":10,"remark":"default package","createdAt":"2026-04-11T18:53:51","updatedAt":"2026-04-12T11:18:41","contentConfigs":[{"id":17,"packageType":"trial_6980","articleType":"faq","articlesPerBatch":2,"questionsPerArticle":3,"publishSiteTier":"S1","publishSiteCount":1,"isActive":true,"createdAt":"2026-04-14T14:10:07","updatedAt":"2026-04-14T14:10:07"},{"id":19,"packageType":"trial_6980","articleType":"industry_article","articlesPerBatch":1,"questionsPerArticle":3,"publishSiteTier":"S1","publishSiteCount":1,"isActive":false,"createdAt":"2026-04-14T14:10:07","updatedAt":"2026-04-14T14:10:07"},{"id":18,"packageType":"trial_6980","articleType":"scenario_content","articlesPerBatch":1,"questionsPerArticle":3,"publishSiteTier":"S1","publishSiteCount":1,"isActive":true,"createdAt":"2026-04-14T14:10:07","updatedAt":"2026-04-14T14:10:07"},{"id":20,"packageType":"trial_6980","articleType":"stage_advice","articlesPerBatch":1,"questionsPerArticle":3,"publishSiteTier":"S1","publishSiteCount":1,"isActive":false,"createdAt":"2026-04-14T14:10:07","updatedAt":"2026-04-14T14:10:07"}]},{"id":2,"packageType":"standard_12800","packageName":"GEO Standard 12800","standardPrice":12800.00,"serviceMonths":12,"questionPoolSize":300,"coreQuestionCount":60,"platformP0Count":1,"platformP1Count":1,"platformP2Count":1,"perQuestionPlatformCalls":1,"perQu...(truncated)
2026-04-16 11:20:14.431 [http-nio-8080-exec-6] INFO  [d9e19cfeafe54c8dbb0f9bad87eae7b1] http.access - http_request traceId=d9e19cfeafe54c8dbb0f9bad87eae7b1 userId=5 method=GET path=/api/projects/platform-options ip=0:0:0:0:0:0:0:1 headers={host=localhost:8080, connection=close, sec-ch-ua-platform="Windows", authorization=***, user-agent=Mozilla/5.0 (Windows NT 10.0; Win64; x64) AppleWebKit/537.36 (KHTML, like Gecko) Chrome/147.0.0.0 Safari/537.36, accept=application/json, text/plain, */*, sec-ch-ua="Google Chrome";v="147", "Not.A/Brand";v="8", "Chromium";v="147", sec-ch-ua-mobile=?0, sec-fetch-site=same-origin, sec-fetch-mode=cors, sec-fetch-dest=empty, referer=http://localhost:3000/admin/projects, accept-encoding=gzip, deflate, br, zstd, accept-language=zh-CN,zh;q=0.9} body=
2026-04-16 11:20:14.431 [http-nio-8080-exec-6] INFO  [d9e19cfeafe54c8dbb0f9bad87eae7b1] http.access - http_response traceId=d9e19cfeafe54c8dbb0f9bad87eae7b1 userId=5 method=GET path=/api/projects/platform-options status=200 costMs=11 body={"code":0,"message":"success","data":{"P0":[{"platformCode":"deepseek","platformName":"DeepSeek","priorityLevel":"P0"},{"platformCode":"kimi","platformName":"Kimi","priorityLevel":"P0"},{"platformCode":"hunyuan","platformName":"元宝/混元","priorityLevel":"P0"},{"platformCode":"ernie","platformName":"文心一言","priorityLevel":"P0"},{"platformCode":"doubao","platformName":"豆包","priorityLevel":"P0"},{"platformCode":"qwen","platformName":"通义千问","priorityLevel":"P0"}],"P1":[{"platformCode":"360_brain","platformName":"360 智脑","priorityLevel":"P1"},{"platformCode":"zhipu","platformName":"智谱清言","priorityLevel":"P1"},{"platformCode":"nano_ai","platformName":"纳米 AI","priorityLevel":"P1"},{"platformCode":"spark","platformName":"讯飞星火","priorityLevel":"P1"}],"P2":[{"platformCode":"minimax","platformName":"MiniMax","priorityLevel":"P2"},{"platformCode":"tiangong","platformName":"天工 AI","priorityLevel":"P2"},{"platformCode":"mimo","platformName":"小米 MiMo","priorityLevel":"P2"},{"platformCode":"baichuan","platformName":"百川 AI","priorityLevel":"P2"},{"platformCode":"metaso","platformName":"秘塔 AI","priorityLevel":"P2"},{"platformCode":"stepfun","platformName":"阶跃星辰","priorityLevel":"P2"}]}}
2026-04-16 11:20:14.445 [http-nio-8080-exec-8] INFO  [a7b6d7f95d9640fbb13e8284f1427472] http.access - http_request traceId=a7b6d7f95d9640fbb13e8284f1427472 userId=5 method=GET path=/api/companies?current=1&size=500 ip=0:0:0:0:0:0:0:1 headers={host=localhost:8080, connection=close, sec-ch-ua-platform="Windows", authorization=***, user-agent=Mozilla/5.0 (Windows NT 10.0; Win64; x64) AppleWebKit/537.36 (KHTML, like Gecko) Chrome/147.0.0.0 Safari/537.36, accept=application/json, text/plain, */*, sec-ch-ua="Google Chrome";v="147", "Not.A/Brand";v="8", "Chromium";v="147", sec-ch-ua-mobile=?0, sec-fetch-site=same-origin, sec-fetch-mode=cors, sec-fetch-dest=empty, referer=http://localhost:3000/admin/projects, accept-encoding=gzip, deflate, br, zstd, accept-language=zh-CN,zh;q=0.9} body=
2026-04-16 11:20:14.446 [http-nio-8080-exec-8] INFO  [a7b6d7f95d9640fbb13e8284f1427472] http.access - http_response traceId=a7b6d7f95d9640fbb13e8284f1427472 userId=5 method=GET path=/api/companies?current=1&size=500 status=200 costMs=10 body={"code":0,"message":"success","data":{"records":[{"id":5,"companyName":"公司测试1","contactName":"客户联系人","contactPhone":"12322341122","industry":"food_beverage","industryTags":"[\"food_beverage\", \"finance_business\", \"education_training\"]","businessDirection":"餐饮","competitors":"火锅，油条","officialWebsite":"www.baidu.com","officialAccount":"公众号","videoAccount":"视频号","douyinAccount":"视频号","city":"山西省 长治市 屯留区","provinceCode":"14","provinceName":"山西省","cityCode":"1404","cityName":"长治市","districtCode":"140405","districtName":"屯留区","serviceArea":"上海市 市辖区 长宁区","ownerType":"direct","sourceType":"internal","referralSource":"dwadaw1","status":"potential","createdBy":5,"createdAt":"2026-04-15T15:03:44","updatedAt":"2026-04-15T15:03:44"},{"id":4,"companyName":"test_客户1","contactName":"test_联系人1","contactPhone":"131112354566","industry":"medical_health","industryTags":"[\"medical_health\", \"education_training\", \"tech_internet\", \"legal_services\", \"home_realestate\", \"food_beverage\"]","businessDirection":"科技","competitors":"竞品1，竞品2","officialWebsite":"www.baidu.com","officialAccount":"jbhgnshs","videoAccount":"jbhgnshs","douyinAccount":"jbhgnshs","city":"天津市 市辖区 南开区","provinceCode":"12","provinceName":"天津市","cityCode":"1201","cityName":"市辖区","districtCode":"120104","districtName":"南开区","serviceArea":"北京市","ownerType":"direct","sourceType":"internal","salesOwnerId":1,"referralSource":"ddwad","status":"potential","createdBy":1,"createdAt":"2026-04-14T15:22:29","updatedAt":"2026-04-14T15:22:29"},{"id":3,"companyName":"mbnvm","industryTags":"[\"general\"]","ownerType":"direct","sourceType":"internal","status":"potential","createdBy":1,"createdAt":"2026-04-14T14:06:48","updatedAt":"2026-04-14T15:00:57"},{"id":1,"companyName":"SANXING","industry":"JISUANJI","industryTags":"[\"general\"]","city":"ANHUI","ownerType":"direct","sourceType":"internal","status":"potential","createdAt":"2026-04-11T16:47:15","updatedAt":"2026-04-14T15:00:57"}],"total":4,"size":500,"current":1,"pages":1}}
2026-04-16 11:20:14.466 [http-nio-8080-exec-9] INFO  [3bad4605278c450ead2f68a98422b23a] http.access - http_request traceId=3bad4605278c450ead2f68a98422b23a userId=5 method=GET path=/api/brands?current=1&size=500 ip=0:0:0:0:0:0:0:1 headers={host=localhost:8080, connection=close, sec-ch-ua-platform="Windows", authorization=***, user-agent=Mozilla/5.0 (Windows NT 10.0; Win64; x64) AppleWebKit/537.36 (KHTML, like Gecko) Chrome/147.0.0.0 Safari/537.36, accept=application/json, text/plain, */*, sec-ch-ua="Google Chrome";v="147", "Not.A/Brand";v="8", "Chromium";v="147", sec-ch-ua-mobile=?0, sec-fetch-site=same-origin, sec-fetch-mode=cors, sec-fetch-dest=empty, referer=http://localhost:3000/admin/projects, accept-encoding=gzip, deflate, br, zstd, accept-language=zh-CN,zh;q=0.9} body=
2026-04-16 11:20:14.466 [http-nio-8080-exec-9] INFO  [3bad4605278c450ead2f68a98422b23a] http.access - http_response traceId=3bad4605278c450ead2f68a98422b23a userId=5 method=GET path=/api/brands?current=1&size=500 status=200 costMs=16 body={"code":0,"message":"success","data":{"records":[{"id":6,"companyId":5,"industry":"food_beverage","brandName":"品牌名称","brandSlug":"111","mainBusiness":"主营业务方向","serviceArea":"天津市 市辖区 河西区","provinceCode":"11","provinceName":"北京市","cityCode":"1101","cityName":"市辖区","districtCode":"110102","districtName":"西城区","website":"官网","phone":"12231112222","wechat":"微信","standardBrandStatement":"品牌标准表述","businessStandardStatement":"业务标准表述","standardStatement":"{\"positioning\": \"111\", \"selling_points\": [\"11\"], \"brand_paragraph\": \"11\", \"differentiation\": \"11\"}","statementStatus":"draft","statementVersion":1,"statementHistory":"[{\"content\": {\"positioning\": \"111\", \"selling_points\": [\"11\"], \"brand_paragraph\": \"11\", \"differentiation\": \"11\"}, \"version\": 1, \"created_at\": \"2026-04-15T15:06:09.384869\", \"created_by\": 5, \"change_source\": \"manual_edit\"}]","status":"active","createdAt":"2026-04-15T15:04:46","updatedAt":"2026-04-15T15:04:46"},{"id":5,"companyId":4,"industry":"medical_health","brandName":"品牌名称1","brandSlug":"1122","mainBusiness":"大王的","serviceArea":"河北省","provinceCode":"12","provinceName":"天津市","cityCode":"1201","cityName":"市辖区","districtCode":"120103","districtName":"河西区","website":"www.baidu.com","officialAccount":"dawdaw","videoAccount":"1112","douyinAccount":"333","phone":"1234324222","wechat":"德瓦达","businessIntro":"1122","standardStatement":"{\"positioning\": \"1\", \"selling_points\": [\"1\"], \"brand_paragraph\": \"1\", \"differentiation\": \"1\"}","statementStatus":"draft","statementLockedAt":"2026-04-15T12:22:58","statementLockedBy":5,"statementVersion":1,"statementHistory":"[{\"content\": {\"positioning\": \"1\", \"selling_points\": [\"1\"], \"brand_paragraph\": \"1\", \"differentiation\": \"1\"}, \"version\": 1, \"created_at\": \"2026-04-15T12:22:52.253177300\", \"created_by\": 5, \"change_source\": \"manual_edit\"}]","status":"active","createdAt":"2026-04-14T15:26:41","updatedAt":"2026-04-14T15:26:41"},{"id":4,"companyId":...(truncated)
2026-04-16 11:20:14.795 [http-nio-8080-exec-10] INFO  [ceffac78358b478095064dc2f1f14eb3] http.access - http_request traceId=ceffac78358b478095064dc2f1f14eb3 userId=5 method=GET path=/api/projects?current=1&size=10 ip=0:0:0:0:0:0:0:1 headers={host=localhost:8080, connection=close, sec-ch-ua-platform="Windows", authorization=***, user-agent=Mozilla/5.0 (Windows NT 10.0; Win64; x64) AppleWebKit/537.36 (KHTML, like Gecko) Chrome/147.0.0.0 Safari/537.36, accept=application/json, text/plain, */*, sec-ch-ua="Google Chrome";v="147", "Not.A/Brand";v="8", "Chromium";v="147", sec-ch-ua-mobile=?0, sec-fetch-site=same-origin, sec-fetch-mode=cors, sec-fetch-dest=empty, referer=http://localhost:3000/admin/projects, accept-encoding=gzip, deflate, br, zstd, accept-language=zh-CN,zh;q=0.9} body=
2026-04-16 11:20:14.796 [http-nio-8080-exec-10] INFO  [ceffac78358b478095064dc2f1f14eb3] http.access - http_response traceId=ceffac78358b478095064dc2f1f14eb3 userId=5 method=GET path=/api/projects?current=1&size=10 status=200 costMs=22 body={"code":0,"message":"success","data":{"records":[{"id":7,"projectCode":"PRJ17762374137877755","companyId":5,"companyName":"公司测试1","brandId":6,"brandName":"品牌名称","projectName":"项目名称1","projectAliases":"项目名称2","packageType":"standard_12800","packagePrice":12800.00,"serviceMonths":12,"planQuestionPoolSize":300,"planCoreQuestionCount":60,"planPlatformP0Count":1,"planPlatformP1Count":1,"planPlatformP2Count":1,"planPerQuestionPlatformCalls":1,"planPerQuestionCallsP0":1,"planPerQuestionCallsP1":1,"planPerQuestionCallsP2":1,"planBiweeklyFrequency":1,"planMonthlyReportDepth":"L2","planQuarterlyReportDepth":"L2","planConsultantIntensity":"L2","planCompetitorInsightDepth":"L2","planMediaDistributionIntensity":"L2","planCommitmentTargetIntensity":"L2","planTargetMetricType":"brand_mention_rate","planTargetMetricValue":0.1200,"planTargetWindowDays":90,"status":"paused","stage":"pending_start","ownerType":"direct","sourceType":"internal","contentGenerationEnabled":true,"provinceCode":"14","provinceName":"山西省","cityCode":"1403","cityName":"阳泉市","districtCode":"140321","districtName":"平定县","deductionAmount":0.00,"deliveryMode":"managed","signedAt":"2026-04-15T15:16:54","createdBy":5,"createdAt":"2026-04-15T15:16:53","updatedAt":"2026-04-15T15:16:53","selectedPlatformCodesP0":["deepseek"],"selectedPlatformCodesP1":["360_brain"],"selectedPlatformCodesP2":["minimax"],"selectedKeywordGroupIds":[3],"selectedKeywordGroupCount":1,"selectedKeywordSavedKeywords":3},{"id":6,"projectCode":"PRJ17761559780164508","companyId":4,"companyName":"test_客户1","brandId":5,"brandName":"品牌名称1","projectName":"名称1","projectAliases":"名称2,名称3","packageType":"standard_12800","packagePrice":12800.00,"serviceMonths":12,"planQuestionPoolSize":300,"planCoreQuestionCount":60,"planPlatformP0Count":1,"planPlatformP1Count":1,"planPlatformP2Count":1,"planPerQuestionPlatformCalls":1,"planPerQuestionCallsP0":1,"planPerQuestionCallsP1":1,"planPerQuestionCallsP2":1,"planBiweeklyFrequency":1,"planMonthlyReportDepth":"L2","p...(truncated)
2026-04-16 11:20:53.174 [http-nio-8080-exec-2] INFO  [a11c0a10f83a45b2b3f1b0130dbd8fad] http.access - http_request traceId=a11c0a10f83a45b2b3f1b0130dbd8fad userId=5 method=GET path=/api/companies?current=1&size=500 ip=0:0:0:0:0:0:0:1 headers={host=localhost:8080, connection=close, sec-ch-ua-platform="Windows", authorization=***, user-agent=Mozilla/5.0 (Windows NT 10.0; Win64; x64) AppleWebKit/537.36 (KHTML, like Gecko) Chrome/147.0.0.0 Safari/537.36, accept=application/json, text/plain, */*, sec-ch-ua="Google Chrome";v="147", "Not.A/Brand";v="8", "Chromium";v="147", sec-ch-ua-mobile=?0, sec-fetch-site=same-origin, sec-fetch-mode=cors, sec-fetch-dest=empty, referer=http://localhost:3000/admin/keyword-groups, accept-encoding=gzip, deflate, br, zstd, accept-language=zh-CN,zh;q=0.9} body=
2026-04-16 11:20:53.175 [http-nio-8080-exec-2] INFO  [a11c0a10f83a45b2b3f1b0130dbd8fad] http.access - http_response traceId=a11c0a10f83a45b2b3f1b0130dbd8fad userId=5 method=GET path=/api/companies?current=1&size=500 status=200 costMs=12 body={"code":0,"message":"success","data":{"records":[{"id":5,"companyName":"公司测试1","contactName":"客户联系人","contactPhone":"12322341122","industry":"food_beverage","industryTags":"[\"food_beverage\", \"finance_business\", \"education_training\"]","businessDirection":"餐饮","competitors":"火锅，油条","officialWebsite":"www.baidu.com","officialAccount":"公众号","videoAccount":"视频号","douyinAccount":"视频号","city":"山西省 长治市 屯留区","provinceCode":"14","provinceName":"山西省","cityCode":"1404","cityName":"长治市","districtCode":"140405","districtName":"屯留区","serviceArea":"上海市 市辖区 长宁区","ownerType":"direct","sourceType":"internal","referralSource":"dwadaw1","status":"potential","createdBy":5,"createdAt":"2026-04-15T15:03:44","updatedAt":"2026-04-15T15:03:44"},{"id":4,"companyName":"test_客户1","contactName":"test_联系人1","contactPhone":"131112354566","industry":"medical_health","industryTags":"[\"medical_health\", \"education_training\", \"tech_internet\", \"legal_services\", \"home_realestate\", \"food_beverage\"]","businessDirection":"科技","competitors":"竞品1，竞品2","officialWebsite":"www.baidu.com","officialAccount":"jbhgnshs","videoAccount":"jbhgnshs","douyinAccount":"jbhgnshs","city":"天津市 市辖区 南开区","provinceCode":"12","provinceName":"天津市","cityCode":"1201","cityName":"市辖区","districtCode":"120104","districtName":"南开区","serviceArea":"北京市","ownerType":"direct","sourceType":"internal","salesOwnerId":1,"referralSource":"ddwad","status":"potential","createdBy":1,"createdAt":"2026-04-14T15:22:29","updatedAt":"2026-04-14T15:22:29"},{"id":3,"companyName":"mbnvm","industryTags":"[\"general\"]","ownerType":"direct","sourceType":"internal","status":"potential","createdBy":1,"createdAt":"2026-04-14T14:06:48","updatedAt":"2026-04-14T15:00:57"},{"id":1,"companyName":"SANXING","industry":"JISUANJI","industryTags":"[\"general\"]","city":"ANHUI","ownerType":"direct","sourceType":"internal","status":"potential","createdAt":"2026-04-11T16:47:15","updatedAt":"2026-04-14T15:00:57"}],"total":4,"size":500,"current":1,"pages":1}}
2026-04-16 11:20:53.506 [http-nio-8080-exec-1] INFO  [4ea61364b7ef4984b74762b9e5262fa2] http.access - http_request traceId=4ea61364b7ef4984b74762b9e5262fa2 userId=5 method=GET path=/api/keyword-affix-words/options?type=brand ip=0:0:0:0:0:0:0:1 headers={host=localhost:8080, connection=close, sec-ch-ua-platform="Windows", authorization=***, user-agent=Mozilla/5.0 (Windows NT 10.0; Win64; x64) AppleWebKit/537.36 (KHTML, like Gecko) Chrome/147.0.0.0 Safari/537.36, accept=application/json, text/plain, */*, sec-ch-ua="Google Chrome";v="147", "Not.A/Brand";v="8", "Chromium";v="147", sec-ch-ua-mobile=?0, sec-fetch-site=same-origin, sec-fetch-mode=cors, sec-fetch-dest=empty, referer=http://localhost:3000/admin/keyword-groups, accept-encoding=gzip, deflate, br, zstd, accept-language=zh-CN,zh;q=0.9} body=
2026-04-16 11:20:53.506 [http-nio-8080-exec-1] INFO  [4ea61364b7ef4984b74762b9e5262fa2] http.access - http_response traceId=4ea61364b7ef4984b74762b9e5262fa2 userId=5 method=GET path=/api/keyword-affix-words/options?type=brand status=200 costMs=12 body={"code":0,"message":"success","data":{"prefixWords":[],"suffixWords":[],"industryWords":[{"id":142,"type":"medical_health","affixKind":"industry","wordText":"医疗健康","sortOrder":10,"enabled":true},{"id":143,"type":"education_training","affixKind":"industry","wordText":"教育培训","sortOrder":20,"enabled":true},{"id":144,"type":"tech_internet","affixKind":"industry","wordText":"科技互联网","sortOrder":30,"enabled":true},{"id":145,"type":"finance_business","affixKind":"industry","wordText":"金融财经","sortOrder":40,"enabled":true},{"id":146,"type":"legal_services","affixKind":"industry","wordText":"法律服务","sortOrder":50,"enabled":true},{"id":147,"type":"home_realestate","affixKind":"industry","wordText":"房产家居","sortOrder":60,"enabled":true},{"id":148,"type":"food_beverage","affixKind":"industry","wordText":"餐饮美食","sortOrder":70,"enabled":true},{"id":149,"type":"beauty_cosmetic","affixKind":"industry","wordText":"美容美业","sortOrder":80,"enabled":true},{"id":150,"type":"auto_transport","affixKind":"industry","wordText":"汽车出行","sortOrder":90,"enabled":true},{"id":151,"type":"travel_hotel","affixKind":"industry","wordText":"文旅酒店","sortOrder":100,"enabled":true},{"id":152,"type":"manufacture_industry","affixKind":"industry","wordText":"制造工业","sortOrder":110,"enabled":true},{"id":153,"type":"agriculture","affixKind":"industry","wordText":"农业农资","sortOrder":120,"enabled":true},{"id":154,"type":"general","affixKind":"industry","wordText":"综合","sortOrder":130,"enabled":true}],"typeOptions":[{"value":"brand","label":"品牌类"},{"value":"location","label":"地域类"},{"value":"industry","label":"行业类"},{"value":"decision","label":"决策类"},{"value":"transaction","label":"交易类"},{"value":"qa","label":"问答类"},{"value":"comparison","label":"对比类"},{"value":"competitor","label":"竞品类"}]}}
2026-04-16 11:20:53.756 [http-nio-8080-exec-3] INFO  [1595c561c9b5417caa751d6abaa0458e] http.access - http_request traceId=1595c561c9b5417caa751d6abaa0458e userId=5 method=GET path=/api/keyword-groups?current=1&size=20 ip=0:0:0:0:0:0:0:1 headers={host=localhost:8080, connection=close, sec-ch-ua-platform="Windows", authorization=***, user-agent=Mozilla/5.0 (Windows NT 10.0; Win64; x64) AppleWebKit/537.36 (KHTML, like Gecko) Chrome/147.0.0.0 Safari/537.36, accept=application/json, text/plain, */*, sec-ch-ua="Google Chrome";v="147", "Not.A/Brand";v="8", "Chromium";v="147", sec-ch-ua-mobile=?0, sec-fetch-site=same-origin, sec-fetch-mode=cors, sec-fetch-dest=empty, referer=http://localhost:3000/admin/keyword-groups, accept-encoding=gzip, deflate, br, zstd, accept-language=zh-CN,zh;q=0.9} body=
2026-04-16 11:20:53.756 [http-nio-8080-exec-3] INFO  [1595c561c9b5417caa751d6abaa0458e] http.access - http_response traceId=1595c561c9b5417caa751d6abaa0458e userId=5 method=GET path=/api/keyword-groups?current=1&size=20 status=200 costMs=12 body={"code":0,"message":"success","data":{"records":[{"id":3,"companyId":5,"companyName":"公司测试1","name":"???????_20260416111852","type":"qa","remark":"codex api smoke test","estimatedKeywordCount":4,"savedKeywordCount":3,"createdAt":"2026-04-16T11:18:52","updatedAt":"2026-04-16T11:18:52"},{"id":2,"companyId":5,"companyName":"公司测试1","name":"公司测试拓词组1","type":"qa","estimatedKeywordCount":140,"savedKeywordCount":0,"createdAt":"2026-04-16T10:53:46","updatedAt":"2026-04-16T10:53:46"},{"id":1,"name":"拓词测试","type":"search","estimatedKeywordCount":6,"savedKeywordCount":0,"createdAt":"2026-04-15T17:04:55","updatedAt":"2026-04-15T17:04:55"}],"total":3,"size":20,"current":1,"pages":1}}
2026-04-16 11:21:02.853 [http-nio-8080-exec-4] INFO  [021b0b67f7fa475fbf1a80ed9d04f329] http.access - http_request traceId=021b0b67f7fa475fbf1a80ed9d04f329 userId=5 method=GET path=/api/keyword-groups/3 ip=0:0:0:0:0:0:0:1 headers={host=localhost:8080, connection=close, sec-ch-ua-platform="Windows", authorization=***, user-agent=Mozilla/5.0 (Windows NT 10.0; Win64; x64) AppleWebKit/537.36 (KHTML, like Gecko) Chrome/147.0.0.0 Safari/537.36, accept=application/json, text/plain, */*, sec-ch-ua="Google Chrome";v="147", "Not.A/Brand";v="8", "Chromium";v="147", sec-ch-ua-mobile=?0, sec-fetch-site=same-origin, sec-fetch-mode=cors, sec-fetch-dest=empty, referer=http://localhost:3000/admin/keyword-groups, accept-encoding=gzip, deflate, br, zstd, accept-language=zh-CN,zh;q=0.9} body=
2026-04-16 11:21:02.853 [http-nio-8080-exec-4] INFO  [021b0b67f7fa475fbf1a80ed9d04f329] http.access - http_response traceId=021b0b67f7fa475fbf1a80ed9d04f329 userId=5 method=GET path=/api/keyword-groups/3 status=200 costMs=19 body={"code":0,"message":"success","data":{"id":3,"companyId":5,"companyName":"公司测试1","name":"???????_20260416111852","type":"qa","remark":"codex api smoke test","columns":{"regionWords":[{"id":26,"wordText":"??","source":"custom","sortOrder":10}],"prefixWords":[{"id":27,"wordText":"??","source":"custom","sortOrder":10}],"coreWords":[{"id":28,"wordText":"??","source":"custom","sortOrder":10}],"industryWords":[{"id":29,"wordText":"??","source":"custom","sortOrder":10},{"id":30,"wordText":"???","source":"custom","sortOrder":20}],"suffixWords":[{"id":31,"wordText":"???","source":"custom","sortOrder":10},{"id":32,"wordText":"??","source":"custom","sortOrder":20}]},"estimatedKeywordCount":4,"savedKeywordCount":3,"createdAt":"2026-04-16T11:18:52","updatedAt":"2026-04-16T11:18:52"}}
2026-04-16 11:21:03.177 [http-nio-8080-exec-5] INFO  [9930af5e7c5f4bf4bcdac0b6784245c1] http.access - http_request traceId=9930af5e7c5f4bf4bcdac0b6784245c1 userId=5 method=GET path=/api/keyword-affix-words/options?type=qa ip=0:0:0:0:0:0:0:1 headers={host=localhost:8080, connection=close, sec-ch-ua-platform="Windows", authorization=***, user-agent=Mozilla/5.0 (Windows NT 10.0; Win64; x64) AppleWebKit/537.36 (KHTML, like Gecko) Chrome/147.0.0.0 Safari/537.36, accept=application/json, text/plain, */*, sec-ch-ua="Google Chrome";v="147", "Not.A/Brand";v="8", "Chromium";v="147", sec-ch-ua-mobile=?0, sec-fetch-site=same-origin, sec-fetch-mode=cors, sec-fetch-dest=empty, referer=http://localhost:3000/admin/keyword-groups, accept-encoding=gzip, deflate, br, zstd, accept-language=zh-CN,zh;q=0.9} body=
2026-04-16 11:21:03.177 [http-nio-8080-exec-5] INFO  [9930af5e7c5f4bf4bcdac0b6784245c1] http.access - http_response traceId=9930af5e7c5f4bf4bcdac0b6784245c1 userId=5 method=GET path=/api/keyword-affix-words/options?type=qa status=200 costMs=12 body={"code":0,"message":"success","data":{"prefixWords":[{"id":9,"type":"qa","affixKind":"prefix","wordText":"口碑好的","sortOrder":10,"enabled":true,"createdAt":"2026-04-15T18:18:40","updatedAt":"2026-04-15T18:18:40"},{"id":10,"type":"qa","affixKind":"prefix","wordText":"比较好的","sortOrder":20,"enabled":true,"createdAt":"2026-04-15T18:18:40","updatedAt":"2026-04-15T18:18:40"},{"id":11,"type":"qa","affixKind":"prefix","wordText":"靠谱的","sortOrder":30,"enabled":true,"createdAt":"2026-04-15T18:18:40","updatedAt":"2026-04-15T18:18:40"},{"id":12,"type":"qa","affixKind":"prefix","wordText":"有实力的","sortOrder":40,"enabled":true,"createdAt":"2026-04-15T18:18:40","updatedAt":"2026-04-15T18:18:40"},{"id":13,"type":"qa","affixKind":"prefix","wordText":"专业的","sortOrder":50,"enabled":true,"createdAt":"2026-04-15T18:18:40","updatedAt":"2026-04-15T18:18:40"},{"id":14,"type":"qa","affixKind":"prefix","wordText":"知名的","sortOrder":60,"enabled":true,"createdAt":"2026-04-15T18:18:40","updatedAt":"2026-04-15T18:18:40"},{"id":15,"type":"qa","affixKind":"prefix","wordText":"评价高的","sortOrder":70,"enabled":true,"createdAt":"2026-04-15T18:18:40","updatedAt":"2026-04-15T18:18:40"},{"id":16,"type":"qa","affixKind":"prefix","wordText":"优秀的","sortOrder":80,"enabled":true,"createdAt":"2026-04-15T18:18:40","updatedAt":"2026-04-15T18:18:40"},{"id":17,"type":"qa","affixKind":"prefix","wordText":"有名的","sortOrder":90,"enabled":true,"createdAt":"2026-04-15T18:18:40","updatedAt":"2026-04-15T18:18:40"},{"id":18,"type":"qa","affixKind":"prefix","wordText":"值得信赖的","sortOrder":100,"enabled":true,"createdAt":"2026-04-15T18:18:40","updatedAt":"2026-04-15T18:18:40"},{"id":19,"type":"qa","affixKind":"prefix","wordText":"正规的","sortOrder":110,"enabled":true,"createdAt":"2026-04-15T18:18:40","updatedAt":"2026-04-15T18:18:40"},{"id":20,"type":"qa","affixKind":"prefix","wordText":"有保障的","sortOrder":120,"enabled":true,"createdAt":"2026-04-15T18:18:40","updatedAt":"2026-04-15T18:18:40"},{"id":21,"type":"qa","affixKind":"prefix",...(truncated)
2026-04-16 11:21:03.428 [http-nio-8080-exec-7] INFO  [bfd3fd5a86ce49d09d70050e38c0f57c] http.access - http_request traceId=bfd3fd5a86ce49d09d70050e38c0f57c userId=5 method=POST path=/api/keyword-groups/preview ip=0:0:0:0:0:0:0:1 headers={host=localhost:8080, connection=close, content-length=554, sec-ch-ua-platform="Windows", authorization=***, user-agent=Mozilla/5.0 (Windows NT 10.0; Win64; x64) AppleWebKit/537.36 (KHTML, like Gecko) Chrome/147.0.0.0 Safari/537.36, accept=application/json, text/plain, */*, sec-ch-ua="Google Chrome";v="147", "Not.A/Brand";v="8", "Chromium";v="147", content-type=application/json, sec-ch-ua-mobile=?0, origin=http://localhost:3000, sec-fetch-site=same-origin, sec-fetch-mode=cors, sec-fetch-dest=empty, referer=http://localhost:3000/admin/keyword-groups, accept-encoding=gzip, deflate, br, zstd, accept-language=zh-CN,zh;q=0.9} body={"companyId":5,"name":"???????_20260416111852","type":"qa","remark":"codex api smoke test","count":100,"columns":{"regionWords":[{"wordText":"??","source":"custom","sortOrder":10}],"prefixWords":[{"wordText":"??","source":"custom","sortOrder":10}],"coreWords":[{"wordText":"??","source":"custom","sortOrder":10}],"industryWords":[{"wordText":"??","source":"system","sortOrder":10},{"wordText":"???","source":"system","sortOrder":20}],"suffixWords":[{"wordText":"???","source":"custom","sortOrder":10},{"wordText":"??","source":"custom","sortOrder":20}]}}
2026-04-16 11:21:03.428 [http-nio-8080-exec-7] INFO  [bfd3fd5a86ce49d09d70050e38c0f57c] http.access - http_response traceId=bfd3fd5a86ce49d09d70050e38c0f57c userId=5 method=POST path=/api/keyword-groups/preview status=200 costMs=12 body={"code":0,"message":"success","data":{"totalEstimated":4,"totalAvailable":3,"totalGenerated":3,"keywords":["????????????","???????????","??????????"]}}
2026-04-16 11:21:12.159 [http-nio-8080-exec-6] INFO  [881670f0396f4aadb9957a1c2be3795c] http.access - http_request traceId=881670f0396f4aadb9957a1c2be3795c userId=5 method=GET path=/api/dispatch/monitor/alerts?current=1&size=1&rangeType=last7&status=open ip=0:0:0:0:0:0:0:1 headers={host=localhost:8080, connection=close, sec-ch-ua-platform="Windows", authorization=***, user-agent=Mozilla/5.0 (Windows NT 10.0; Win64; x64) AppleWebKit/537.36 (KHTML, like Gecko) Chrome/147.0.0.0 Safari/537.36, accept=application/json, text/plain, */*, sec-ch-ua="Google Chrome";v="147", "Not.A/Brand";v="8", "Chromium";v="147", sec-ch-ua-mobile=?0, sec-fetch-site=same-origin, sec-fetch-mode=cors, sec-fetch-dest=empty, referer=http://localhost:3000/admin/keyword-groups, accept-encoding=gzip, deflate, br, zstd, accept-language=zh-CN,zh;q=0.9} body=
2026-04-16 11:21:12.159 [http-nio-8080-exec-6] INFO  [881670f0396f4aadb9957a1c2be3795c] http.access - http_response traceId=881670f0396f4aadb9957a1c2be3795c userId=5 method=GET path=/api/dispatch/monitor/alerts?current=1&size=1&rangeType=last7&status=open status=200 costMs=14 body={"code":0,"message":"success","data":{"records":[{"id":6,"alertCode":"ALT17762374144004334","taskId":17,"projectId":7,"projectName":"项目名称1","severity":"warn","status":"open","title":"Dispatch task failed and will retry","content":"Question strategy generation failed for questionIds=10","retryCount":1,"contextJson":"{\"mode\": \"batch\", \"force\": false, \"triggerSource\": \"question_pool_confirm\", \"questionVersionId\": 6}","createdAt":"2026-04-15T15:16:54"}],"total":4,"size":1,"current":1,"pages":4}}
2026-04-16 11:21:14.554 [http-nio-8080-exec-8] INFO  [0acf97a8ba084543bd6f053fabe520d5] http.access - http_request traceId=0acf97a8ba084543bd6f053fabe520d5 userId=5 method=GET path=/api/keyword-groups/3 ip=0:0:0:0:0:0:0:1 headers={host=localhost:8080, connection=close, sec-ch-ua-platform="Windows", authorization=***, user-agent=Mozilla/5.0 (Windows NT 10.0; Win64; x64) AppleWebKit/537.36 (KHTML, like Gecko) Chrome/147.0.0.0 Safari/537.36, accept=application/json, text/plain, */*, sec-ch-ua="Google Chrome";v="147", "Not.A/Brand";v="8", "Chromium";v="147", sec-ch-ua-mobile=?0, sec-fetch-site=same-origin, sec-fetch-mode=cors, sec-fetch-dest=empty, referer=http://localhost:3000/admin/keyword-groups, accept-encoding=gzip, deflate, br, zstd, accept-language=zh-CN,zh;q=0.9} body=
2026-04-16 11:21:14.555 [http-nio-8080-exec-8] INFO  [0acf97a8ba084543bd6f053fabe520d5] http.access - http_response traceId=0acf97a8ba084543bd6f053fabe520d5 userId=5 method=GET path=/api/keyword-groups/3 status=200 costMs=11 body={"code":0,"message":"success","data":{"id":3,"companyId":5,"companyName":"公司测试1","name":"???????_20260416111852","type":"qa","remark":"codex api smoke test","columns":{"regionWords":[{"id":26,"wordText":"??","source":"custom","sortOrder":10}],"prefixWords":[{"id":27,"wordText":"??","source":"custom","sortOrder":10}],"coreWords":[{"id":28,"wordText":"??","source":"custom","sortOrder":10}],"industryWords":[{"id":29,"wordText":"??","source":"custom","sortOrder":10},{"id":30,"wordText":"???","source":"custom","sortOrder":20}],"suffixWords":[{"id":31,"wordText":"???","source":"custom","sortOrder":10},{"id":32,"wordText":"??","source":"custom","sortOrder":20}]},"estimatedKeywordCount":4,"savedKeywordCount":3,"createdAt":"2026-04-16T11:18:52","updatedAt":"2026-04-16T11:18:52"}}
2026-04-16 11:21:14.812 [http-nio-8080-exec-9] INFO  [7aa039dcd20d43ea93abe84b42c86abd] http.access - http_request traceId=7aa039dcd20d43ea93abe84b42c86abd userId=5 method=GET path=/api/keyword-affix-words/options?type=qa ip=0:0:0:0:0:0:0:1 headers={host=localhost:8080, connection=close, sec-ch-ua-platform="Windows", authorization=***, user-agent=Mozilla/5.0 (Windows NT 10.0; Win64; x64) AppleWebKit/537.36 (KHTML, like Gecko) Chrome/147.0.0.0 Safari/537.36, accept=application/json, text/plain, */*, sec-ch-ua="Google Chrome";v="147", "Not.A/Brand";v="8", "Chromium";v="147", sec-ch-ua-mobile=?0, sec-fetch-site=same-origin, sec-fetch-mode=cors, sec-fetch-dest=empty, referer=http://localhost:3000/admin/keyword-groups, accept-encoding=gzip, deflate, br, zstd, accept-language=zh-CN,zh;q=0.9} body=
2026-04-16 11:21:14.812 [http-nio-8080-exec-9] INFO  [7aa039dcd20d43ea93abe84b42c86abd] http.access - http_response traceId=7aa039dcd20d43ea93abe84b42c86abd userId=5 method=GET path=/api/keyword-affix-words/options?type=qa status=200 costMs=16 body={"code":0,"message":"success","data":{"prefixWords":[{"id":9,"type":"qa","affixKind":"prefix","wordText":"口碑好的","sortOrder":10,"enabled":true,"createdAt":"2026-04-15T18:18:40","updatedAt":"2026-04-15T18:18:40"},{"id":10,"type":"qa","affixKind":"prefix","wordText":"比较好的","sortOrder":20,"enabled":true,"createdAt":"2026-04-15T18:18:40","updatedAt":"2026-04-15T18:18:40"},{"id":11,"type":"qa","affixKind":"prefix","wordText":"靠谱的","sortOrder":30,"enabled":true,"createdAt":"2026-04-15T18:18:40","updatedAt":"2026-04-15T18:18:40"},{"id":12,"type":"qa","affixKind":"prefix","wordText":"有实力的","sortOrder":40,"enabled":true,"createdAt":"2026-04-15T18:18:40","updatedAt":"2026-04-15T18:18:40"},{"id":13,"type":"qa","affixKind":"prefix","wordText":"专业的","sortOrder":50,"enabled":true,"createdAt":"2026-04-15T18:18:40","updatedAt":"2026-04-15T18:18:40"},{"id":14,"type":"qa","affixKind":"prefix","wordText":"知名的","sortOrder":60,"enabled":true,"createdAt":"2026-04-15T18:18:40","updatedAt":"2026-04-15T18:18:40"},{"id":15,"type":"qa","affixKind":"prefix","wordText":"评价高的","sortOrder":70,"enabled":true,"createdAt":"2026-04-15T18:18:40","updatedAt":"2026-04-15T18:18:40"},{"id":16,"type":"qa","affixKind":"prefix","wordText":"优秀的","sortOrder":80,"enabled":true,"createdAt":"2026-04-15T18:18:40","updatedAt":"2026-04-15T18:18:40"},{"id":17,"type":"qa","affixKind":"prefix","wordText":"有名的","sortOrder":90,"enabled":true,"createdAt":"2026-04-15T18:18:40","updatedAt":"2026-04-15T18:18:40"},{"id":18,"type":"qa","affixKind":"prefix","wordText":"值得信赖的","sortOrder":100,"enabled":true,"createdAt":"2026-04-15T18:18:40","updatedAt":"2026-04-15T18:18:40"},{"id":19,"type":"qa","affixKind":"prefix","wordText":"正规的","sortOrder":110,"enabled":true,"createdAt":"2026-04-15T18:18:40","updatedAt":"2026-04-15T18:18:40"},{"id":20,"type":"qa","affixKind":"prefix","wordText":"有保障的","sortOrder":120,"enabled":true,"createdAt":"2026-04-15T18:18:40","updatedAt":"2026-04-15T18:18:40"},{"id":21,"type":"qa","affixKind":"prefix",...(truncated)
2026-04-16 11:21:14.875 [http-nio-8080-exec-10] INFO  [e2b4dc30dfdb431cac48a598cd74a9ed] http.access - http_request traceId=e2b4dc30dfdb431cac48a598cd74a9ed userId=5 method=POST path=/api/keyword-groups/preview ip=0:0:0:0:0:0:0:1 headers={host=localhost:8080, connection=close, content-length=554, sec-ch-ua-platform="Windows", authorization=***, user-agent=Mozilla/5.0 (Windows NT 10.0; Win64; x64) AppleWebKit/537.36 (KHTML, like Gecko) Chrome/147.0.0.0 Safari/537.36, accept=application/json, text/plain, */*, sec-ch-ua="Google Chrome";v="147", "Not.A/Brand";v="8", "Chromium";v="147", content-type=application/json, sec-ch-ua-mobile=?0, origin=http://localhost:3000, sec-fetch-site=same-origin, sec-fetch-mode=cors, sec-fetch-dest=empty, referer=http://localhost:3000/admin/keyword-groups, accept-encoding=gzip, deflate, br, zstd, accept-language=zh-CN,zh;q=0.9} body={"companyId":5,"name":"???????_20260416111852","type":"qa","remark":"codex api smoke test","count":100,"columns":{"regionWords":[{"wordText":"??","source":"custom","sortOrder":10}],"prefixWords":[{"wordText":"??","source":"custom","sortOrder":10}],"coreWords":[{"wordText":"??","source":"custom","sortOrder":10}],"industryWords":[{"wordText":"??","source":"system","sortOrder":10},{"wordText":"???","source":"system","sortOrder":20}],"suffixWords":[{"wordText":"???","source":"custom","sortOrder":10},{"wordText":"??","source":"custom","sortOrder":20}]}}
2026-04-16 11:21:14.876 [http-nio-8080-exec-10] INFO  [e2b4dc30dfdb431cac48a598cd74a9ed] http.access - http_response traceId=e2b4dc30dfdb431cac48a598cd74a9ed userId=5 method=POST path=/api/keyword-groups/preview status=200 costMs=8 body={"code":0,"message":"success","data":{"totalEstimated":4,"totalAvailable":3,"totalGenerated":3,"keywords":["????????????","??????????","???????????"]}}
2026-04-16 11:21:23.544 [http-nio-8080-exec-2] INFO  [a28d6b4ed5fa4cbead17ee5fc832149c] http.access - http_request traceId=a28d6b4ed5fa4cbead17ee5fc832149c userId=5 method=GET path=/api/content/articles?current=1&size=10 ip=0:0:0:0:0:0:0:1 headers={host=localhost:8080, connection=close, sec-ch-ua-platform="Windows", authorization=***, user-agent=Mozilla/5.0 (Windows NT 10.0; Win64; x64) AppleWebKit/537.36 (KHTML, like Gecko) Chrome/147.0.0.0 Safari/537.36, accept=application/json, text/plain, */*, sec-ch-ua="Google Chrome";v="147", "Not.A/Brand";v="8", "Chromium";v="147", sec-ch-ua-mobile=?0, sec-fetch-site=same-origin, sec-fetch-mode=cors, sec-fetch-dest=empty, referer=http://localhost:3000/admin/content/execution, accept-encoding=gzip, deflate, br, zstd, accept-language=zh-CN,zh;q=0.9} body=
2026-04-16 11:21:23.546 [http-nio-8080-exec-2] INFO  [a28d6b4ed5fa4cbead17ee5fc832149c] http.access - http_response traceId=a28d6b4ed5fa4cbead17ee5fc832149c userId=5 method=GET path=/api/content/articles?current=1&size=10 status=200 costMs=11 body={"code":0,"message":"success","data":{"records":[],"total":0,"size":10,"current":1,"pages":0}}
2026-04-16 11:21:24.181 [http-nio-8080-exec-1] INFO  [c4c7be0b55f54db4ae07bad38030f6b0] http.access - http_request traceId=c4c7be0b55f54db4ae07bad38030f6b0 userId=5 method=GET path=/api/companies?current=1&size=500 ip=0:0:0:0:0:0:0:1 headers={host=localhost:8080, connection=close, sec-ch-ua-platform="Windows", authorization=***, user-agent=Mozilla/5.0 (Windows NT 10.0; Win64; x64) AppleWebKit/537.36 (KHTML, like Gecko) Chrome/147.0.0.0 Safari/537.36, accept=application/json, text/plain, */*, sec-ch-ua="Google Chrome";v="147", "Not.A/Brand";v="8", "Chromium";v="147", sec-ch-ua-mobile=?0, sec-fetch-site=same-origin, sec-fetch-mode=cors, sec-fetch-dest=empty, referer=http://localhost:3000/admin/keyword-groups, accept-encoding=gzip, deflate, br, zstd, accept-language=zh-CN,zh;q=0.9} body=
2026-04-16 11:21:24.182 [http-nio-8080-exec-1] INFO  [c4c7be0b55f54db4ae07bad38030f6b0] http.access - http_response traceId=c4c7be0b55f54db4ae07bad38030f6b0 userId=5 method=GET path=/api/companies?current=1&size=500 status=200 costMs=10 body={"code":0,"message":"success","data":{"records":[{"id":5,"companyName":"公司测试1","contactName":"客户联系人","contactPhone":"12322341122","industry":"food_beverage","industryTags":"[\"food_beverage\", \"finance_business\", \"education_training\"]","businessDirection":"餐饮","competitors":"火锅，油条","officialWebsite":"www.baidu.com","officialAccount":"公众号","videoAccount":"视频号","douyinAccount":"视频号","city":"山西省 长治市 屯留区","provinceCode":"14","provinceName":"山西省","cityCode":"1404","cityName":"长治市","districtCode":"140405","districtName":"屯留区","serviceArea":"上海市 市辖区 长宁区","ownerType":"direct","sourceType":"internal","referralSource":"dwadaw1","status":"potential","createdBy":5,"createdAt":"2026-04-15T15:03:44","updatedAt":"2026-04-15T15:03:44"},{"id":4,"companyName":"test_客户1","contactName":"test_联系人1","contactPhone":"131112354566","industry":"medical_health","industryTags":"[\"medical_health\", \"education_training\", \"tech_internet\", \"legal_services\", \"home_realestate\", \"food_beverage\"]","businessDirection":"科技","competitors":"竞品1，竞品2","officialWebsite":"www.baidu.com","officialAccount":"jbhgnshs","videoAccount":"jbhgnshs","douyinAccount":"jbhgnshs","city":"天津市 市辖区 南开区","provinceCode":"12","provinceName":"天津市","cityCode":"1201","cityName":"市辖区","districtCode":"120104","districtName":"南开区","serviceArea":"北京市","ownerType":"direct","sourceType":"internal","salesOwnerId":1,"referralSource":"ddwad","status":"potential","createdBy":1,"createdAt":"2026-04-14T15:22:29","updatedAt":"2026-04-14T15:22:29"},{"id":3,"companyName":"mbnvm","industryTags":"[\"general\"]","ownerType":"direct","sourceType":"internal","status":"potential","createdBy":1,"createdAt":"2026-04-14T14:06:48","updatedAt":"2026-04-14T15:00:57"},{"id":1,"companyName":"SANXING","industry":"JISUANJI","industryTags":"[\"general\"]","city":"ANHUI","ownerType":"direct","sourceType":"internal","status":"potential","createdAt":"2026-04-11T16:47:15","updatedAt":"2026-04-14T15:00:57"}],"total":4,"size":500,"current":1,"pages":1}}
2026-04-16 11:21:24.505 [http-nio-8080-exec-3] INFO  [3b2e80ae0e7d49a4a7e15987b647c4db] http.access - http_request traceId=3b2e80ae0e7d49a4a7e15987b647c4db userId=5 method=GET path=/api/keyword-affix-words/options?type=brand ip=0:0:0:0:0:0:0:1 headers={host=localhost:8080, connection=close, sec-ch-ua-platform="Windows", authorization=***, user-agent=Mozilla/5.0 (Windows NT 10.0; Win64; x64) AppleWebKit/537.36 (KHTML, like Gecko) Chrome/147.0.0.0 Safari/537.36, accept=application/json, text/plain, */*, sec-ch-ua="Google Chrome";v="147", "Not.A/Brand";v="8", "Chromium";v="147", sec-ch-ua-mobile=?0, sec-fetch-site=same-origin, sec-fetch-mode=cors, sec-fetch-dest=empty, referer=http://localhost:3000/admin/keyword-groups, accept-encoding=gzip, deflate, br, zstd, accept-language=zh-CN,zh;q=0.9} body=
2026-04-16 11:21:24.505 [http-nio-8080-exec-3] INFO  [3b2e80ae0e7d49a4a7e15987b647c4db] http.access - http_response traceId=3b2e80ae0e7d49a4a7e15987b647c4db userId=5 method=GET path=/api/keyword-affix-words/options?type=brand status=200 costMs=12 body={"code":0,"message":"success","data":{"prefixWords":[],"suffixWords":[],"industryWords":[{"id":142,"type":"medical_health","affixKind":"industry","wordText":"医疗健康","sortOrder":10,"enabled":true},{"id":143,"type":"education_training","affixKind":"industry","wordText":"教育培训","sortOrder":20,"enabled":true},{"id":144,"type":"tech_internet","affixKind":"industry","wordText":"科技互联网","sortOrder":30,"enabled":true},{"id":145,"type":"finance_business","affixKind":"industry","wordText":"金融财经","sortOrder":40,"enabled":true},{"id":146,"type":"legal_services","affixKind":"industry","wordText":"法律服务","sortOrder":50,"enabled":true},{"id":147,"type":"home_realestate","affixKind":"industry","wordText":"房产家居","sortOrder":60,"enabled":true},{"id":148,"type":"food_beverage","affixKind":"industry","wordText":"餐饮美食","sortOrder":70,"enabled":true},{"id":149,"type":"beauty_cosmetic","affixKind":"industry","wordText":"美容美业","sortOrder":80,"enabled":true},{"id":150,"type":"auto_transport","affixKind":"industry","wordText":"汽车出行","sortOrder":90,"enabled":true},{"id":151,"type":"travel_hotel","affixKind":"industry","wordText":"文旅酒店","sortOrder":100,"enabled":true},{"id":152,"type":"manufacture_industry","affixKind":"industry","wordText":"制造工业","sortOrder":110,"enabled":true},{"id":153,"type":"agriculture","affixKind":"industry","wordText":"农业农资","sortOrder":120,"enabled":true},{"id":154,"type":"general","affixKind":"industry","wordText":"综合","sortOrder":130,"enabled":true}],"typeOptions":[{"value":"brand","label":"品牌类"},{"value":"location","label":"地域类"},{"value":"industry","label":"行业类"},{"value":"decision","label":"决策类"},{"value":"transaction","label":"交易类"},{"value":"qa","label":"问答类"},{"value":"comparison","label":"对比类"},{"value":"competitor","label":"竞品类"}]}}
2026-04-16 11:21:24.755 [http-nio-8080-exec-4] INFO  [bbf02ce0f72c4c578b470194a7342fd7] http.access - http_request traceId=bbf02ce0f72c4c578b470194a7342fd7 userId=5 method=GET path=/api/keyword-groups?current=1&size=20 ip=0:0:0:0:0:0:0:1 headers={host=localhost:8080, connection=close, sec-ch-ua-platform="Windows", authorization=***, user-agent=Mozilla/5.0 (Windows NT 10.0; Win64; x64) AppleWebKit/537.36 (KHTML, like Gecko) Chrome/147.0.0.0 Safari/537.36, accept=application/json, text/plain, */*, sec-ch-ua="Google Chrome";v="147", "Not.A/Brand";v="8", "Chromium";v="147", sec-ch-ua-mobile=?0, sec-fetch-site=same-origin, sec-fetch-mode=cors, sec-fetch-dest=empty, referer=http://localhost:3000/admin/keyword-groups, accept-encoding=gzip, deflate, br, zstd, accept-language=zh-CN,zh;q=0.9} body=
2026-04-16 11:21:24.755 [http-nio-8080-exec-4] INFO  [bbf02ce0f72c4c578b470194a7342fd7] http.access - http_response traceId=bbf02ce0f72c4c578b470194a7342fd7 userId=5 method=GET path=/api/keyword-groups?current=1&size=20 status=200 costMs=12 body={"code":0,"message":"success","data":{"records":[{"id":3,"companyId":5,"companyName":"公司测试1","name":"???????_20260416111852","type":"qa","remark":"codex api smoke test","estimatedKeywordCount":4,"savedKeywordCount":3,"createdAt":"2026-04-16T11:18:52","updatedAt":"2026-04-16T11:18:52"},{"id":2,"companyId":5,"companyName":"公司测试1","name":"公司测试拓词组1","type":"qa","estimatedKeywordCount":140,"savedKeywordCount":0,"createdAt":"2026-04-16T10:53:46","updatedAt":"2026-04-16T10:53:46"},{"id":1,"name":"拓词测试","type":"search","estimatedKeywordCount":6,"savedKeywordCount":0,"createdAt":"2026-04-15T17:04:55","updatedAt":"2026-04-15T17:04:55"}],"total":3,"size":20,"current":1,"pages":1}}
2026-04-16 11:45:27.756 [http-nio-8080-exec-5] INFO  [7068e8ce8f5345a296f6f6462d5dffe4] http.access - http_request traceId=7068e8ce8f5345a296f6f6462d5dffe4 userId=5 method=GET path=/api/companies?current=1&size=500 ip=0:0:0:0:0:0:0:1 headers={host=localhost:8080, connection=close, sec-ch-ua-platform="Windows", authorization=***, user-agent=Mozilla/5.0 (Windows NT 10.0; Win64; x64) AppleWebKit/537.36 (KHTML, like Gecko) Chrome/147.0.0.0 Safari/537.36, accept=application/json, text/plain, */*, sec-ch-ua="Google Chrome";v="147", "Not.A/Brand";v="8", "Chromium";v="147", sec-ch-ua-mobile=?0, sec-fetch-site=same-origin, sec-fetch-mode=cors, sec-fetch-dest=empty, referer=http://localhost:3000/admin/keyword-groups, accept-encoding=gzip, deflate, br, zstd, accept-language=zh-CN,zh;q=0.9} body=
2026-04-16 11:45:27.757 [http-nio-8080-exec-5] INFO  [7068e8ce8f5345a296f6f6462d5dffe4] http.access - http_response traceId=7068e8ce8f5345a296f6f6462d5dffe4 userId=5 method=GET path=/api/companies?current=1&size=500 status=200 costMs=8 body={"code":0,"message":"success","data":{"records":[{"id":5,"companyName":"公司测试1","contactName":"客户联系人","contactPhone":"12322341122","industry":"food_beverage","industryTags":"[\"food_beverage\", \"finance_business\", \"education_training\"]","businessDirection":"餐饮","competitors":"火锅，油条","officialWebsite":"www.baidu.com","officialAccount":"公众号","videoAccount":"视频号","douyinAccount":"视频号","city":"山西省 长治市 屯留区","provinceCode":"14","provinceName":"山西省","cityCode":"1404","cityName":"长治市","districtCode":"140405","districtName":"屯留区","serviceArea":"上海市 市辖区 长宁区","ownerType":"direct","sourceType":"internal","referralSource":"dwadaw1","status":"potential","createdBy":5,"createdAt":"2026-04-15T15:03:44","updatedAt":"2026-04-15T15:03:44"},{"id":4,"companyName":"test_客户1","contactName":"test_联系人1","contactPhone":"131112354566","industry":"medical_health","industryTags":"[\"medical_health\", \"education_training\", \"tech_internet\", \"legal_services\", \"home_realestate\", \"food_beverage\"]","businessDirection":"科技","competitors":"竞品1，竞品2","officialWebsite":"www.baidu.com","officialAccount":"jbhgnshs","videoAccount":"jbhgnshs","douyinAccount":"jbhgnshs","city":"天津市 市辖区 南开区","provinceCode":"12","provinceName":"天津市","cityCode":"1201","cityName":"市辖区","districtCode":"120104","districtName":"南开区","serviceArea":"北京市","ownerType":"direct","sourceType":"internal","salesOwnerId":1,"referralSource":"ddwad","status":"potential","createdBy":1,"createdAt":"2026-04-14T15:22:29","updatedAt":"2026-04-14T15:22:29"},{"id":3,"companyName":"mbnvm","industryTags":"[\"general\"]","ownerType":"direct","sourceType":"internal","status":"potential","createdBy":1,"createdAt":"2026-04-14T14:06:48","updatedAt":"2026-04-14T15:00:57"},{"id":1,"companyName":"SANXING","industry":"JISUANJI","industryTags":"[\"general\"]","city":"ANHUI","ownerType":"direct","sourceType":"internal","status":"potential","createdAt":"2026-04-11T16:47:15","updatedAt":"2026-04-14T15:00:57"}],"total":4,"size":500,"current":1,"pages":1}}
2026-04-16 11:45:27.757 [http-nio-8080-exec-7] INFO  [52b332938ab84ad88d3962e9615f4252] http.access - http_request traceId=52b332938ab84ad88d3962e9615f4252 userId=5 method=GET path=/api/dispatch/monitor/alerts?current=1&size=1&rangeType=last7&status=open ip=0:0:0:0:0:0:0:1 headers={host=localhost:8080, connection=close, sec-ch-ua-platform="Windows", authorization=***, user-agent=Mozilla/5.0 (Windows NT 10.0; Win64; x64) AppleWebKit/537.36 (KHTML, like Gecko) Chrome/147.0.0.0 Safari/537.36, accept=application/json, text/plain, */*, sec-ch-ua="Google Chrome";v="147", "Not.A/Brand";v="8", "Chromium";v="147", sec-ch-ua-mobile=?0, sec-fetch-site=same-origin, sec-fetch-mode=cors, sec-fetch-dest=empty, referer=http://localhost:3000/admin/keyword-groups, accept-encoding=gzip, deflate, br, zstd, accept-language=zh-CN,zh;q=0.9} body=
2026-04-16 11:45:27.806 [http-nio-8080-exec-7] INFO  [52b332938ab84ad88d3962e9615f4252] http.access - http_response traceId=52b332938ab84ad88d3962e9615f4252 userId=5 method=GET path=/api/dispatch/monitor/alerts?current=1&size=1&rangeType=last7&status=open status=200 costMs=9 body={"code":0,"message":"success","data":{"records":[{"id":6,"alertCode":"ALT17762374144004334","taskId":17,"projectId":7,"projectName":"项目名称1","severity":"warn","status":"open","title":"Dispatch task failed and will retry","content":"Question strategy generation failed for questionIds=10","retryCount":1,"contextJson":"{\"mode\": \"batch\", \"force\": false, \"triggerSource\": \"question_pool_confirm\", \"questionVersionId\": 6}","createdAt":"2026-04-15T15:16:54"}],"total":4,"size":1,"current":1,"pages":4}}
2026-04-16 11:45:27.834 [http-nio-8080-exec-6] INFO  [4cfb20d0cab648c29b3fec575fc0aee9] http.access - http_request traceId=4cfb20d0cab648c29b3fec575fc0aee9 userId=5 method=GET path=/api/dicts/items ip=0:0:0:0:0:0:0:1 headers={host=localhost:8080, connection=close, sec-ch-ua-platform="Windows", authorization=***, user-agent=Mozilla/5.0 (Windows NT 10.0; Win64; x64) AppleWebKit/537.36 (KHTML, like Gecko) Chrome/147.0.0.0 Safari/537.36, accept=application/json, text/plain, */*, sec-ch-ua="Google Chrome";v="147", "Not.A/Brand";v="8", "Chromium";v="147", sec-ch-ua-mobile=?0, sec-fetch-site=same-origin, sec-fetch-mode=cors, sec-fetch-dest=empty, referer=http://localhost:3000/admin/keyword-groups, accept-encoding=gzip, deflate, br, zstd, accept-language=zh-CN,zh;q=0.9} body=
2026-04-16 11:45:27.835 [http-nio-8080-exec-6] INFO  [4cfb20d0cab648c29b3fec575fc0aee9] http.access - http_response traceId=4cfb20d0cab648c29b3fec575fc0aee9 userId=5 method=GET path=/api/dicts/items status=200 costMs=8 body={"code":0,"message":"success","data":{"activity_action":[{"dictType":"activity_action","dictKey":"company.create","dictValue":"创建客户","sortOrder":10},{"dictType":"activity_action","dictKey":"company.update","dictValue":"更新客户","sortOrder":20},{"dictType":"activity_action","dictKey":"company.delete","dictValue":"删除客户","sortOrder":30},{"dictType":"activity_action","dictKey":"brand.create","dictValue":"创建品牌","sortOrder":40},{"dictType":"activity_action","dictKey":"brand.update","dictValue":"更新品牌","sortOrder":50},{"dictType":"activity_action","dictKey":"brand.delete","dictValue":"删除品牌","sortOrder":60},{"dictType":"activity_action","dictKey":"project.create","dictValue":"创建项目","sortOrder":70},{"dictType":"activity_action","dictKey":"project.update","dictValue":"更新项目","sortOrder":80},{"dictType":"activity_action","dictKey":"project.delete","dictValue":"删除项目","sortOrder":90},{"dictType":"activity_action","dictKey":"project.sign_and_deduct","dictValue":"签约并扣款","sortOrder":100},{"dictType":"activity_action","dictKey":"project.status.update","dictValue":"更新项目状态","sortOrder":110},{"dictType":"activity_action","dictKey":"project.stage.update","dictValue":"更新项目阶段","sortOrder":120},{"dictType":"activity_action","dictKey":"project.flow.update","dictValue":"更新项目流转","sortOrder":130},{"dictType":"activity_action","dictKey":"brand.material.upload","dictValue":"上传品牌素材","sortOrder":140},{"dictType":"activity_action","dictKey":"brand.material.delete","dictValue":"删除品牌素材","sortOrder":150}],"alert_severity":[{"dictType":"alert_severity","dictKey":"info","dictValue":"信息","sortOrder":10},{"dictType":"alert_severity","dictKey":"warn","dictValue":"警告","sortOrder":20},{"dictType":"alert_severity","dictKey":"critical","dictValue":"严重","sortOrder":30},{"dictType":"alert_severity","dictKey":"error","dictValue":"错误","sortOrder":30}],"biweekly_frequency":[{"dictType":"biweekly_frequency","dictKey":"1","dictValue":"有双周简报","sortOrder":10},{"dictType":"biweekly_frequency","dictKey":"2","dictValue":"无双周简报...(truncated)
2026-04-16 11:45:28.158 [http-nio-8080-exec-8] INFO  [2ffaddfefcfa48aa8b343fe4fb5c79e0] http.access - http_request traceId=2ffaddfefcfa48aa8b343fe4fb5c79e0 userId=5 method=GET path=/api/keyword-affix-words/options?type=brand ip=0:0:0:0:0:0:0:1 headers={host=localhost:8080, connection=close, sec-ch-ua-platform="Windows", authorization=***, user-agent=Mozilla/5.0 (Windows NT 10.0; Win64; x64) AppleWebKit/537.36 (KHTML, like Gecko) Chrome/147.0.0.0 Safari/537.36, accept=application/json, text/plain, */*, sec-ch-ua="Google Chrome";v="147", "Not.A/Brand";v="8", "Chromium";v="147", sec-ch-ua-mobile=?0, sec-fetch-site=same-origin, sec-fetch-mode=cors, sec-fetch-dest=empty, referer=http://localhost:3000/admin/keyword-groups, accept-encoding=gzip, deflate, br, zstd, accept-language=zh-CN,zh;q=0.9} body=
2026-04-16 11:45:28.159 [http-nio-8080-exec-8] INFO  [2ffaddfefcfa48aa8b343fe4fb5c79e0] http.access - http_response traceId=2ffaddfefcfa48aa8b343fe4fb5c79e0 userId=5 method=GET path=/api/keyword-affix-words/options?type=brand status=200 costMs=9 body={"code":0,"message":"success","data":{"prefixWords":[],"suffixWords":[],"industryWords":[{"id":142,"type":"medical_health","affixKind":"industry","wordText":"医疗健康","sortOrder":10,"enabled":true},{"id":143,"type":"education_training","affixKind":"industry","wordText":"教育培训","sortOrder":20,"enabled":true},{"id":144,"type":"tech_internet","affixKind":"industry","wordText":"科技互联网","sortOrder":30,"enabled":true},{"id":145,"type":"finance_business","affixKind":"industry","wordText":"金融财经","sortOrder":40,"enabled":true},{"id":146,"type":"legal_services","affixKind":"industry","wordText":"法律服务","sortOrder":50,"enabled":true},{"id":147,"type":"home_realestate","affixKind":"industry","wordText":"房产家居","sortOrder":60,"enabled":true},{"id":148,"type":"food_beverage","affixKind":"industry","wordText":"餐饮美食","sortOrder":70,"enabled":true},{"id":149,"type":"beauty_cosmetic","affixKind":"industry","wordText":"美容美业","sortOrder":80,"enabled":true},{"id":150,"type":"auto_transport","affixKind":"industry","wordText":"汽车出行","sortOrder":90,"enabled":true},{"id":151,"type":"travel_hotel","affixKind":"industry","wordText":"文旅酒店","sortOrder":100,"enabled":true},{"id":152,"type":"manufacture_industry","affixKind":"industry","wordText":"制造工业","sortOrder":110,"enabled":true},{"id":153,"type":"agriculture","affixKind":"industry","wordText":"农业农资","sortOrder":120,"enabled":true},{"id":154,"type":"general","affixKind":"industry","wordText":"综合","sortOrder":130,"enabled":true}],"typeOptions":[{"value":"brand","label":"品牌类"},{"value":"location","label":"地域类"},{"value":"industry","label":"行业类"},{"value":"decision","label":"决策类"},{"value":"transaction","label":"交易类"},{"value":"qa","label":"问答类"},{"value":"comparison","label":"对比类"},{"value":"competitor","label":"竞品类"}]}}
2026-04-16 11:45:28.416 [http-nio-8080-exec-9] INFO  [32424c0a58444966b2b28f4b45c37d5f] http.access - http_request traceId=32424c0a58444966b2b28f4b45c37d5f userId=5 method=GET path=/api/keyword-groups?current=1&size=20 ip=0:0:0:0:0:0:0:1 headers={host=localhost:8080, connection=close, sec-ch-ua-platform="Windows", authorization=***, user-agent=Mozilla/5.0 (Windows NT 10.0; Win64; x64) AppleWebKit/537.36 (KHTML, like Gecko) Chrome/147.0.0.0 Safari/537.36, accept=application/json, text/plain, */*, sec-ch-ua="Google Chrome";v="147", "Not.A/Brand";v="8", "Chromium";v="147", sec-ch-ua-mobile=?0, sec-fetch-site=same-origin, sec-fetch-mode=cors, sec-fetch-dest=empty, referer=http://localhost:3000/admin/keyword-groups, accept-encoding=gzip, deflate, br, zstd, accept-language=zh-CN,zh;q=0.9} body=
2026-04-16 11:45:28.416 [http-nio-8080-exec-9] INFO  [32424c0a58444966b2b28f4b45c37d5f] http.access - http_response traceId=32424c0a58444966b2b28f4b45c37d5f userId=5 method=GET path=/api/keyword-groups?current=1&size=20 status=200 costMs=10 body={"code":0,"message":"success","data":{"records":[{"id":3,"companyId":5,"companyName":"公司测试1","name":"???????_20260416111852","type":"qa","remark":"codex api smoke test","estimatedKeywordCount":4,"savedKeywordCount":3,"createdAt":"2026-04-16T11:18:52","updatedAt":"2026-04-16T11:18:52"},{"id":2,"companyId":5,"companyName":"公司测试1","name":"公司测试拓词组1","type":"qa","estimatedKeywordCount":140,"savedKeywordCount":0,"createdAt":"2026-04-16T10:53:46","updatedAt":"2026-04-16T10:53:46"},{"id":1,"name":"拓词测试","type":"search","estimatedKeywordCount":6,"savedKeywordCount":0,"createdAt":"2026-04-15T17:04:55","updatedAt":"2026-04-15T17:04:55"}],"total":3,"size":20,"current":1,"pages":1}}
2026-04-16 11:46:13.470 [http-nio-8080-exec-2] INFO  [27ac2ec0d708461fb2e0763270fcd226] http.access - http_request traceId=27ac2ec0d708461fb2e0763270fcd226 userId=5 method=GET path=/api/dispatch/monitor/alerts?current=1&size=1&rangeType=last7&status=open ip=0:0:0:0:0:0:0:1 headers={host=localhost:8080, connection=close, sec-ch-ua-platform="Windows", authorization=***, user-agent=Mozilla/5.0 (Windows NT 10.0; Win64; x64) AppleWebKit/537.36 (KHTML, like Gecko) Chrome/147.0.0.0 Safari/537.36, accept=application/json, text/plain, */*, sec-ch-ua="Google Chrome";v="147", "Not.A/Brand";v="8", "Chromium";v="147", sec-ch-ua-mobile=?0, sec-fetch-site=same-origin, sec-fetch-mode=cors, sec-fetch-dest=empty, referer=http://localhost:3000/admin/keyword-groups, accept-encoding=gzip, deflate, br, zstd, accept-language=zh-CN,zh;q=0.9} body=
2026-04-16 11:46:13.471 [http-nio-8080-exec-2] INFO  [27ac2ec0d708461fb2e0763270fcd226] http.access - http_response traceId=27ac2ec0d708461fb2e0763270fcd226 userId=5 method=GET path=/api/dispatch/monitor/alerts?current=1&size=1&rangeType=last7&status=open status=200 costMs=8 body={"code":0,"message":"success","data":{"records":[{"id":6,"alertCode":"ALT17762374144004334","taskId":17,"projectId":7,"projectName":"项目名称1","severity":"warn","status":"open","title":"Dispatch task failed and will retry","content":"Question strategy generation failed for questionIds=10","retryCount":1,"contextJson":"{\"mode\": \"batch\", \"force\": false, \"triggerSource\": \"question_pool_confirm\", \"questionVersionId\": 6}","createdAt":"2026-04-15T15:16:54"}],"total":4,"size":1,"current":1,"pages":4}}
2026-04-16 11:46:13.471 [http-nio-8080-exec-10] INFO  [4160d4bc121942659cba75b9b1dade17] http.access - http_request traceId=4160d4bc121942659cba75b9b1dade17 userId=5 method=GET path=/api/companies?current=1&size=500 ip=0:0:0:0:0:0:0:1 headers={host=localhost:8080, connection=close, sec-ch-ua-platform="Windows", authorization=***, user-agent=Mozilla/5.0 (Windows NT 10.0; Win64; x64) AppleWebKit/537.36 (KHTML, like Gecko) Chrome/147.0.0.0 Safari/537.36, accept=application/json, text/plain, */*, sec-ch-ua="Google Chrome";v="147", "Not.A/Brand";v="8", "Chromium";v="147", sec-ch-ua-mobile=?0, sec-fetch-site=same-origin, sec-fetch-mode=cors, sec-fetch-dest=empty, referer=http://localhost:3000/admin/keyword-groups, accept-encoding=gzip, deflate, br, zstd, accept-language=zh-CN,zh;q=0.9} body=
2026-04-16 11:46:13.472 [http-nio-8080-exec-10] INFO  [4160d4bc121942659cba75b9b1dade17] http.access - http_response traceId=4160d4bc121942659cba75b9b1dade17 userId=5 method=GET path=/api/companies?current=1&size=500 status=200 costMs=9 body={"code":0,"message":"success","data":{"records":[{"id":5,"companyName":"公司测试1","contactName":"客户联系人","contactPhone":"12322341122","industry":"food_beverage","industryTags":"[\"food_beverage\", \"finance_business\", \"education_training\"]","businessDirection":"餐饮","competitors":"火锅，油条","officialWebsite":"www.baidu.com","officialAccount":"公众号","videoAccount":"视频号","douyinAccount":"视频号","city":"山西省 长治市 屯留区","provinceCode":"14","provinceName":"山西省","cityCode":"1404","cityName":"长治市","districtCode":"140405","districtName":"屯留区","serviceArea":"上海市 市辖区 长宁区","ownerType":"direct","sourceType":"internal","referralSource":"dwadaw1","status":"potential","createdBy":5,"createdAt":"2026-04-15T15:03:44","updatedAt":"2026-04-15T15:03:44"},{"id":4,"companyName":"test_客户1","contactName":"test_联系人1","contactPhone":"131112354566","industry":"medical_health","industryTags":"[\"medical_health\", \"education_training\", \"tech_internet\", \"legal_services\", \"home_realestate\", \"food_beverage\"]","businessDirection":"科技","competitors":"竞品1，竞品2","officialWebsite":"www.baidu.com","officialAccount":"jbhgnshs","videoAccount":"jbhgnshs","douyinAccount":"jbhgnshs","city":"天津市 市辖区 南开区","provinceCode":"12","provinceName":"天津市","cityCode":"1201","cityName":"市辖区","districtCode":"120104","districtName":"南开区","serviceArea":"北京市","ownerType":"direct","sourceType":"internal","salesOwnerId":1,"referralSource":"ddwad","status":"potential","createdBy":1,"createdAt":"2026-04-14T15:22:29","updatedAt":"2026-04-14T15:22:29"},{"id":3,"companyName":"mbnvm","industryTags":"[\"general\"]","ownerType":"direct","sourceType":"internal","status":"potential","createdBy":1,"createdAt":"2026-04-14T14:06:48","updatedAt":"2026-04-14T15:00:57"},{"id":1,"companyName":"SANXING","industry":"JISUANJI","industryTags":"[\"general\"]","city":"ANHUI","ownerType":"direct","sourceType":"internal","status":"potential","createdAt":"2026-04-11T16:47:15","updatedAt":"2026-04-14T15:00:57"}],"total":4,"size":500,"current":1,"pages":1}}
2026-04-16 11:46:13.507 [http-nio-8080-exec-1] INFO  [3b5ce05c907d4da0bcc42ca440edf94a] http.access - http_request traceId=3b5ce05c907d4da0bcc42ca440edf94a userId=5 method=GET path=/api/dicts/items ip=0:0:0:0:0:0:0:1 headers={host=localhost:8080, connection=close, sec-ch-ua-platform="Windows", authorization=***, user-agent=Mozilla/5.0 (Windows NT 10.0; Win64; x64) AppleWebKit/537.36 (KHTML, like Gecko) Chrome/147.0.0.0 Safari/537.36, accept=application/json, text/plain, */*, sec-ch-ua="Google Chrome";v="147", "Not.A/Brand";v="8", "Chromium";v="147", sec-ch-ua-mobile=?0, sec-fetch-site=same-origin, sec-fetch-mode=cors, sec-fetch-dest=empty, referer=http://localhost:3000/admin/keyword-groups, accept-encoding=gzip, deflate, br, zstd, accept-language=zh-CN,zh;q=0.9} body=
2026-04-16 11:46:13.507 [http-nio-8080-exec-1] INFO  [3b5ce05c907d4da0bcc42ca440edf94a] http.access - http_response traceId=3b5ce05c907d4da0bcc42ca440edf94a userId=5 method=GET path=/api/dicts/items status=200 costMs=7 body={"code":0,"message":"success","data":{"activity_action":[{"dictType":"activity_action","dictKey":"company.create","dictValue":"创建客户","sortOrder":10},{"dictType":"activity_action","dictKey":"company.update","dictValue":"更新客户","sortOrder":20},{"dictType":"activity_action","dictKey":"company.delete","dictValue":"删除客户","sortOrder":30},{"dictType":"activity_action","dictKey":"brand.create","dictValue":"创建品牌","sortOrder":40},{"dictType":"activity_action","dictKey":"brand.update","dictValue":"更新品牌","sortOrder":50},{"dictType":"activity_action","dictKey":"brand.delete","dictValue":"删除品牌","sortOrder":60},{"dictType":"activity_action","dictKey":"project.create","dictValue":"创建项目","sortOrder":70},{"dictType":"activity_action","dictKey":"project.update","dictValue":"更新项目","sortOrder":80},{"dictType":"activity_action","dictKey":"project.delete","dictValue":"删除项目","sortOrder":90},{"dictType":"activity_action","dictKey":"project.sign_and_deduct","dictValue":"签约并扣款","sortOrder":100},{"dictType":"activity_action","dictKey":"project.status.update","dictValue":"更新项目状态","sortOrder":110},{"dictType":"activity_action","dictKey":"project.stage.update","dictValue":"更新项目阶段","sortOrder":120},{"dictType":"activity_action","dictKey":"project.flow.update","dictValue":"更新项目流转","sortOrder":130},{"dictType":"activity_action","dictKey":"brand.material.upload","dictValue":"上传品牌素材","sortOrder":140},{"dictType":"activity_action","dictKey":"brand.material.delete","dictValue":"删除品牌素材","sortOrder":150}],"alert_severity":[{"dictType":"alert_severity","dictKey":"info","dictValue":"信息","sortOrder":10},{"dictType":"alert_severity","dictKey":"warn","dictValue":"警告","sortOrder":20},{"dictType":"alert_severity","dictKey":"critical","dictValue":"严重","sortOrder":30},{"dictType":"alert_severity","dictKey":"error","dictValue":"错误","sortOrder":30}],"biweekly_frequency":[{"dictType":"biweekly_frequency","dictKey":"1","dictValue":"有双周简报","sortOrder":10},{"dictType":"biweekly_frequency","dictKey":"2","dictValue":"无双周简报...(truncated)
2026-04-16 11:46:13.530 [http-nio-8080-exec-3] INFO  [28ac4154793e41a4bdff2b4e7f4d1ebe] http.access - http_request traceId=28ac4154793e41a4bdff2b4e7f4d1ebe userId=5 method=GET path=/api/keyword-affix-words/options?type=brand ip=0:0:0:0:0:0:0:1 headers={host=localhost:8080, connection=close, sec-ch-ua-platform="Windows", authorization=***, user-agent=Mozilla/5.0 (Windows NT 10.0; Win64; x64) AppleWebKit/537.36 (KHTML, like Gecko) Chrome/147.0.0.0 Safari/537.36, accept=application/json, text/plain, */*, sec-ch-ua="Google Chrome";v="147", "Not.A/Brand";v="8", "Chromium";v="147", sec-ch-ua-mobile=?0, sec-fetch-site=same-origin, sec-fetch-mode=cors, sec-fetch-dest=empty, referer=http://localhost:3000/admin/keyword-groups, accept-encoding=gzip, deflate, br, zstd, accept-language=zh-CN,zh;q=0.9} body=
2026-04-16 11:46:13.530 [http-nio-8080-exec-3] INFO  [28ac4154793e41a4bdff2b4e7f4d1ebe] http.access - http_response traceId=28ac4154793e41a4bdff2b4e7f4d1ebe userId=5 method=GET path=/api/keyword-affix-words/options?type=brand status=200 costMs=9 body={"code":0,"message":"success","data":{"prefixWords":[],"suffixWords":[],"industryWords":[{"id":142,"type":"medical_health","affixKind":"industry","wordText":"医疗健康","sortOrder":10,"enabled":true},{"id":143,"type":"education_training","affixKind":"industry","wordText":"教育培训","sortOrder":20,"enabled":true},{"id":144,"type":"tech_internet","affixKind":"industry","wordText":"科技互联网","sortOrder":30,"enabled":true},{"id":145,"type":"finance_business","affixKind":"industry","wordText":"金融财经","sortOrder":40,"enabled":true},{"id":146,"type":"legal_services","affixKind":"industry","wordText":"法律服务","sortOrder":50,"enabled":true},{"id":147,"type":"home_realestate","affixKind":"industry","wordText":"房产家居","sortOrder":60,"enabled":true},{"id":148,"type":"food_beverage","affixKind":"industry","wordText":"餐饮美食","sortOrder":70,"enabled":true},{"id":149,"type":"beauty_cosmetic","affixKind":"industry","wordText":"美容美业","sortOrder":80,"enabled":true},{"id":150,"type":"auto_transport","affixKind":"industry","wordText":"汽车出行","sortOrder":90,"enabled":true},{"id":151,"type":"travel_hotel","affixKind":"industry","wordText":"文旅酒店","sortOrder":100,"enabled":true},{"id":152,"type":"manufacture_industry","affixKind":"industry","wordText":"制造工业","sortOrder":110,"enabled":true},{"id":153,"type":"agriculture","affixKind":"industry","wordText":"农业农资","sortOrder":120,"enabled":true},{"id":154,"type":"general","affixKind":"industry","wordText":"综合","sortOrder":130,"enabled":true}],"typeOptions":[{"value":"brand","label":"品牌类"},{"value":"location","label":"地域类"},{"value":"industry","label":"行业类"},{"value":"decision","label":"决策类"},{"value":"transaction","label":"交易类"},{"value":"qa","label":"问答类"},{"value":"comparison","label":"对比类"},{"value":"competitor","label":"竞品类"}]}}
2026-04-16 11:46:13.546 [http-nio-8080-exec-4] INFO  [9bde2d4ec3aa47dc8dc0e358f336113a] http.access - http_request traceId=9bde2d4ec3aa47dc8dc0e358f336113a userId=5 method=GET path=/api/keyword-groups?current=1&size=20 ip=0:0:0:0:0:0:0:1 headers={host=localhost:8080, connection=close, sec-ch-ua-platform="Windows", authorization=***, user-agent=Mozilla/5.0 (Windows NT 10.0; Win64; x64) AppleWebKit/537.36 (KHTML, like Gecko) Chrome/147.0.0.0 Safari/537.36, accept=application/json, text/plain, */*, sec-ch-ua="Google Chrome";v="147", "Not.A/Brand";v="8", "Chromium";v="147", sec-ch-ua-mobile=?0, sec-fetch-site=same-origin, sec-fetch-mode=cors, sec-fetch-dest=empty, referer=http://localhost:3000/admin/keyword-groups, accept-encoding=gzip, deflate, br, zstd, accept-language=zh-CN,zh;q=0.9} body=
2026-04-16 11:46:13.547 [http-nio-8080-exec-4] INFO  [9bde2d4ec3aa47dc8dc0e358f336113a] http.access - http_response traceId=9bde2d4ec3aa47dc8dc0e358f336113a userId=5 method=GET path=/api/keyword-groups?current=1&size=20 status=200 costMs=7 body={"code":0,"message":"success","data":{"records":[{"id":3,"companyId":5,"companyName":"公司测试1","name":"???????_20260416111852","type":"qa","remark":"codex api smoke test","estimatedKeywordCount":4,"savedKeywordCount":3,"createdAt":"2026-04-16T11:18:52","updatedAt":"2026-04-16T11:18:52"},{"id":2,"companyId":5,"companyName":"公司测试1","name":"公司测试拓词组1","type":"qa","estimatedKeywordCount":140,"savedKeywordCount":0,"createdAt":"2026-04-16T10:53:46","updatedAt":"2026-04-16T10:53:46"},{"id":1,"name":"拓词测试","type":"search","estimatedKeywordCount":6,"savedKeywordCount":0,"createdAt":"2026-04-15T17:04:55","updatedAt":"2026-04-15T17:04:55"}],"total":3,"size":20,"current":1,"pages":1}}
2026-04-16 11:46:50.574 [http-nio-8080-exec-5] INFO  [129348e374164670a8c761de14c7bfd1] http.access - http_request traceId=129348e374164670a8c761de14c7bfd1 userId=5 method=GET path=/api/dispatch/monitor/alerts?current=1&size=1&rangeType=last7&status=open ip=0:0:0:0:0:0:0:1 headers={host=localhost:8080, connection=close, sec-ch-ua-platform="Windows", authorization=***, user-agent=Mozilla/5.0 (Windows NT 10.0; Win64; x64) AppleWebKit/537.36 (KHTML, like Gecko) Chrome/147.0.0.0 Safari/537.36, accept=application/json, text/plain, */*, sec-ch-ua="Google Chrome";v="147", "Not.A/Brand";v="8", "Chromium";v="147", sec-ch-ua-mobile=?0, sec-fetch-site=same-origin, sec-fetch-mode=cors, sec-fetch-dest=empty, referer=http://localhost:3000/admin/keyword-groups, accept-encoding=gzip, deflate, br, zstd, accept-language=zh-CN,zh;q=0.9} body=
2026-04-16 11:46:50.574 [http-nio-8080-exec-7] INFO  [0cc5a5ebcd694f58ae5aa872d9b95486] http.access - http_request traceId=0cc5a5ebcd694f58ae5aa872d9b95486 userId=5 method=GET path=/api/companies?current=1&size=500 ip=0:0:0:0:0:0:0:1 headers={host=localhost:8080, connection=close, sec-ch-ua-platform="Windows", authorization=***, user-agent=Mozilla/5.0 (Windows NT 10.0; Win64; x64) AppleWebKit/537.36 (KHTML, like Gecko) Chrome/147.0.0.0 Safari/537.36, accept=application/json, text/plain, */*, sec-ch-ua="Google Chrome";v="147", "Not.A/Brand";v="8", "Chromium";v="147", sec-ch-ua-mobile=?0, sec-fetch-site=same-origin, sec-fetch-mode=cors, sec-fetch-dest=empty, referer=http://localhost:3000/admin/keyword-groups, accept-encoding=gzip, deflate, br, zstd, accept-language=zh-CN,zh;q=0.9} body=
2026-04-16 11:46:50.574 [http-nio-8080-exec-5] INFO  [129348e374164670a8c761de14c7bfd1] http.access - http_response traceId=129348e374164670a8c761de14c7bfd1 userId=5 method=GET path=/api/dispatch/monitor/alerts?current=1&size=1&rangeType=last7&status=open status=200 costMs=7 body={"code":0,"message":"success","data":{"records":[{"id":6,"alertCode":"ALT17762374144004334","taskId":17,"projectId":7,"projectName":"项目名称1","severity":"warn","status":"open","title":"Dispatch task failed and will retry","content":"Question strategy generation failed for questionIds=10","retryCount":1,"contextJson":"{\"mode\": \"batch\", \"force\": false, \"triggerSource\": \"question_pool_confirm\", \"questionVersionId\": 6}","createdAt":"2026-04-15T15:16:54"}],"total":4,"size":1,"current":1,"pages":4}}
2026-04-16 11:46:50.574 [http-nio-8080-exec-7] INFO  [0cc5a5ebcd694f58ae5aa872d9b95486] http.access - http_response traceId=0cc5a5ebcd694f58ae5aa872d9b95486 userId=5 method=GET path=/api/companies?current=1&size=500 status=200 costMs=7 body={"code":0,"message":"success","data":{"records":[{"id":5,"companyName":"公司测试1","contactName":"客户联系人","contactPhone":"12322341122","industry":"food_beverage","industryTags":"[\"food_beverage\", \"finance_business\", \"education_training\"]","businessDirection":"餐饮","competitors":"火锅，油条","officialWebsite":"www.baidu.com","officialAccount":"公众号","videoAccount":"视频号","douyinAccount":"视频号","city":"山西省 长治市 屯留区","provinceCode":"14","provinceName":"山西省","cityCode":"1404","cityName":"长治市","districtCode":"140405","districtName":"屯留区","serviceArea":"上海市 市辖区 长宁区","ownerType":"direct","sourceType":"internal","referralSource":"dwadaw1","status":"potential","createdBy":5,"createdAt":"2026-04-15T15:03:44","updatedAt":"2026-04-15T15:03:44"},{"id":4,"companyName":"test_客户1","contactName":"test_联系人1","contactPhone":"131112354566","industry":"medical_health","industryTags":"[\"medical_health\", \"education_training\", \"tech_internet\", \"legal_services\", \"home_realestate\", \"food_beverage\"]","businessDirection":"科技","competitors":"竞品1，竞品2","officialWebsite":"www.baidu.com","officialAccount":"jbhgnshs","videoAccount":"jbhgnshs","douyinAccount":"jbhgnshs","city":"天津市 市辖区 南开区","provinceCode":"12","provinceName":"天津市","cityCode":"1201","cityName":"市辖区","districtCode":"120104","districtName":"南开区","serviceArea":"北京市","ownerType":"direct","sourceType":"internal","salesOwnerId":1,"referralSource":"ddwad","status":"potential","createdBy":1,"createdAt":"2026-04-14T15:22:29","updatedAt":"2026-04-14T15:22:29"},{"id":3,"companyName":"mbnvm","industryTags":"[\"general\"]","ownerType":"direct","sourceType":"internal","status":"potential","createdBy":1,"createdAt":"2026-04-14T14:06:48","updatedAt":"2026-04-14T15:00:57"},{"id":1,"companyName":"SANXING","industry":"JISUANJI","industryTags":"[\"general\"]","city":"ANHUI","ownerType":"direct","sourceType":"internal","status":"potential","createdAt":"2026-04-11T16:47:15","updatedAt":"2026-04-14T15:00:57"}],"total":4,"size":500,"current":1,"pages":1}}
2026-04-16 11:46:50.607 [http-nio-8080-exec-6] INFO  [0f03c3ba9b4a4d6e82ba640e9c090589] http.access - http_request traceId=0f03c3ba9b4a4d6e82ba640e9c090589 userId=5 method=GET path=/api/dicts/items ip=0:0:0:0:0:0:0:1 headers={host=localhost:8080, connection=close, sec-ch-ua-platform="Windows", authorization=***, user-agent=Mozilla/5.0 (Windows NT 10.0; Win64; x64) AppleWebKit/537.36 (KHTML, like Gecko) Chrome/147.0.0.0 Safari/537.36, accept=application/json, text/plain, */*, sec-ch-ua="Google Chrome";v="147", "Not.A/Brand";v="8", "Chromium";v="147", sec-ch-ua-mobile=?0, sec-fetch-site=same-origin, sec-fetch-mode=cors, sec-fetch-dest=empty, referer=http://localhost:3000/admin/keyword-groups, accept-encoding=gzip, deflate, br, zstd, accept-language=zh-CN,zh;q=0.9} body=
2026-04-16 11:46:50.608 [http-nio-8080-exec-6] INFO  [0f03c3ba9b4a4d6e82ba640e9c090589] http.access - http_response traceId=0f03c3ba9b4a4d6e82ba640e9c090589 userId=5 method=GET path=/api/dicts/items status=200 costMs=7 body={"code":0,"message":"success","data":{"activity_action":[{"dictType":"activity_action","dictKey":"company.create","dictValue":"创建客户","sortOrder":10},{"dictType":"activity_action","dictKey":"company.update","dictValue":"更新客户","sortOrder":20},{"dictType":"activity_action","dictKey":"company.delete","dictValue":"删除客户","sortOrder":30},{"dictType":"activity_action","dictKey":"brand.create","dictValue":"创建品牌","sortOrder":40},{"dictType":"activity_action","dictKey":"brand.update","dictValue":"更新品牌","sortOrder":50},{"dictType":"activity_action","dictKey":"brand.delete","dictValue":"删除品牌","sortOrder":60},{"dictType":"activity_action","dictKey":"project.create","dictValue":"创建项目","sortOrder":70},{"dictType":"activity_action","dictKey":"project.update","dictValue":"更新项目","sortOrder":80},{"dictType":"activity_action","dictKey":"project.delete","dictValue":"删除项目","sortOrder":90},{"dictType":"activity_action","dictKey":"project.sign_and_deduct","dictValue":"签约并扣款","sortOrder":100},{"dictType":"activity_action","dictKey":"project.status.update","dictValue":"更新项目状态","sortOrder":110},{"dictType":"activity_action","dictKey":"project.stage.update","dictValue":"更新项目阶段","sortOrder":120},{"dictType":"activity_action","dictKey":"project.flow.update","dictValue":"更新项目流转","sortOrder":130},{"dictType":"activity_action","dictKey":"brand.material.upload","dictValue":"上传品牌素材","sortOrder":140},{"dictType":"activity_action","dictKey":"brand.material.delete","dictValue":"删除品牌素材","sortOrder":150}],"alert_severity":[{"dictType":"alert_severity","dictKey":"info","dictValue":"信息","sortOrder":10},{"dictType":"alert_severity","dictKey":"warn","dictValue":"警告","sortOrder":20},{"dictType":"alert_severity","dictKey":"critical","dictValue":"严重","sortOrder":30},{"dictType":"alert_severity","dictKey":"error","dictValue":"错误","sortOrder":30}],"biweekly_frequency":[{"dictType":"biweekly_frequency","dictKey":"1","dictValue":"有双周简报","sortOrder":10},{"dictType":"biweekly_frequency","dictKey":"2","dictValue":"无双周简报...(truncated)
2026-04-16 11:46:50.627 [http-nio-8080-exec-8] INFO  [70191713af6f41f090b34271e7879788] http.access - http_request traceId=70191713af6f41f090b34271e7879788 userId=5 method=GET path=/api/keyword-affix-words/options?type=brand ip=0:0:0:0:0:0:0:1 headers={host=localhost:8080, connection=close, sec-ch-ua-platform="Windows", authorization=***, user-agent=Mozilla/5.0 (Windows NT 10.0; Win64; x64) AppleWebKit/537.36 (KHTML, like Gecko) Chrome/147.0.0.0 Safari/537.36, accept=application/json, text/plain, */*, sec-ch-ua="Google Chrome";v="147", "Not.A/Brand";v="8", "Chromium";v="147", sec-ch-ua-mobile=?0, sec-fetch-site=same-origin, sec-fetch-mode=cors, sec-fetch-dest=empty, referer=http://localhost:3000/admin/keyword-groups, accept-encoding=gzip, deflate, br, zstd, accept-language=zh-CN,zh;q=0.9} body=
2026-04-16 11:46:50.628 [http-nio-8080-exec-8] INFO  [70191713af6f41f090b34271e7879788] http.access - http_response traceId=70191713af6f41f090b34271e7879788 userId=5 method=GET path=/api/keyword-affix-words/options?type=brand status=200 costMs=7 body={"code":0,"message":"success","data":{"prefixWords":[],"suffixWords":[],"industryWords":[{"id":142,"type":"medical_health","affixKind":"industry","wordText":"医疗健康","sortOrder":10,"enabled":true},{"id":143,"type":"education_training","affixKind":"industry","wordText":"教育培训","sortOrder":20,"enabled":true},{"id":144,"type":"tech_internet","affixKind":"industry","wordText":"科技互联网","sortOrder":30,"enabled":true},{"id":145,"type":"finance_business","affixKind":"industry","wordText":"金融财经","sortOrder":40,"enabled":true},{"id":146,"type":"legal_services","affixKind":"industry","wordText":"法律服务","sortOrder":50,"enabled":true},{"id":147,"type":"home_realestate","affixKind":"industry","wordText":"房产家居","sortOrder":60,"enabled":true},{"id":148,"type":"food_beverage","affixKind":"industry","wordText":"餐饮美食","sortOrder":70,"enabled":true},{"id":149,"type":"beauty_cosmetic","affixKind":"industry","wordText":"美容美业","sortOrder":80,"enabled":true},{"id":150,"type":"auto_transport","affixKind":"industry","wordText":"汽车出行","sortOrder":90,"enabled":true},{"id":151,"type":"travel_hotel","affixKind":"industry","wordText":"文旅酒店","sortOrder":100,"enabled":true},{"id":152,"type":"manufacture_industry","affixKind":"industry","wordText":"制造工业","sortOrder":110,"enabled":true},{"id":153,"type":"agriculture","affixKind":"industry","wordText":"农业农资","sortOrder":120,"enabled":true},{"id":154,"type":"general","affixKind":"industry","wordText":"综合","sortOrder":130,"enabled":true}],"typeOptions":[{"value":"brand","label":"品牌类"},{"value":"location","label":"地域类"},{"value":"industry","label":"行业类"},{"value":"decision","label":"决策类"},{"value":"transaction","label":"交易类"},{"value":"qa","label":"问答类"},{"value":"comparison","label":"对比类"},{"value":"competitor","label":"竞品类"}]}}
2026-04-16 11:46:50.645 [http-nio-8080-exec-9] INFO  [e7cb6636eb5348979a380d50dcbe2b6e] http.access - http_request traceId=e7cb6636eb5348979a380d50dcbe2b6e userId=5 method=GET path=/api/keyword-groups?current=1&size=20 ip=0:0:0:0:0:0:0:1 headers={host=localhost:8080, connection=close, sec-ch-ua-platform="Windows", authorization=***, user-agent=Mozilla/5.0 (Windows NT 10.0; Win64; x64) AppleWebKit/537.36 (KHTML, like Gecko) Chrome/147.0.0.0 Safari/537.36, accept=application/json, text/plain, */*, sec-ch-ua="Google Chrome";v="147", "Not.A/Brand";v="8", "Chromium";v="147", sec-ch-ua-mobile=?0, sec-fetch-site=same-origin, sec-fetch-mode=cors, sec-fetch-dest=empty, referer=http://localhost:3000/admin/keyword-groups, accept-encoding=gzip, deflate, br, zstd, accept-language=zh-CN,zh;q=0.9} body=
2026-04-16 11:46:50.645 [http-nio-8080-exec-9] INFO  [e7cb6636eb5348979a380d50dcbe2b6e] http.access - http_response traceId=e7cb6636eb5348979a380d50dcbe2b6e userId=5 method=GET path=/api/keyword-groups?current=1&size=20 status=200 costMs=9 body={"code":0,"message":"success","data":{"records":[{"id":3,"companyId":5,"companyName":"公司测试1","name":"???????_20260416111852","type":"qa","remark":"codex api smoke test","estimatedKeywordCount":4,"savedKeywordCount":3,"createdAt":"2026-04-16T11:18:52","updatedAt":"2026-04-16T11:18:52"},{"id":2,"companyId":5,"companyName":"公司测试1","name":"公司测试拓词组1","type":"qa","estimatedKeywordCount":140,"savedKeywordCount":0,"createdAt":"2026-04-16T10:53:46","updatedAt":"2026-04-16T10:53:46"},{"id":1,"name":"拓词测试","type":"search","estimatedKeywordCount":6,"savedKeywordCount":0,"createdAt":"2026-04-15T17:04:55","updatedAt":"2026-04-15T17:04:55"}],"total":3,"size":20,"current":1,"pages":1}}
