2026-04-16 12:24:57.470 [main] WARN  [] c.h.g.m.d.s.DispatchExecutionService - Primary content invocation failed for platform doubao
org.springframework.data.redis.RedisSystemException: Error in execution
	at org.springframework.data.redis.connection.lettuce.LettuceExceptionConverter.convert(LettuceExceptionConverter.java:52)
	at org.springframework.data.redis.connection.lettuce.LettuceExceptionConverter.convert(LettuceExceptionConverter.java:50)
	at org.springframework.data.redis.connection.lettuce.LettuceExceptionConverter.convert(LettuceExceptionConverter.java:41)
	at org.springframework.data.redis.PassThroughExceptionTranslationStrategy.translate(PassThroughExceptionTranslationStrategy.java:40)
	at org.springframework.data.redis.FallbackExceptionTranslationStrategy.translate(FallbackExceptionTranslationStrategy.java:38)
	at org.springframework.data.redis.connection.lettuce.LettuceConnection.convertLettuceAccessException(LettuceConnection.java:308)
	at org.springframework.data.redis.connection.lettuce.LettuceConnection.await(LettuceConnection.java:1026)
	at org.springframework.data.redis.connection.lettuce.LettuceConnection.lambda$doInvoke$3(LettuceConnection.java:445)
	at org.springframework.data.redis.connection.lettuce.LettuceInvoker$Synchronizer.invoke(LettuceInvoker.java:673)
	at org.springframework.data.redis.connection.lettuce.LettuceInvoker$DefaultSingleInvocationSpec.get(LettuceInvoker.java:589)
	at org.springframework.data.redis.connection.lettuce.LettuceScriptingCommands.evalSha(LettuceScriptingCommands.java:99)
	at org.springframework.data.redis.connection.DefaultedRedisConnection.evalSha(DefaultedRedisConnection.java:1831)
	at java.base/jdk.internal.reflect.DirectMethodHandleAccessor.invoke(DirectMethodHandleAccessor.java:103)
	at java.base/java.lang.reflect.Method.invoke(Method.java:580)
	at org.springframework.data.redis.core.CloseSuppressingInvocationHandler.invoke(CloseSuppressingInvocationHandler.java:61)
	at jdk.proxy2/jdk.proxy2.$Proxy188.evalSha(Unknown Source)
	at org.springframework.data.redis.core.script.DefaultScriptExecutor.eval(DefaultScriptExecutor.java:77)
	at org.springframework.data.redis.core.script.DefaultScriptExecutor.lambda$execute$0(DefaultScriptExecutor.java:68)
	at org.springframework.data.redis.core.RedisTemplate.execute(RedisTemplate.java:396)
	at org.springframework.data.redis.core.RedisTemplate.execute(RedisTemplate.java:363)
	at org.springframework.data.redis.core.RedisTemplate.execute(RedisTemplate.java:350)
	at org.springframework.data.redis.core.script.DefaultScriptExecutor.execute(DefaultScriptExecutor.java:58)
	at org.springframework.data.redis.core.script.DefaultScriptExecutor.execute(DefaultScriptExecutor.java:52)
	at org.springframework.data.redis.core.RedisTemplate.execute(RedisTemplate.java:493)
	at com.huanjing.geo.module.dispatch.service.PlatformRateLimiterService.tryAcquire(PlatformRateLimiterService.java:42)
	at com.huanjing.geo.module.dispatch.service.DispatchExecutionService.invokeContentPlatform(DispatchExecutionService.java:1700)
	at com.huanjing.geo.module.dispatch.service.DispatchExecutionService.invokePrimaryContent(DispatchExecutionService.java:1580)
	at com.huanjing.geo.module.dispatch.service.DispatchExecutionService.invokeContentWithFallback(DispatchExecutionService.java:1528)
	at com.huanjing.geo.module.dispatch.service.DispatchExecutionService.invokeContentWithOrderedPlatforms(DispatchExecutionService.java:676)
	at com.huanjing.geo.module.dispatch.service.DispatchExecutionService.executeContentGeneration(DispatchExecutionService.java:511)
	at com.huanjing.geo.module.dispatch.service.DispatchExecutionService.execute(DispatchExecutionService.java:140)
	at com.huanjing.geo.module.dispatch.service.DispatchTaskService.processTask(DispatchTaskService.java:153)
	at java.base/jdk.internal.reflect.DirectMethodHandleAccessor.invoke(DirectMethodHandleAccessor.java:103)
	at java.base/java.lang.reflect.Method.invoke(Method.java:580)
	at org.springframework.aop.support.AopUtils.invokeJoinpointUsingReflection(AopUtils.java:354)
	at org.springframework.aop.framework.ReflectiveMethodInvocation.invokeJoinpoint(ReflectiveMethodInvocation.java:196)
	at org.springframework.aop.framework.ReflectiveMethodInvocation.proceed(ReflectiveMethodInvocation.java:163)
	at org.springframework.aop.framework.CglibAopProxy$CglibMethodInvocation.proceed(CglibAopProxy.java:768)
	at org.springframework.transaction.interceptor.TransactionInterceptor$1.proceedWithInvocation(TransactionInterceptor.java:123)
	at org.springframework.transaction.interceptor.TransactionAspectSupport.invokeWithinTransaction(TransactionAspectSupport.java:392)
	at org.springframework.transaction.interceptor.TransactionInterceptor.invoke(TransactionInterceptor.java:119)
	at org.springframework.aop.framework.ReflectiveMethodInvocation.proceed(ReflectiveMethodInvocation.java:184)
	at org.springframework.aop.framework.CglibAopProxy$CglibMethodInvocation.proceed(CglibAopProxy.java:768)
	at org.springframework.aop.framework.CglibAopProxy$DynamicAdvisedInterceptor.intercept(CglibAopProxy.java:720)
	at com.huanjing.geo.module.dispatch.service.DispatchTaskService$$SpringCGLIB$$0.processTask(<generated>)
	at ContentGenerationIntegrationRunner.main(ContentGenerationIntegrationRunner.java:85)
Caused by: io.lettuce.core.RedisCommandExecutionException: ERR user_script:1: attempt to compare nil with number script: 943681deba638492c14f05de71e273a9e33811b8, on @user_script:1.
	at io.lettuce.core.internal.ExceptionFactory.createExecutionException(ExceptionFactory.java:147)
	at io.lettuce.core.internal.ExceptionFactory.createExecutionException(ExceptionFactory.java:116)
	at io.lettuce.core.protocol.AsyncCommand.completeResult(AsyncCommand.java:120)
	at io.lettuce.core.protocol.AsyncCommand.complete(AsyncCommand.java:111)
	at io.lettuce.core.protocol.CommandHandler.complete(CommandHandler.java:745)
	at io.lettuce.core.protocol.CommandHandler.decode(CommandHandler.java:680)
	at io.lettuce.core.protocol.CommandHandler.channelRead(CommandHandler.java:597)
	at io.netty.channel.AbstractChannelHandlerContext.invokeChannelRead(AbstractChannelHandlerContext.java:442)
	at io.netty.channel.AbstractChannelHandlerContext.invokeChannelRead(AbstractChannelHandlerContext.java:420)
	at io.netty.channel.AbstractChannelHandlerContext.fireChannelRead(AbstractChannelHandlerContext.java:412)
	at io.netty.channel.DefaultChannelPipeline$HeadContext.channelRead(DefaultChannelPipeline.java:1410)
	at io.netty.channel.AbstractChannelHandlerContext.invokeChannelRead(AbstractChannelHandlerContext.java:440)
	at io.netty.channel.AbstractChannelHandlerContext.invokeChannelRead(AbstractChannelHandlerContext.java:420)
	at io.netty.channel.DefaultChannelPipeline.fireChannelRead(DefaultChannelPipeline.java:919)
	at io.netty.channel.nio.AbstractNioByteChannel$NioByteUnsafe.read(AbstractNioByteChannel.java:166)
	at io.netty.channel.nio.NioEventLoop.processSelectedKey(NioEventLoop.java:788)
	at io.netty.channel.nio.NioEventLoop.processSelectedKeysOptimized(NioEventLoop.java:724)
	at io.netty.channel.nio.NioEventLoop.processSelectedKeys(NioEventLoop.java:650)
	at io.netty.channel.nio.NioEventLoop.run(NioEventLoop.java:562)
	at io.netty.util.concurrent.SingleThreadEventExecutor$4.run(SingleThreadEventExecutor.java:997)
	at io.netty.util.internal.ThreadExecutorMap$2.run(ThreadExecutorMap.java:74)
	at io.netty.util.concurrent.FastThreadLocalRunnable.run(FastThreadLocalRunnable.java:30)
	at java.base/java.lang.Thread.run(Thread.java:1583)
2026-04-16 12:24:57.472 [main] WARN  [] c.h.g.m.d.s.DispatchExecutionService - Backup key content invocation failed for platform doubao
com.huanjing.geo.common.exception.BizException: Missing backup api key
	at com.huanjing.geo.module.dispatch.service.DispatchExecutionService.invokeBackupKeyContent(DispatchExecutionService.java:1602)
	at com.huanjing.geo.module.dispatch.service.DispatchExecutionService.invokeContentWithFallback(DispatchExecutionService.java:1538)
	at com.huanjing.geo.module.dispatch.service.DispatchExecutionService.invokeContentWithOrderedPlatforms(DispatchExecutionService.java:676)
	at com.huanjing.geo.module.dispatch.service.DispatchExecutionService.executeContentGeneration(DispatchExecutionService.java:511)
	at com.huanjing.geo.module.dispatch.service.DispatchExecutionService.execute(DispatchExecutionService.java:140)
	at com.huanjing.geo.module.dispatch.service.DispatchTaskService.processTask(DispatchTaskService.java:153)
	at java.base/jdk.internal.reflect.DirectMethodHandleAccessor.invoke(DirectMethodHandleAccessor.java:103)
	at java.base/java.lang.reflect.Method.invoke(Method.java:580)
	at org.springframework.aop.support.AopUtils.invokeJoinpointUsingReflection(AopUtils.java:354)
	at org.springframework.aop.framework.ReflectiveMethodInvocation.invokeJoinpoint(ReflectiveMethodInvocation.java:196)
	at org.springframework.aop.framework.ReflectiveMethodInvocation.proceed(ReflectiveMethodInvocation.java:163)
	at org.springframework.aop.framework.CglibAopProxy$CglibMethodInvocation.proceed(CglibAopProxy.java:768)
	at org.springframework.transaction.interceptor.TransactionInterceptor$1.proceedWithInvocation(TransactionInterceptor.java:123)
	at org.springframework.transaction.interceptor.TransactionAspectSupport.invokeWithinTransaction(TransactionAspectSupport.java:392)
	at org.springframework.transaction.interceptor.TransactionInterceptor.invoke(TransactionInterceptor.java:119)
	at org.springframework.aop.framework.ReflectiveMethodInvocation.proceed(ReflectiveMethodInvocation.java:184)
	at org.springframework.aop.framework.CglibAopProxy$CglibMethodInvocation.proceed(CglibAopProxy.java:768)
	at org.springframework.aop.framework.CglibAopProxy$DynamicAdvisedInterceptor.intercept(CglibAopProxy.java:720)
	at com.huanjing.geo.module.dispatch.service.DispatchTaskService$$SpringCGLIB$$0.processTask(<generated>)
	at ContentGenerationIntegrationRunner.main(ContentGenerationIntegrationRunner.java:85)
2026-04-16 12:24:57.472 [main] WARN  [] c.h.g.m.d.s.DispatchExecutionService - Backup provider content invocation failed for platform doubao
com.huanjing.geo.common.exception.BizException: Missing backup provider
	at com.huanjing.geo.module.dispatch.service.DispatchExecutionService.invokeBackupProviderContent(DispatchExecutionService.java:1639)
	at com.huanjing.geo.module.dispatch.service.DispatchExecutionService.invokeContentWithFallback(DispatchExecutionService.java:1548)
	at com.huanjing.geo.module.dispatch.service.DispatchExecutionService.invokeContentWithOrderedPlatforms(DispatchExecutionService.java:676)
	at com.huanjing.geo.module.dispatch.service.DispatchExecutionService.executeContentGeneration(DispatchExecutionService.java:511)
	at com.huanjing.geo.module.dispatch.service.DispatchExecutionService.execute(DispatchExecutionService.java:140)
	at com.huanjing.geo.module.dispatch.service.DispatchTaskService.processTask(DispatchTaskService.java:153)
	at java.base/jdk.internal.reflect.DirectMethodHandleAccessor.invoke(DirectMethodHandleAccessor.java:103)
	at java.base/java.lang.reflect.Method.invoke(Method.java:580)
	at org.springframework.aop.support.AopUtils.invokeJoinpointUsingReflection(AopUtils.java:354)
	at org.springframework.aop.framework.ReflectiveMethodInvocation.invokeJoinpoint(ReflectiveMethodInvocation.java:196)
	at org.springframework.aop.framework.ReflectiveMethodInvocation.proceed(ReflectiveMethodInvocation.java:163)
	at org.springframework.aop.framework.CglibAopProxy$CglibMethodInvocation.proceed(CglibAopProxy.java:768)
	at org.springframework.transaction.interceptor.TransactionInterceptor$1.proceedWithInvocation(TransactionInterceptor.java:123)
	at org.springframework.transaction.interceptor.TransactionAspectSupport.invokeWithinTransaction(TransactionAspectSupport.java:392)
	at org.springframework.transaction.interceptor.TransactionInterceptor.invoke(TransactionInterceptor.java:119)
	at org.springframework.aop.framework.ReflectiveMethodInvocation.proceed(ReflectiveMethodInvocation.java:184)
	at org.springframework.aop.framework.CglibAopProxy$CglibMethodInvocation.proceed(CglibAopProxy.java:768)
	at org.springframework.aop.framework.CglibAopProxy$DynamicAdvisedInterceptor.intercept(CglibAopProxy.java:720)
	at com.huanjing.geo.module.dispatch.service.DispatchTaskService$$SpringCGLIB$$0.processTask(<generated>)
	at ContentGenerationIntegrationRunner.main(ContentGenerationIntegrationRunner.java:85)
2026-04-16 12:24:57.473 [main] WARN  [] c.h.g.m.d.s.DispatchExecutionService - CONTENT_GENERATION failed task=23, type=faq, err=Missing backup provider
2026-04-16 12:24:57.476 [main] WARN  [] c.h.g.m.d.s.DispatchExecutionService - Primary content invocation failed for platform doubao
org.springframework.data.redis.RedisSystemException: Error in execution
	at org.springframework.data.redis.connection.lettuce.LettuceExceptionConverter.convert(LettuceExceptionConverter.java:52)
	at org.springframework.data.redis.connection.lettuce.LettuceExceptionConverter.convert(LettuceExceptionConverter.java:50)
	at org.springframework.data.redis.connection.lettuce.LettuceExceptionConverter.convert(LettuceExceptionConverter.java:41)
	at org.springframework.data.redis.PassThroughExceptionTranslationStrategy.translate(PassThroughExceptionTranslationStrategy.java:40)
	at org.springframework.data.redis.FallbackExceptionTranslationStrategy.translate(FallbackExceptionTranslationStrategy.java:38)
	at org.springframework.data.redis.connection.lettuce.LettuceConnection.convertLettuceAccessException(LettuceConnection.java:308)
	at org.springframework.data.redis.connection.lettuce.LettuceConnection.await(LettuceConnection.java:1026)
	at org.springframework.data.redis.connection.lettuce.LettuceConnection.lambda$doInvoke$3(LettuceConnection.java:445)
	at org.springframework.data.redis.connection.lettuce.LettuceInvoker$Synchronizer.invoke(LettuceInvoker.java:673)
	at org.springframework.data.redis.connection.lettuce.LettuceInvoker$DefaultSingleInvocationSpec.get(LettuceInvoker.java:589)
	at org.springframework.data.redis.connection.lettuce.LettuceScriptingCommands.evalSha(LettuceScriptingCommands.java:99)
	at org.springframework.data.redis.connection.DefaultedRedisConnection.evalSha(DefaultedRedisConnection.java:1831)
	at java.base/jdk.internal.reflect.DirectMethodHandleAccessor.invoke(DirectMethodHandleAccessor.java:103)
	at java.base/java.lang.reflect.Method.invoke(Method.java:580)
	at org.springframework.data.redis.core.CloseSuppressingInvocationHandler.invoke(CloseSuppressingInvocationHandler.java:61)
	at jdk.proxy2/jdk.proxy2.$Proxy188.evalSha(Unknown Source)
	at org.springframework.data.redis.core.script.DefaultScriptExecutor.eval(DefaultScriptExecutor.java:77)
	at org.springframework.data.redis.core.script.DefaultScriptExecutor.lambda$execute$0(DefaultScriptExecutor.java:68)
	at org.springframework.data.redis.core.RedisTemplate.execute(RedisTemplate.java:396)
	at org.springframework.data.redis.core.RedisTemplate.execute(RedisTemplate.java:363)
	at org.springframework.data.redis.core.RedisTemplate.execute(RedisTemplate.java:350)
	at org.springframework.data.redis.core.script.DefaultScriptExecutor.execute(DefaultScriptExecutor.java:58)
	at org.springframework.data.redis.core.script.DefaultScriptExecutor.execute(DefaultScriptExecutor.java:52)
	at org.springframework.data.redis.core.RedisTemplate.execute(RedisTemplate.java:493)
	at com.huanjing.geo.module.dispatch.service.PlatformRateLimiterService.tryAcquire(PlatformRateLimiterService.java:42)
	at com.huanjing.geo.module.dispatch.service.DispatchExecutionService.invokeContentPlatform(DispatchExecutionService.java:1700)
	at com.huanjing.geo.module.dispatch.service.DispatchExecutionService.invokePrimaryContent(DispatchExecutionService.java:1580)
	at com.huanjing.geo.module.dispatch.service.DispatchExecutionService.invokeContentWithFallback(DispatchExecutionService.java:1528)
	at com.huanjing.geo.module.dispatch.service.DispatchExecutionService.invokeContentWithOrderedPlatforms(DispatchExecutionService.java:676)
	at com.huanjing.geo.module.dispatch.service.DispatchExecutionService.executeContentGeneration(DispatchExecutionService.java:511)
	at com.huanjing.geo.module.dispatch.service.DispatchExecutionService.execute(DispatchExecutionService.java:140)
	at com.huanjing.geo.module.dispatch.service.DispatchTaskService.processTask(DispatchTaskService.java:153)
	at java.base/jdk.internal.reflect.DirectMethodHandleAccessor.invoke(DirectMethodHandleAccessor.java:103)
	at java.base/java.lang.reflect.Method.invoke(Method.java:580)
	at org.springframework.aop.support.AopUtils.invokeJoinpointUsingReflection(AopUtils.java:354)
	at org.springframework.aop.framework.ReflectiveMethodInvocation.invokeJoinpoint(ReflectiveMethodInvocation.java:196)
	at org.springframework.aop.framework.ReflectiveMethodInvocation.proceed(ReflectiveMethodInvocation.java:163)
	at org.springframework.aop.framework.CglibAopProxy$CglibMethodInvocation.proceed(CglibAopProxy.java:768)
	at org.springframework.transaction.interceptor.TransactionInterceptor$1.proceedWithInvocation(TransactionInterceptor.java:123)
	at org.springframework.transaction.interceptor.TransactionAspectSupport.invokeWithinTransaction(TransactionAspectSupport.java:392)
	at org.springframework.transaction.interceptor.TransactionInterceptor.invoke(TransactionInterceptor.java:119)
	at org.springframework.aop.framework.ReflectiveMethodInvocation.proceed(ReflectiveMethodInvocation.java:184)
	at org.springframework.aop.framework.CglibAopProxy$CglibMethodInvocation.proceed(CglibAopProxy.java:768)
	at org.springframework.aop.framework.CglibAopProxy$DynamicAdvisedInterceptor.intercept(CglibAopProxy.java:720)
	at com.huanjing.geo.module.dispatch.service.DispatchTaskService$$SpringCGLIB$$0.processTask(<generated>)
	at ContentGenerationIntegrationRunner.main(ContentGenerationIntegrationRunner.java:85)
Caused by: io.lettuce.core.RedisCommandExecutionException: ERR user_script:1: attempt to compare nil with number script: 943681deba638492c14f05de71e273a9e33811b8, on @user_script:1.
	at io.lettuce.core.internal.ExceptionFactory.createExecutionException(ExceptionFactory.java:147)
	at io.lettuce.core.internal.ExceptionFactory.createExecutionException(ExceptionFactory.java:116)
	at io.lettuce.core.protocol.AsyncCommand.completeResult(AsyncCommand.java:120)
	at io.lettuce.core.protocol.AsyncCommand.complete(AsyncCommand.java:111)
	at io.lettuce.core.protocol.CommandHandler.complete(CommandHandler.java:745)
	at io.lettuce.core.protocol.CommandHandler.decode(CommandHandler.java:680)
	at io.lettuce.core.protocol.CommandHandler.channelRead(CommandHandler.java:597)
	at io.netty.channel.AbstractChannelHandlerContext.invokeChannelRead(AbstractChannelHandlerContext.java:442)
	at io.netty.channel.AbstractChannelHandlerContext.invokeChannelRead(AbstractChannelHandlerContext.java:420)
	at io.netty.channel.AbstractChannelHandlerContext.fireChannelRead(AbstractChannelHandlerContext.java:412)
	at io.netty.channel.DefaultChannelPipeline$HeadContext.channelRead(DefaultChannelPipeline.java:1410)
	at io.netty.channel.AbstractChannelHandlerContext.invokeChannelRead(AbstractChannelHandlerContext.java:440)
	at io.netty.channel.AbstractChannelHandlerContext.invokeChannelRead(AbstractChannelHandlerContext.java:420)
	at io.netty.channel.DefaultChannelPipeline.fireChannelRead(DefaultChannelPipeline.java:919)
	at io.netty.channel.nio.AbstractNioByteChannel$NioByteUnsafe.read(AbstractNioByteChannel.java:166)
	at io.netty.channel.nio.NioEventLoop.processSelectedKey(NioEventLoop.java:788)
	at io.netty.channel.nio.NioEventLoop.processSelectedKeysOptimized(NioEventLoop.java:724)
	at io.netty.channel.nio.NioEventLoop.processSelectedKeys(NioEventLoop.java:650)
	at io.netty.channel.nio.NioEventLoop.run(NioEventLoop.java:562)
	at io.netty.util.concurrent.SingleThreadEventExecutor$4.run(SingleThreadEventExecutor.java:997)
	at io.netty.util.internal.ThreadExecutorMap$2.run(ThreadExecutorMap.java:74)
	at io.netty.util.concurrent.FastThreadLocalRunnable.run(FastThreadLocalRunnable.java:30)
	at java.base/java.lang.Thread.run(Thread.java:1583)
2026-04-16 12:24:57.476 [main] WARN  [] c.h.g.m.d.s.DispatchExecutionService - Backup key content invocation failed for platform doubao
com.huanjing.geo.common.exception.BizException: Missing backup api key
	at com.huanjing.geo.module.dispatch.service.DispatchExecutionService.invokeBackupKeyContent(DispatchExecutionService.java:1602)
	at com.huanjing.geo.module.dispatch.service.DispatchExecutionService.invokeContentWithFallback(DispatchExecutionService.java:1538)
	at com.huanjing.geo.module.dispatch.service.DispatchExecutionService.invokeContentWithOrderedPlatforms(DispatchExecutionService.java:676)
	at com.huanjing.geo.module.dispatch.service.DispatchExecutionService.executeContentGeneration(DispatchExecutionService.java:511)
	at com.huanjing.geo.module.dispatch.service.DispatchExecutionService.execute(DispatchExecutionService.java:140)
	at com.huanjing.geo.module.dispatch.service.DispatchTaskService.processTask(DispatchTaskService.java:153)
	at java.base/jdk.internal.reflect.DirectMethodHandleAccessor.invoke(DirectMethodHandleAccessor.java:103)
	at java.base/java.lang.reflect.Method.invoke(Method.java:580)
	at org.springframework.aop.support.AopUtils.invokeJoinpointUsingReflection(AopUtils.java:354)
	at org.springframework.aop.framework.ReflectiveMethodInvocation.invokeJoinpoint(ReflectiveMethodInvocation.java:196)
	at org.springframework.aop.framework.ReflectiveMethodInvocation.proceed(ReflectiveMethodInvocation.java:163)
	at org.springframework.aop.framework.CglibAopProxy$CglibMethodInvocation.proceed(CglibAopProxy.java:768)
	at org.springframework.transaction.interceptor.TransactionInterceptor$1.proceedWithInvocation(TransactionInterceptor.java:123)
	at org.springframework.transaction.interceptor.TransactionAspectSupport.invokeWithinTransaction(TransactionAspectSupport.java:392)
	at org.springframework.transaction.interceptor.TransactionInterceptor.invoke(TransactionInterceptor.java:119)
	at org.springframework.aop.framework.ReflectiveMethodInvocation.proceed(ReflectiveMethodInvocation.java:184)
	at org.springframework.aop.framework.CglibAopProxy$CglibMethodInvocation.proceed(CglibAopProxy.java:768)
	at org.springframework.aop.framework.CglibAopProxy$DynamicAdvisedInterceptor.intercept(CglibAopProxy.java:720)
	at com.huanjing.geo.module.dispatch.service.DispatchTaskService$$SpringCGLIB$$0.processTask(<generated>)
	at ContentGenerationIntegrationRunner.main(ContentGenerationIntegrationRunner.java:85)
2026-04-16 12:24:57.477 [main] WARN  [] c.h.g.m.d.s.DispatchExecutionService - Backup provider content invocation failed for platform doubao
com.huanjing.geo.common.exception.BizException: Missing backup provider
	at com.huanjing.geo.module.dispatch.service.DispatchExecutionService.invokeBackupProviderContent(DispatchExecutionService.java:1639)
	at com.huanjing.geo.module.dispatch.service.DispatchExecutionService.invokeContentWithFallback(DispatchExecutionService.java:1548)
	at com.huanjing.geo.module.dispatch.service.DispatchExecutionService.invokeContentWithOrderedPlatforms(DispatchExecutionService.java:676)
	at com.huanjing.geo.module.dispatch.service.DispatchExecutionService.executeContentGeneration(DispatchExecutionService.java:511)
	at com.huanjing.geo.module.dispatch.service.DispatchExecutionService.execute(DispatchExecutionService.java:140)
	at com.huanjing.geo.module.dispatch.service.DispatchTaskService.processTask(DispatchTaskService.java:153)
	at java.base/jdk.internal.reflect.DirectMethodHandleAccessor.invoke(DirectMethodHandleAccessor.java:103)
	at java.base/java.lang.reflect.Method.invoke(Method.java:580)
	at org.springframework.aop.support.AopUtils.invokeJoinpointUsingReflection(AopUtils.java:354)
	at org.springframework.aop.framework.ReflectiveMethodInvocation.invokeJoinpoint(ReflectiveMethodInvocation.java:196)
	at org.springframework.aop.framework.ReflectiveMethodInvocation.proceed(ReflectiveMethodInvocation.java:163)
	at org.springframework.aop.framework.CglibAopProxy$CglibMethodInvocation.proceed(CglibAopProxy.java:768)
	at org.springframework.transaction.interceptor.TransactionInterceptor$1.proceedWithInvocation(TransactionInterceptor.java:123)
	at org.springframework.transaction.interceptor.TransactionAspectSupport.invokeWithinTransaction(TransactionAspectSupport.java:392)
	at org.springframework.transaction.interceptor.TransactionInterceptor.invoke(TransactionInterceptor.java:119)
	at org.springframework.aop.framework.ReflectiveMethodInvocation.proceed(ReflectiveMethodInvocation.java:184)
	at org.springframework.aop.framework.CglibAopProxy$CglibMethodInvocation.proceed(CglibAopProxy.java:768)
	at org.springframework.aop.framework.CglibAopProxy$DynamicAdvisedInterceptor.intercept(CglibAopProxy.java:720)
	at com.huanjing.geo.module.dispatch.service.DispatchTaskService$$SpringCGLIB$$0.processTask(<generated>)
	at ContentGenerationIntegrationRunner.main(ContentGenerationIntegrationRunner.java:85)
2026-04-16 12:24:57.477 [main] WARN  [] c.h.g.m.d.s.DispatchExecutionService - CONTENT_GENERATION failed task=23, type=faq, err=Missing backup provider
2026-04-16 12:24:57.481 [main] WARN  [] c.h.g.m.d.s.DispatchExecutionService - Primary content invocation failed for platform doubao
org.springframework.data.redis.RedisSystemException: Error in execution
	at org.springframework.data.redis.connection.lettuce.LettuceExceptionConverter.convert(LettuceExceptionConverter.java:52)
	at org.springframework.data.redis.connection.lettuce.LettuceExceptionConverter.convert(LettuceExceptionConverter.java:50)
	at org.springframework.data.redis.connection.lettuce.LettuceExceptionConverter.convert(LettuceExceptionConverter.java:41)
	at org.springframework.data.redis.PassThroughExceptionTranslationStrategy.translate(PassThroughExceptionTranslationStrategy.java:40)
	at org.springframework.data.redis.FallbackExceptionTranslationStrategy.translate(FallbackExceptionTranslationStrategy.java:38)
	at org.springframework.data.redis.connection.lettuce.LettuceConnection.convertLettuceAccessException(LettuceConnection.java:308)
	at org.springframework.data.redis.connection.lettuce.LettuceConnection.await(LettuceConnection.java:1026)
	at org.springframework.data.redis.connection.lettuce.LettuceConnection.lambda$doInvoke$3(LettuceConnection.java:445)
	at org.springframework.data.redis.connection.lettuce.LettuceInvoker$Synchronizer.invoke(LettuceInvoker.java:673)
	at org.springframework.data.redis.connection.lettuce.LettuceInvoker$DefaultSingleInvocationSpec.get(LettuceInvoker.java:589)
	at org.springframework.data.redis.connection.lettuce.LettuceScriptingCommands.evalSha(LettuceScriptingCommands.java:99)
	at org.springframework.data.redis.connection.DefaultedRedisConnection.evalSha(DefaultedRedisConnection.java:1831)
	at java.base/jdk.internal.reflect.DirectMethodHandleAccessor.invoke(DirectMethodHandleAccessor.java:103)
	at java.base/java.lang.reflect.Method.invoke(Method.java:580)
	at org.springframework.data.redis.core.CloseSuppressingInvocationHandler.invoke(CloseSuppressingInvocationHandler.java:61)
	at jdk.proxy2/jdk.proxy2.$Proxy188.evalSha(Unknown Source)
	at org.springframework.data.redis.core.script.DefaultScriptExecutor.eval(DefaultScriptExecutor.java:77)
	at org.springframework.data.redis.core.script.DefaultScriptExecutor.lambda$execute$0(DefaultScriptExecutor.java:68)
	at org.springframework.data.redis.core.RedisTemplate.execute(RedisTemplate.java:396)
	at org.springframework.data.redis.core.RedisTemplate.execute(RedisTemplate.java:363)
	at org.springframework.data.redis.core.RedisTemplate.execute(RedisTemplate.java:350)
	at org.springframework.data.redis.core.script.DefaultScriptExecutor.execute(DefaultScriptExecutor.java:58)
	at org.springframework.data.redis.core.script.DefaultScriptExecutor.execute(DefaultScriptExecutor.java:52)
	at org.springframework.data.redis.core.RedisTemplate.execute(RedisTemplate.java:493)
	at com.huanjing.geo.module.dispatch.service.PlatformRateLimiterService.tryAcquire(PlatformRateLimiterService.java:42)
	at com.huanjing.geo.module.dispatch.service.DispatchExecutionService.invokeContentPlatform(DispatchExecutionService.java:1700)
	at com.huanjing.geo.module.dispatch.service.DispatchExecutionService.invokePrimaryContent(DispatchExecutionService.java:1580)
	at com.huanjing.geo.module.dispatch.service.DispatchExecutionService.invokeContentWithFallback(DispatchExecutionService.java:1528)
	at com.huanjing.geo.module.dispatch.service.DispatchExecutionService.invokeContentWithOrderedPlatforms(DispatchExecutionService.java:676)
	at com.huanjing.geo.module.dispatch.service.DispatchExecutionService.executeContentGeneration(DispatchExecutionService.java:511)
	at com.huanjing.geo.module.dispatch.service.DispatchExecutionService.execute(DispatchExecutionService.java:140)
	at com.huanjing.geo.module.dispatch.service.DispatchTaskService.processTask(DispatchTaskService.java:153)
	at java.base/jdk.internal.reflect.DirectMethodHandleAccessor.invoke(DirectMethodHandleAccessor.java:103)
	at java.base/java.lang.reflect.Method.invoke(Method.java:580)
	at org.springframework.aop.support.AopUtils.invokeJoinpointUsingReflection(AopUtils.java:354)
	at org.springframework.aop.framework.ReflectiveMethodInvocation.invokeJoinpoint(ReflectiveMethodInvocation.java:196)
	at org.springframework.aop.framework.ReflectiveMethodInvocation.proceed(ReflectiveMethodInvocation.java:163)
	at org.springframework.aop.framework.CglibAopProxy$CglibMethodInvocation.proceed(CglibAopProxy.java:768)
	at org.springframework.transaction.interceptor.TransactionInterceptor$1.proceedWithInvocation(TransactionInterceptor.java:123)
	at org.springframework.transaction.interceptor.TransactionAspectSupport.invokeWithinTransaction(TransactionAspectSupport.java:392)
	at org.springframework.transaction.interceptor.TransactionInterceptor.invoke(TransactionInterceptor.java:119)
	at org.springframework.aop.framework.ReflectiveMethodInvocation.proceed(ReflectiveMethodInvocation.java:184)
	at org.springframework.aop.framework.CglibAopProxy$CglibMethodInvocation.proceed(CglibAopProxy.java:768)
	at org.springframework.aop.framework.CglibAopProxy$DynamicAdvisedInterceptor.intercept(CglibAopProxy.java:720)
	at com.huanjing.geo.module.dispatch.service.DispatchTaskService$$SpringCGLIB$$0.processTask(<generated>)
	at ContentGenerationIntegrationRunner.main(ContentGenerationIntegrationRunner.java:85)
Caused by: io.lettuce.core.RedisCommandExecutionException: ERR user_script:1: attempt to compare nil with number script: 943681deba638492c14f05de71e273a9e33811b8, on @user_script:1.
	at io.lettuce.core.internal.ExceptionFactory.createExecutionException(ExceptionFactory.java:147)
	at io.lettuce.core.internal.ExceptionFactory.createExecutionException(ExceptionFactory.java:116)
	at io.lettuce.core.protocol.AsyncCommand.completeResult(AsyncCommand.java:120)
	at io.lettuce.core.protocol.AsyncCommand.complete(AsyncCommand.java:111)
	at io.lettuce.core.protocol.CommandHandler.complete(CommandHandler.java:745)
	at io.lettuce.core.protocol.CommandHandler.decode(CommandHandler.java:680)
	at io.lettuce.core.protocol.CommandHandler.channelRead(CommandHandler.java:597)
	at io.netty.channel.AbstractChannelHandlerContext.invokeChannelRead(AbstractChannelHandlerContext.java:442)
	at io.netty.channel.AbstractChannelHandlerContext.invokeChannelRead(AbstractChannelHandlerContext.java:420)
	at io.netty.channel.AbstractChannelHandlerContext.fireChannelRead(AbstractChannelHandlerContext.java:412)
	at io.netty.channel.DefaultChannelPipeline$HeadContext.channelRead(DefaultChannelPipeline.java:1410)
	at io.netty.channel.AbstractChannelHandlerContext.invokeChannelRead(AbstractChannelHandlerContext.java:440)
	at io.netty.channel.AbstractChannelHandlerContext.invokeChannelRead(AbstractChannelHandlerContext.java:420)
	at io.netty.channel.DefaultChannelPipeline.fireChannelRead(DefaultChannelPipeline.java:919)
	at io.netty.channel.nio.AbstractNioByteChannel$NioByteUnsafe.read(AbstractNioByteChannel.java:166)
	at io.netty.channel.nio.NioEventLoop.processSelectedKey(NioEventLoop.java:788)
	at io.netty.channel.nio.NioEventLoop.processSelectedKeysOptimized(NioEventLoop.java:724)
	at io.netty.channel.nio.NioEventLoop.processSelectedKeys(NioEventLoop.java:650)
	at io.netty.channel.nio.NioEventLoop.run(NioEventLoop.java:562)
	at io.netty.util.concurrent.SingleThreadEventExecutor$4.run(SingleThreadEventExecutor.java:997)
	at io.netty.util.internal.ThreadExecutorMap$2.run(ThreadExecutorMap.java:74)
	at io.netty.util.concurrent.FastThreadLocalRunnable.run(FastThreadLocalRunnable.java:30)
	at java.base/java.lang.Thread.run(Thread.java:1583)
2026-04-16 12:24:57.481 [main] WARN  [] c.h.g.m.d.s.DispatchExecutionService - Backup key content invocation failed for platform doubao
com.huanjing.geo.common.exception.BizException: Missing backup api key
	at com.huanjing.geo.module.dispatch.service.DispatchExecutionService.invokeBackupKeyContent(DispatchExecutionService.java:1602)
	at com.huanjing.geo.module.dispatch.service.DispatchExecutionService.invokeContentWithFallback(DispatchExecutionService.java:1538)
	at com.huanjing.geo.module.dispatch.service.DispatchExecutionService.invokeContentWithOrderedPlatforms(DispatchExecutionService.java:676)
	at com.huanjing.geo.module.dispatch.service.DispatchExecutionService.executeContentGeneration(DispatchExecutionService.java:511)
	at com.huanjing.geo.module.dispatch.service.DispatchExecutionService.execute(DispatchExecutionService.java:140)
	at com.huanjing.geo.module.dispatch.service.DispatchTaskService.processTask(DispatchTaskService.java:153)
	at java.base/jdk.internal.reflect.DirectMethodHandleAccessor.invoke(DirectMethodHandleAccessor.java:103)
	at java.base/java.lang.reflect.Method.invoke(Method.java:580)
	at org.springframework.aop.support.AopUtils.invokeJoinpointUsingReflection(AopUtils.java:354)
	at org.springframework.aop.framework.ReflectiveMethodInvocation.invokeJoinpoint(ReflectiveMethodInvocation.java:196)
	at org.springframework.aop.framework.ReflectiveMethodInvocation.proceed(ReflectiveMethodInvocation.java:163)
	at org.springframework.aop.framework.CglibAopProxy$CglibMethodInvocation.proceed(CglibAopProxy.java:768)
	at org.springframework.transaction.interceptor.TransactionInterceptor$1.proceedWithInvocation(TransactionInterceptor.java:123)
	at org.springframework.transaction.interceptor.TransactionAspectSupport.invokeWithinTransaction(TransactionAspectSupport.java:392)
	at org.springframework.transaction.interceptor.TransactionInterceptor.invoke(TransactionInterceptor.java:119)
	at org.springframework.aop.framework.ReflectiveMethodInvocation.proceed(ReflectiveMethodInvocation.java:184)
	at org.springframework.aop.framework.CglibAopProxy$CglibMethodInvocation.proceed(CglibAopProxy.java:768)
	at org.springframework.aop.framework.CglibAopProxy$DynamicAdvisedInterceptor.intercept(CglibAopProxy.java:720)
	at com.huanjing.geo.module.dispatch.service.DispatchTaskService$$SpringCGLIB$$0.processTask(<generated>)
	at ContentGenerationIntegrationRunner.main(ContentGenerationIntegrationRunner.java:85)
2026-04-16 12:24:57.481 [main] WARN  [] c.h.g.m.d.s.DispatchExecutionService - Backup provider content invocation failed for platform doubao
com.huanjing.geo.common.exception.BizException: Missing backup provider
	at com.huanjing.geo.module.dispatch.service.DispatchExecutionService.invokeBackupProviderContent(DispatchExecutionService.java:1639)
	at com.huanjing.geo.module.dispatch.service.DispatchExecutionService.invokeContentWithFallback(DispatchExecutionService.java:1548)
	at com.huanjing.geo.module.dispatch.service.DispatchExecutionService.invokeContentWithOrderedPlatforms(DispatchExecutionService.java:676)
	at com.huanjing.geo.module.dispatch.service.DispatchExecutionService.executeContentGeneration(DispatchExecutionService.java:511)
	at com.huanjing.geo.module.dispatch.service.DispatchExecutionService.execute(DispatchExecutionService.java:140)
	at com.huanjing.geo.module.dispatch.service.DispatchTaskService.processTask(DispatchTaskService.java:153)
	at java.base/jdk.internal.reflect.DirectMethodHandleAccessor.invoke(DirectMethodHandleAccessor.java:103)
	at java.base/java.lang.reflect.Method.invoke(Method.java:580)
	at org.springframework.aop.support.AopUtils.invokeJoinpointUsingReflection(AopUtils.java:354)
	at org.springframework.aop.framework.ReflectiveMethodInvocation.invokeJoinpoint(ReflectiveMethodInvocation.java:196)
	at org.springframework.aop.framework.ReflectiveMethodInvocation.proceed(ReflectiveMethodInvocation.java:163)
	at org.springframework.aop.framework.CglibAopProxy$CglibMethodInvocation.proceed(CglibAopProxy.java:768)
	at org.springframework.transaction.interceptor.TransactionInterceptor$1.proceedWithInvocation(TransactionInterceptor.java:123)
	at org.springframework.transaction.interceptor.TransactionAspectSupport.invokeWithinTransaction(TransactionAspectSupport.java:392)
	at org.springframework.transaction.interceptor.TransactionInterceptor.invoke(TransactionInterceptor.java:119)
	at org.springframework.aop.framework.ReflectiveMethodInvocation.proceed(ReflectiveMethodInvocation.java:184)
	at org.springframework.aop.framework.CglibAopProxy$CglibMethodInvocation.proceed(CglibAopProxy.java:768)
	at org.springframework.aop.framework.CglibAopProxy$DynamicAdvisedInterceptor.intercept(CglibAopProxy.java:720)
	at com.huanjing.geo.module.dispatch.service.DispatchTaskService$$SpringCGLIB$$0.processTask(<generated>)
	at ContentGenerationIntegrationRunner.main(ContentGenerationIntegrationRunner.java:85)
2026-04-16 12:24:57.481 [main] WARN  [] c.h.g.m.d.s.DispatchExecutionService - CONTENT_GENERATION failed task=23, type=industry_article, err=Missing backup provider
2026-04-16 12:24:57.484 [main] WARN  [] c.h.g.m.d.s.DispatchExecutionService - Primary content invocation failed for platform doubao
org.springframework.data.redis.RedisSystemException: Error in execution
	at org.springframework.data.redis.connection.lettuce.LettuceExceptionConverter.convert(LettuceExceptionConverter.java:52)
	at org.springframework.data.redis.connection.lettuce.LettuceExceptionConverter.convert(LettuceExceptionConverter.java:50)
	at org.springframework.data.redis.connection.lettuce.LettuceExceptionConverter.convert(LettuceExceptionConverter.java:41)
	at org.springframework.data.redis.PassThroughExceptionTranslationStrategy.translate(PassThroughExceptionTranslationStrategy.java:40)
	at org.springframework.data.redis.FallbackExceptionTranslationStrategy.translate(FallbackExceptionTranslationStrategy.java:38)
	at org.springframework.data.redis.connection.lettuce.LettuceConnection.convertLettuceAccessException(LettuceConnection.java:308)
	at org.springframework.data.redis.connection.lettuce.LettuceConnection.await(LettuceConnection.java:1026)
	at org.springframework.data.redis.connection.lettuce.LettuceConnection.lambda$doInvoke$3(LettuceConnection.java:445)
	at org.springframework.data.redis.connection.lettuce.LettuceInvoker$Synchronizer.invoke(LettuceInvoker.java:673)
	at org.springframework.data.redis.connection.lettuce.LettuceInvoker$DefaultSingleInvocationSpec.get(LettuceInvoker.java:589)
	at org.springframework.data.redis.connection.lettuce.LettuceScriptingCommands.evalSha(LettuceScriptingCommands.java:99)
	at org.springframework.data.redis.connection.DefaultedRedisConnection.evalSha(DefaultedRedisConnection.java:1831)
	at java.base/jdk.internal.reflect.DirectMethodHandleAccessor.invoke(DirectMethodHandleAccessor.java:103)
	at java.base/java.lang.reflect.Method.invoke(Method.java:580)
	at org.springframework.data.redis.core.CloseSuppressingInvocationHandler.invoke(CloseSuppressingInvocationHandler.java:61)
	at jdk.proxy2/jdk.proxy2.$Proxy188.evalSha(Unknown Source)
	at org.springframework.data.redis.core.script.DefaultScriptExecutor.eval(DefaultScriptExecutor.java:77)
	at org.springframework.data.redis.core.script.DefaultScriptExecutor.lambda$execute$0(DefaultScriptExecutor.java:68)
	at org.springframework.data.redis.core.RedisTemplate.execute(RedisTemplate.java:396)
	at org.springframework.data.redis.core.RedisTemplate.execute(RedisTemplate.java:363)
	at org.springframework.data.redis.core.RedisTemplate.execute(RedisTemplate.java:350)
	at org.springframework.data.redis.core.script.DefaultScriptExecutor.execute(DefaultScriptExecutor.java:58)
	at org.springframework.data.redis.core.script.DefaultScriptExecutor.execute(DefaultScriptExecutor.java:52)
	at org.springframework.data.redis.core.RedisTemplate.execute(RedisTemplate.java:493)
	at com.huanjing.geo.module.dispatch.service.PlatformRateLimiterService.tryAcquire(PlatformRateLimiterService.java:42)
	at com.huanjing.geo.module.dispatch.service.DispatchExecutionService.invokeContentPlatform(DispatchExecutionService.java:1700)
	at com.huanjing.geo.module.dispatch.service.DispatchExecutionService.invokePrimaryContent(DispatchExecutionService.java:1580)
	at com.huanjing.geo.module.dispatch.service.DispatchExecutionService.invokeContentWithFallback(DispatchExecutionService.java:1528)
	at com.huanjing.geo.module.dispatch.service.DispatchExecutionService.invokeContentWithOrderedPlatforms(DispatchExecutionService.java:676)
	at com.huanjing.geo.module.dispatch.service.DispatchExecutionService.executeContentGeneration(DispatchExecutionService.java:511)
	at com.huanjing.geo.module.dispatch.service.DispatchExecutionService.execute(DispatchExecutionService.java:140)
	at com.huanjing.geo.module.dispatch.service.DispatchTaskService.processTask(DispatchTaskService.java:153)
	at java.base/jdk.internal.reflect.DirectMethodHandleAccessor.invoke(DirectMethodHandleAccessor.java:103)
	at java.base/java.lang.reflect.Method.invoke(Method.java:580)
	at org.springframework.aop.support.AopUtils.invokeJoinpointUsingReflection(AopUtils.java:354)
	at org.springframework.aop.framework.ReflectiveMethodInvocation.invokeJoinpoint(ReflectiveMethodInvocation.java:196)
	at org.springframework.aop.framework.ReflectiveMethodInvocation.proceed(ReflectiveMethodInvocation.java:163)
	at org.springframework.aop.framework.CglibAopProxy$CglibMethodInvocation.proceed(CglibAopProxy.java:768)
	at org.springframework.transaction.interceptor.TransactionInterceptor$1.proceedWithInvocation(TransactionInterceptor.java:123)
	at org.springframework.transaction.interceptor.TransactionAspectSupport.invokeWithinTransaction(TransactionAspectSupport.java:392)
	at org.springframework.transaction.interceptor.TransactionInterceptor.invoke(TransactionInterceptor.java:119)
	at org.springframework.aop.framework.ReflectiveMethodInvocation.proceed(ReflectiveMethodInvocation.java:184)
	at org.springframework.aop.framework.CglibAopProxy$CglibMethodInvocation.proceed(CglibAopProxy.java:768)
	at org.springframework.aop.framework.CglibAopProxy$DynamicAdvisedInterceptor.intercept(CglibAopProxy.java:720)
	at com.huanjing.geo.module.dispatch.service.DispatchTaskService$$SpringCGLIB$$0.processTask(<generated>)
	at ContentGenerationIntegrationRunner.main(ContentGenerationIntegrationRunner.java:85)
Caused by: io.lettuce.core.RedisCommandExecutionException: ERR user_script:1: attempt to compare nil with number script: 943681deba638492c14f05de71e273a9e33811b8, on @user_script:1.
	at io.lettuce.core.internal.ExceptionFactory.createExecutionException(ExceptionFactory.java:147)
	at io.lettuce.core.internal.ExceptionFactory.createExecutionException(ExceptionFactory.java:116)
	at io.lettuce.core.protocol.AsyncCommand.completeResult(AsyncCommand.java:120)
	at io.lettuce.core.protocol.AsyncCommand.complete(AsyncCommand.java:111)
	at io.lettuce.core.protocol.CommandHandler.complete(CommandHandler.java:745)
	at io.lettuce.core.protocol.CommandHandler.decode(CommandHandler.java:680)
	at io.lettuce.core.protocol.CommandHandler.channelRead(CommandHandler.java:597)
	at io.netty.channel.AbstractChannelHandlerContext.invokeChannelRead(AbstractChannelHandlerContext.java:442)
	at io.netty.channel.AbstractChannelHandlerContext.invokeChannelRead(AbstractChannelHandlerContext.java:420)
	at io.netty.channel.AbstractChannelHandlerContext.fireChannelRead(AbstractChannelHandlerContext.java:412)
	at io.netty.channel.DefaultChannelPipeline$HeadContext.channelRead(DefaultChannelPipeline.java:1410)
	at io.netty.channel.AbstractChannelHandlerContext.invokeChannelRead(AbstractChannelHandlerContext.java:440)
	at io.netty.channel.AbstractChannelHandlerContext.invokeChannelRead(AbstractChannelHandlerContext.java:420)
	at io.netty.channel.DefaultChannelPipeline.fireChannelRead(DefaultChannelPipeline.java:919)
	at io.netty.channel.nio.AbstractNioByteChannel$NioByteUnsafe.read(AbstractNioByteChannel.java:166)
	at io.netty.channel.nio.NioEventLoop.processSelectedKey(NioEventLoop.java:788)
	at io.netty.channel.nio.NioEventLoop.processSelectedKeysOptimized(NioEventLoop.java:724)
	at io.netty.channel.nio.NioEventLoop.processSelectedKeys(NioEventLoop.java:650)
	at io.netty.channel.nio.NioEventLoop.run(NioEventLoop.java:562)
	at io.netty.util.concurrent.SingleThreadEventExecutor$4.run(SingleThreadEventExecutor.java:997)
	at io.netty.util.internal.ThreadExecutorMap$2.run(ThreadExecutorMap.java:74)
	at io.netty.util.concurrent.FastThreadLocalRunnable.run(FastThreadLocalRunnable.java:30)
	at java.base/java.lang.Thread.run(Thread.java:1583)
2026-04-16 12:24:57.484 [main] WARN  [] c.h.g.m.d.s.DispatchExecutionService - Backup key content invocation failed for platform doubao
com.huanjing.geo.common.exception.BizException: Missing backup api key
	at com.huanjing.geo.module.dispatch.service.DispatchExecutionService.invokeBackupKeyContent(DispatchExecutionService.java:1602)
	at com.huanjing.geo.module.dispatch.service.DispatchExecutionService.invokeContentWithFallback(DispatchExecutionService.java:1538)
	at com.huanjing.geo.module.dispatch.service.DispatchExecutionService.invokeContentWithOrderedPlatforms(DispatchExecutionService.java:676)
	at com.huanjing.geo.module.dispatch.service.DispatchExecutionService.executeContentGeneration(DispatchExecutionService.java:511)
	at com.huanjing.geo.module.dispatch.service.DispatchExecutionService.execute(DispatchExecutionService.java:140)
	at com.huanjing.geo.module.dispatch.service.DispatchTaskService.processTask(DispatchTaskService.java:153)
	at java.base/jdk.internal.reflect.DirectMethodHandleAccessor.invoke(DirectMethodHandleAccessor.java:103)
	at java.base/java.lang.reflect.Method.invoke(Method.java:580)
	at org.springframework.aop.support.AopUtils.invokeJoinpointUsingReflection(AopUtils.java:354)
	at org.springframework.aop.framework.ReflectiveMethodInvocation.invokeJoinpoint(ReflectiveMethodInvocation.java:196)
	at org.springframework.aop.framework.ReflectiveMethodInvocation.proceed(ReflectiveMethodInvocation.java:163)
	at org.springframework.aop.framework.CglibAopProxy$CglibMethodInvocation.proceed(CglibAopProxy.java:768)
	at org.springframework.transaction.interceptor.TransactionInterceptor$1.proceedWithInvocation(TransactionInterceptor.java:123)
	at org.springframework.transaction.interceptor.TransactionAspectSupport.invokeWithinTransaction(TransactionAspectSupport.java:392)
	at org.springframework.transaction.interceptor.TransactionInterceptor.invoke(TransactionInterceptor.java:119)
	at org.springframework.aop.framework.ReflectiveMethodInvocation.proceed(ReflectiveMethodInvocation.java:184)
	at org.springframework.aop.framework.CglibAopProxy$CglibMethodInvocation.proceed(CglibAopProxy.java:768)
	at org.springframework.aop.framework.CglibAopProxy$DynamicAdvisedInterceptor.intercept(CglibAopProxy.java:720)
	at com.huanjing.geo.module.dispatch.service.DispatchTaskService$$SpringCGLIB$$0.processTask(<generated>)
	at ContentGenerationIntegrationRunner.main(ContentGenerationIntegrationRunner.java:85)
2026-04-16 12:24:57.484 [main] WARN  [] c.h.g.m.d.s.DispatchExecutionService - Backup provider content invocation failed for platform doubao
com.huanjing.geo.common.exception.BizException: Missing backup provider
	at com.huanjing.geo.module.dispatch.service.DispatchExecutionService.invokeBackupProviderContent(DispatchExecutionService.java:1639)
	at com.huanjing.geo.module.dispatch.service.DispatchExecutionService.invokeContentWithFallback(DispatchExecutionService.java:1548)
	at com.huanjing.geo.module.dispatch.service.DispatchExecutionService.invokeContentWithOrderedPlatforms(DispatchExecutionService.java:676)
	at com.huanjing.geo.module.dispatch.service.DispatchExecutionService.executeContentGeneration(DispatchExecutionService.java:511)
	at com.huanjing.geo.module.dispatch.service.DispatchExecutionService.execute(DispatchExecutionService.java:140)
	at com.huanjing.geo.module.dispatch.service.DispatchTaskService.processTask(DispatchTaskService.java:153)
	at java.base/jdk.internal.reflect.DirectMethodHandleAccessor.invoke(DirectMethodHandleAccessor.java:103)
	at java.base/java.lang.reflect.Method.invoke(Method.java:580)
	at org.springframework.aop.support.AopUtils.invokeJoinpointUsingReflection(AopUtils.java:354)
	at org.springframework.aop.framework.ReflectiveMethodInvocation.invokeJoinpoint(ReflectiveMethodInvocation.java:196)
	at org.springframework.aop.framework.ReflectiveMethodInvocation.proceed(ReflectiveMethodInvocation.java:163)
	at org.springframework.aop.framework.CglibAopProxy$CglibMethodInvocation.proceed(CglibAopProxy.java:768)
	at org.springframework.transaction.interceptor.TransactionInterceptor$1.proceedWithInvocation(TransactionInterceptor.java:123)
	at org.springframework.transaction.interceptor.TransactionAspectSupport.invokeWithinTransaction(TransactionAspectSupport.java:392)
	at org.springframework.transaction.interceptor.TransactionInterceptor.invoke(TransactionInterceptor.java:119)
	at org.springframework.aop.framework.ReflectiveMethodInvocation.proceed(ReflectiveMethodInvocation.java:184)
	at org.springframework.aop.framework.CglibAopProxy$CglibMethodInvocation.proceed(CglibAopProxy.java:768)
	at org.springframework.aop.framework.CglibAopProxy$DynamicAdvisedInterceptor.intercept(CglibAopProxy.java:720)
	at com.huanjing.geo.module.dispatch.service.DispatchTaskService$$SpringCGLIB$$0.processTask(<generated>)
	at ContentGenerationIntegrationRunner.main(ContentGenerationIntegrationRunner.java:85)
2026-04-16 12:24:57.484 [main] WARN  [] c.h.g.m.d.s.DispatchExecutionService - CONTENT_GENERATION failed task=23, type=scenario_content, err=Missing backup provider
2026-04-16 12:24:57.488 [main] WARN  [] c.h.g.m.d.s.DispatchExecutionService - Primary content invocation failed for platform doubao
org.springframework.data.redis.RedisSystemException: Error in execution
	at org.springframework.data.redis.connection.lettuce.LettuceExceptionConverter.convert(LettuceExceptionConverter.java:52)
	at org.springframework.data.redis.connection.lettuce.LettuceExceptionConverter.convert(LettuceExceptionConverter.java:50)
	at org.springframework.data.redis.connection.lettuce.LettuceExceptionConverter.convert(LettuceExceptionConverter.java:41)
	at org.springframework.data.redis.PassThroughExceptionTranslationStrategy.translate(PassThroughExceptionTranslationStrategy.java:40)
	at org.springframework.data.redis.FallbackExceptionTranslationStrategy.translate(FallbackExceptionTranslationStrategy.java:38)
	at org.springframework.data.redis.connection.lettuce.LettuceConnection.convertLettuceAccessException(LettuceConnection.java:308)
	at org.springframework.data.redis.connection.lettuce.LettuceConnection.await(LettuceConnection.java:1026)
	at org.springframework.data.redis.connection.lettuce.LettuceConnection.lambda$doInvoke$3(LettuceConnection.java:445)
	at org.springframework.data.redis.connection.lettuce.LettuceInvoker$Synchronizer.invoke(LettuceInvoker.java:673)
	at org.springframework.data.redis.connection.lettuce.LettuceInvoker$DefaultSingleInvocationSpec.get(LettuceInvoker.java:589)
	at org.springframework.data.redis.connection.lettuce.LettuceScriptingCommands.evalSha(LettuceScriptingCommands.java:99)
	at org.springframework.data.redis.connection.DefaultedRedisConnection.evalSha(DefaultedRedisConnection.java:1831)
	at java.base/jdk.internal.reflect.DirectMethodHandleAccessor.invoke(DirectMethodHandleAccessor.java:103)
	at java.base/java.lang.reflect.Method.invoke(Method.java:580)
	at org.springframework.data.redis.core.CloseSuppressingInvocationHandler.invoke(CloseSuppressingInvocationHandler.java:61)
	at jdk.proxy2/jdk.proxy2.$Proxy188.evalSha(Unknown Source)
	at org.springframework.data.redis.core.script.DefaultScriptExecutor.eval(DefaultScriptExecutor.java:77)
	at org.springframework.data.redis.core.script.DefaultScriptExecutor.lambda$execute$0(DefaultScriptExecutor.java:68)
	at org.springframework.data.redis.core.RedisTemplate.execute(RedisTemplate.java:396)
	at org.springframework.data.redis.core.RedisTemplate.execute(RedisTemplate.java:363)
	at org.springframework.data.redis.core.RedisTemplate.execute(RedisTemplate.java:350)
	at org.springframework.data.redis.core.script.DefaultScriptExecutor.execute(DefaultScriptExecutor.java:58)
	at org.springframework.data.redis.core.script.DefaultScriptExecutor.execute(DefaultScriptExecutor.java:52)
	at org.springframework.data.redis.core.RedisTemplate.execute(RedisTemplate.java:493)
	at com.huanjing.geo.module.dispatch.service.PlatformRateLimiterService.tryAcquire(PlatformRateLimiterService.java:42)
	at com.huanjing.geo.module.dispatch.service.DispatchExecutionService.invokeContentPlatform(DispatchExecutionService.java:1700)
	at com.huanjing.geo.module.dispatch.service.DispatchExecutionService.invokePrimaryContent(DispatchExecutionService.java:1580)
	at com.huanjing.geo.module.dispatch.service.DispatchExecutionService.invokeContentWithFallback(DispatchExecutionService.java:1528)
	at com.huanjing.geo.module.dispatch.service.DispatchExecutionService.invokeContentWithOrderedPlatforms(DispatchExecutionService.java:676)
	at com.huanjing.geo.module.dispatch.service.DispatchExecutionService.executeContentGeneration(DispatchExecutionService.java:511)
	at com.huanjing.geo.module.dispatch.service.DispatchExecutionService.execute(DispatchExecutionService.java:140)
	at com.huanjing.geo.module.dispatch.service.DispatchTaskService.processTask(DispatchTaskService.java:153)
	at java.base/jdk.internal.reflect.DirectMethodHandleAccessor.invoke(DirectMethodHandleAccessor.java:103)
	at java.base/java.lang.reflect.Method.invoke(Method.java:580)
	at org.springframework.aop.support.AopUtils.invokeJoinpointUsingReflection(AopUtils.java:354)
	at org.springframework.aop.framework.ReflectiveMethodInvocation.invokeJoinpoint(ReflectiveMethodInvocation.java:196)
	at org.springframework.aop.framework.ReflectiveMethodInvocation.proceed(ReflectiveMethodInvocation.java:163)
	at org.springframework.aop.framework.CglibAopProxy$CglibMethodInvocation.proceed(CglibAopProxy.java:768)
	at org.springframework.transaction.interceptor.TransactionInterceptor$1.proceedWithInvocation(TransactionInterceptor.java:123)
	at org.springframework.transaction.interceptor.TransactionAspectSupport.invokeWithinTransaction(TransactionAspectSupport.java:392)
	at org.springframework.transaction.interceptor.TransactionInterceptor.invoke(TransactionInterceptor.java:119)
	at org.springframework.aop.framework.ReflectiveMethodInvocation.proceed(ReflectiveMethodInvocation.java:184)
	at org.springframework.aop.framework.CglibAopProxy$CglibMethodInvocation.proceed(CglibAopProxy.java:768)
	at org.springframework.aop.framework.CglibAopProxy$DynamicAdvisedInterceptor.intercept(CglibAopProxy.java:720)
	at com.huanjing.geo.module.dispatch.service.DispatchTaskService$$SpringCGLIB$$0.processTask(<generated>)
	at ContentGenerationIntegrationRunner.main(ContentGenerationIntegrationRunner.java:85)
Caused by: io.lettuce.core.RedisCommandExecutionException: ERR user_script:1: attempt to compare nil with number script: 943681deba638492c14f05de71e273a9e33811b8, on @user_script:1.
	at io.lettuce.core.internal.ExceptionFactory.createExecutionException(ExceptionFactory.java:147)
	at io.lettuce.core.internal.ExceptionFactory.createExecutionException(ExceptionFactory.java:116)
	at io.lettuce.core.protocol.AsyncCommand.completeResult(AsyncCommand.java:120)
	at io.lettuce.core.protocol.AsyncCommand.complete(AsyncCommand.java:111)
	at io.lettuce.core.protocol.CommandHandler.complete(CommandHandler.java:745)
	at io.lettuce.core.protocol.CommandHandler.decode(CommandHandler.java:680)
	at io.lettuce.core.protocol.CommandHandler.channelRead(CommandHandler.java:597)
	at io.netty.channel.AbstractChannelHandlerContext.invokeChannelRead(AbstractChannelHandlerContext.java:442)
	at io.netty.channel.AbstractChannelHandlerContext.invokeChannelRead(AbstractChannelHandlerContext.java:420)
	at io.netty.channel.AbstractChannelHandlerContext.fireChannelRead(AbstractChannelHandlerContext.java:412)
	at io.netty.channel.DefaultChannelPipeline$HeadContext.channelRead(DefaultChannelPipeline.java:1410)
	at io.netty.channel.AbstractChannelHandlerContext.invokeChannelRead(AbstractChannelHandlerContext.java:440)
	at io.netty.channel.AbstractChannelHandlerContext.invokeChannelRead(AbstractChannelHandlerContext.java:420)
	at io.netty.channel.DefaultChannelPipeline.fireChannelRead(DefaultChannelPipeline.java:919)
	at io.netty.channel.nio.AbstractNioByteChannel$NioByteUnsafe.read(AbstractNioByteChannel.java:166)
	at io.netty.channel.nio.NioEventLoop.processSelectedKey(NioEventLoop.java:788)
	at io.netty.channel.nio.NioEventLoop.processSelectedKeysOptimized(NioEventLoop.java:724)
	at io.netty.channel.nio.NioEventLoop.processSelectedKeys(NioEventLoop.java:650)
	at io.netty.channel.nio.NioEventLoop.run(NioEventLoop.java:562)
	at io.netty.util.concurrent.SingleThreadEventExecutor$4.run(SingleThreadEventExecutor.java:997)
	at io.netty.util.internal.ThreadExecutorMap$2.run(ThreadExecutorMap.java:74)
	at io.netty.util.concurrent.FastThreadLocalRunnable.run(FastThreadLocalRunnable.java:30)
	at java.base/java.lang.Thread.run(Thread.java:1583)
2026-04-16 12:24:57.488 [main] WARN  [] c.h.g.m.d.s.DispatchExecutionService - Backup key content invocation failed for platform doubao
com.huanjing.geo.common.exception.BizException: Missing backup api key
	at com.huanjing.geo.module.dispatch.service.DispatchExecutionService.invokeBackupKeyContent(DispatchExecutionService.java:1602)
	at com.huanjing.geo.module.dispatch.service.DispatchExecutionService.invokeContentWithFallback(DispatchExecutionService.java:1538)
	at com.huanjing.geo.module.dispatch.service.DispatchExecutionService.invokeContentWithOrderedPlatforms(DispatchExecutionService.java:676)
	at com.huanjing.geo.module.dispatch.service.DispatchExecutionService.executeContentGeneration(DispatchExecutionService.java:511)
	at com.huanjing.geo.module.dispatch.service.DispatchExecutionService.execute(DispatchExecutionService.java:140)
	at com.huanjing.geo.module.dispatch.service.DispatchTaskService.processTask(DispatchTaskService.java:153)
	at java.base/jdk.internal.reflect.DirectMethodHandleAccessor.invoke(DirectMethodHandleAccessor.java:103)
	at java.base/java.lang.reflect.Method.invoke(Method.java:580)
	at org.springframework.aop.support.AopUtils.invokeJoinpointUsingReflection(AopUtils.java:354)
	at org.springframework.aop.framework.ReflectiveMethodInvocation.invokeJoinpoint(ReflectiveMethodInvocation.java:196)
	at org.springframework.aop.framework.ReflectiveMethodInvocation.proceed(ReflectiveMethodInvocation.java:163)
	at org.springframework.aop.framework.CglibAopProxy$CglibMethodInvocation.proceed(CglibAopProxy.java:768)
	at org.springframework.transaction.interceptor.TransactionInterceptor$1.proceedWithInvocation(TransactionInterceptor.java:123)
	at org.springframework.transaction.interceptor.TransactionAspectSupport.invokeWithinTransaction(TransactionAspectSupport.java:392)
	at org.springframework.transaction.interceptor.TransactionInterceptor.invoke(TransactionInterceptor.java:119)
	at org.springframework.aop.framework.ReflectiveMethodInvocation.proceed(ReflectiveMethodInvocation.java:184)
	at org.springframework.aop.framework.CglibAopProxy$CglibMethodInvocation.proceed(CglibAopProxy.java:768)
	at org.springframework.aop.framework.CglibAopProxy$DynamicAdvisedInterceptor.intercept(CglibAopProxy.java:720)
	at com.huanjing.geo.module.dispatch.service.DispatchTaskService$$SpringCGLIB$$0.processTask(<generated>)
	at ContentGenerationIntegrationRunner.main(ContentGenerationIntegrationRunner.java:85)
2026-04-16 12:24:57.488 [main] WARN  [] c.h.g.m.d.s.DispatchExecutionService - Backup provider content invocation failed for platform doubao
com.huanjing.geo.common.exception.BizException: Missing backup provider
	at com.huanjing.geo.module.dispatch.service.DispatchExecutionService.invokeBackupProviderContent(DispatchExecutionService.java:1639)
	at com.huanjing.geo.module.dispatch.service.DispatchExecutionService.invokeContentWithFallback(DispatchExecutionService.java:1548)
	at com.huanjing.geo.module.dispatch.service.DispatchExecutionService.invokeContentWithOrderedPlatforms(DispatchExecutionService.java:676)
	at com.huanjing.geo.module.dispatch.service.DispatchExecutionService.executeContentGeneration(DispatchExecutionService.java:511)
	at com.huanjing.geo.module.dispatch.service.DispatchExecutionService.execute(DispatchExecutionService.java:140)
	at com.huanjing.geo.module.dispatch.service.DispatchTaskService.processTask(DispatchTaskService.java:153)
	at java.base/jdk.internal.reflect.DirectMethodHandleAccessor.invoke(DirectMethodHandleAccessor.java:103)
	at java.base/java.lang.reflect.Method.invoke(Method.java:580)
	at org.springframework.aop.support.AopUtils.invokeJoinpointUsingReflection(AopUtils.java:354)
	at org.springframework.aop.framework.ReflectiveMethodInvocation.invokeJoinpoint(ReflectiveMethodInvocation.java:196)
	at org.springframework.aop.framework.ReflectiveMethodInvocation.proceed(ReflectiveMethodInvocation.java:163)
	at org.springframework.aop.framework.CglibAopProxy$CglibMethodInvocation.proceed(CglibAopProxy.java:768)
	at org.springframework.transaction.interceptor.TransactionInterceptor$1.proceedWithInvocation(TransactionInterceptor.java:123)
	at org.springframework.transaction.interceptor.TransactionAspectSupport.invokeWithinTransaction(TransactionAspectSupport.java:392)
	at org.springframework.transaction.interceptor.TransactionInterceptor.invoke(TransactionInterceptor.java:119)
	at org.springframework.aop.framework.ReflectiveMethodInvocation.proceed(ReflectiveMethodInvocation.java:184)
	at org.springframework.aop.framework.CglibAopProxy$CglibMethodInvocation.proceed(CglibAopProxy.java:768)
	at org.springframework.aop.framework.CglibAopProxy$DynamicAdvisedInterceptor.intercept(CglibAopProxy.java:720)
	at com.huanjing.geo.module.dispatch.service.DispatchTaskService$$SpringCGLIB$$0.processTask(<generated>)
	at ContentGenerationIntegrationRunner.main(ContentGenerationIntegrationRunner.java:85)
2026-04-16 12:24:57.488 [main] WARN  [] c.h.g.m.d.s.DispatchExecutionService - CONTENT_GENERATION failed task=23, type=scenario_content, err=Missing backup provider
2026-04-16 12:26:58.864 [main] WARN  [] c.h.g.m.d.s.DispatchExecutionService - Primary content invocation failed for platform doubao
com.huanjing.geo.common.exception.BizException: Model API invoke failed: request timed out
	at com.huanjing.geo.module.dispatch.service.DispatchExecutionService.invokeModelApi(DispatchExecutionService.java:1777)
	at com.huanjing.geo.module.dispatch.service.DispatchExecutionService.invokeModelApi(DispatchExecutionService.java:1725)
	at com.huanjing.geo.module.dispatch.service.DispatchExecutionService.invokeContentPlatform(DispatchExecutionService.java:1706)
	at com.huanjing.geo.module.dispatch.service.DispatchExecutionService.invokePrimaryContent(DispatchExecutionService.java:1580)
	at com.huanjing.geo.module.dispatch.service.DispatchExecutionService.invokeContentWithFallback(DispatchExecutionService.java:1528)
	at com.huanjing.geo.module.dispatch.service.DispatchExecutionService.invokeContentWithOrderedPlatforms(DispatchExecutionService.java:676)
	at com.huanjing.geo.module.dispatch.service.DispatchExecutionService.executeContentGeneration(DispatchExecutionService.java:511)
	at com.huanjing.geo.module.dispatch.service.DispatchExecutionService.execute(DispatchExecutionService.java:140)
	at com.huanjing.geo.module.dispatch.service.DispatchTaskService.processTask(DispatchTaskService.java:153)
	at java.base/jdk.internal.reflect.DirectMethodHandleAccessor.invoke(DirectMethodHandleAccessor.java:103)
	at java.base/java.lang.reflect.Method.invoke(Method.java:580)
	at org.springframework.aop.support.AopUtils.invokeJoinpointUsingReflection(AopUtils.java:354)
	at org.springframework.aop.framework.ReflectiveMethodInvocation.invokeJoinpoint(ReflectiveMethodInvocation.java:196)
	at org.springframework.aop.framework.ReflectiveMethodInvocation.proceed(ReflectiveMethodInvocation.java:163)
	at org.springframework.aop.framework.CglibAopProxy$CglibMethodInvocation.proceed(CglibAopProxy.java:768)
	at org.springframework.transaction.interceptor.TransactionInterceptor$1.proceedWithInvocation(TransactionInterceptor.java:123)
	at org.springframework.transaction.interceptor.TransactionAspectSupport.invokeWithinTransaction(TransactionAspectSupport.java:392)
	at org.springframework.transaction.interceptor.TransactionInterceptor.invoke(TransactionInterceptor.java:119)
	at org.springframework.aop.framework.ReflectiveMethodInvocation.proceed(ReflectiveMethodInvocation.java:184)
	at org.springframework.aop.framework.CglibAopProxy$CglibMethodInvocation.proceed(CglibAopProxy.java:768)
	at org.springframework.aop.framework.CglibAopProxy$DynamicAdvisedInterceptor.intercept(CglibAopProxy.java:720)
	at com.huanjing.geo.module.dispatch.service.DispatchTaskService$$SpringCGLIB$$0.processTask(<generated>)
	at ContentGenerationIntegrationRunner.main(ContentGenerationIntegrationRunner.java:64)
2026-04-16 12:26:58.871 [main] WARN  [] c.h.g.m.d.s.DispatchExecutionService - Backup key content invocation failed for platform doubao
com.huanjing.geo.common.exception.BizException: Missing backup api key
	at com.huanjing.geo.module.dispatch.service.DispatchExecutionService.invokeBackupKeyContent(DispatchExecutionService.java:1602)
	at com.huanjing.geo.module.dispatch.service.DispatchExecutionService.invokeContentWithFallback(DispatchExecutionService.java:1538)
	at com.huanjing.geo.module.dispatch.service.DispatchExecutionService.invokeContentWithOrderedPlatforms(DispatchExecutionService.java:676)
	at com.huanjing.geo.module.dispatch.service.DispatchExecutionService.executeContentGeneration(DispatchExecutionService.java:511)
	at com.huanjing.geo.module.dispatch.service.DispatchExecutionService.execute(DispatchExecutionService.java:140)
	at com.huanjing.geo.module.dispatch.service.DispatchTaskService.processTask(DispatchTaskService.java:153)
	at java.base/jdk.internal.reflect.DirectMethodHandleAccessor.invoke(DirectMethodHandleAccessor.java:103)
	at java.base/java.lang.reflect.Method.invoke(Method.java:580)
	at org.springframework.aop.support.AopUtils.invokeJoinpointUsingReflection(AopUtils.java:354)
	at org.springframework.aop.framework.ReflectiveMethodInvocation.invokeJoinpoint(ReflectiveMethodInvocation.java:196)
	at org.springframework.aop.framework.ReflectiveMethodInvocation.proceed(ReflectiveMethodInvocation.java:163)
	at org.springframework.aop.framework.CglibAopProxy$CglibMethodInvocation.proceed(CglibAopProxy.java:768)
	at org.springframework.transaction.interceptor.TransactionInterceptor$1.proceedWithInvocation(TransactionInterceptor.java:123)
	at org.springframework.transaction.interceptor.TransactionAspectSupport.invokeWithinTransaction(TransactionAspectSupport.java:392)
	at org.springframework.transaction.interceptor.TransactionInterceptor.invoke(TransactionInterceptor.java:119)
	at org.springframework.aop.framework.ReflectiveMethodInvocation.proceed(ReflectiveMethodInvocation.java:184)
	at org.springframework.aop.framework.CglibAopProxy$CglibMethodInvocation.proceed(CglibAopProxy.java:768)
	at org.springframework.aop.framework.CglibAopProxy$DynamicAdvisedInterceptor.intercept(CglibAopProxy.java:720)
	at com.huanjing.geo.module.dispatch.service.DispatchTaskService$$SpringCGLIB$$0.processTask(<generated>)
	at ContentGenerationIntegrationRunner.main(ContentGenerationIntegrationRunner.java:64)
2026-04-16 12:26:58.871 [main] WARN  [] c.h.g.m.d.s.DispatchExecutionService - Backup provider content invocation failed for platform doubao
com.huanjing.geo.common.exception.BizException: Missing backup provider
	at com.huanjing.geo.module.dispatch.service.DispatchExecutionService.invokeBackupProviderContent(DispatchExecutionService.java:1639)
	at com.huanjing.geo.module.dispatch.service.DispatchExecutionService.invokeContentWithFallback(DispatchExecutionService.java:1548)
	at com.huanjing.geo.module.dispatch.service.DispatchExecutionService.invokeContentWithOrderedPlatforms(DispatchExecutionService.java:676)
	at com.huanjing.geo.module.dispatch.service.DispatchExecutionService.executeContentGeneration(DispatchExecutionService.java:511)
	at com.huanjing.geo.module.dispatch.service.DispatchExecutionService.execute(DispatchExecutionService.java:140)
	at com.huanjing.geo.module.dispatch.service.DispatchTaskService.processTask(DispatchTaskService.java:153)
	at java.base/jdk.internal.reflect.DirectMethodHandleAccessor.invoke(DirectMethodHandleAccessor.java:103)
	at java.base/java.lang.reflect.Method.invoke(Method.java:580)
	at org.springframework.aop.support.AopUtils.invokeJoinpointUsingReflection(AopUtils.java:354)
	at org.springframework.aop.framework.ReflectiveMethodInvocation.invokeJoinpoint(ReflectiveMethodInvocation.java:196)
	at org.springframework.aop.framework.ReflectiveMethodInvocation.proceed(ReflectiveMethodInvocation.java:163)
	at org.springframework.aop.framework.CglibAopProxy$CglibMethodInvocation.proceed(CglibAopProxy.java:768)
	at org.springframework.transaction.interceptor.TransactionInterceptor$1.proceedWithInvocation(TransactionInterceptor.java:123)
	at org.springframework.transaction.interceptor.TransactionAspectSupport.invokeWithinTransaction(TransactionAspectSupport.java:392)
	at org.springframework.transaction.interceptor.TransactionInterceptor.invoke(TransactionInterceptor.java:119)
	at org.springframework.aop.framework.ReflectiveMethodInvocation.proceed(ReflectiveMethodInvocation.java:184)
	at org.springframework.aop.framework.CglibAopProxy$CglibMethodInvocation.proceed(CglibAopProxy.java:768)
	at org.springframework.aop.framework.CglibAopProxy$DynamicAdvisedInterceptor.intercept(CglibAopProxy.java:720)
	at com.huanjing.geo.module.dispatch.service.DispatchTaskService$$SpringCGLIB$$0.processTask(<generated>)
	at ContentGenerationIntegrationRunner.main(ContentGenerationIntegrationRunner.java:64)
2026-04-16 12:26:58.871 [main] WARN  [] c.h.g.m.d.s.DispatchExecutionService - CONTENT_GENERATION failed task=24, type=faq, err=Missing backup provider
2026-04-16 12:27:43.877 [main] WARN  [] c.h.g.m.d.s.DispatchExecutionService - Primary content invocation failed for platform doubao
com.huanjing.geo.common.exception.BizException: Model API invoke failed: request timed out
	at com.huanjing.geo.module.dispatch.service.DispatchExecutionService.invokeModelApi(DispatchExecutionService.java:1777)
	at com.huanjing.geo.module.dispatch.service.DispatchExecutionService.invokeModelApi(DispatchExecutionService.java:1725)
	at com.huanjing.geo.module.dispatch.service.DispatchExecutionService.invokeContentPlatform(DispatchExecutionService.java:1706)
	at com.huanjing.geo.module.dispatch.service.DispatchExecutionService.invokePrimaryContent(DispatchExecutionService.java:1580)
	at com.huanjing.geo.module.dispatch.service.DispatchExecutionService.invokeContentWithFallback(DispatchExecutionService.java:1528)
	at com.huanjing.geo.module.dispatch.service.DispatchExecutionService.invokeContentWithOrderedPlatforms(DispatchExecutionService.java:676)
	at com.huanjing.geo.module.dispatch.service.DispatchExecutionService.executeContentGeneration(DispatchExecutionService.java:511)
	at com.huanjing.geo.module.dispatch.service.DispatchExecutionService.execute(DispatchExecutionService.java:140)
	at com.huanjing.geo.module.dispatch.service.DispatchTaskService.processTask(DispatchTaskService.java:153)
	at java.base/jdk.internal.reflect.DirectMethodHandleAccessor.invoke(DirectMethodHandleAccessor.java:103)
	at java.base/java.lang.reflect.Method.invoke(Method.java:580)
	at org.springframework.aop.support.AopUtils.invokeJoinpointUsingReflection(AopUtils.java:354)
	at org.springframework.aop.framework.ReflectiveMethodInvocation.invokeJoinpoint(ReflectiveMethodInvocation.java:196)
	at org.springframework.aop.framework.ReflectiveMethodInvocation.proceed(ReflectiveMethodInvocation.java:163)
	at org.springframework.aop.framework.CglibAopProxy$CglibMethodInvocation.proceed(CglibAopProxy.java:768)
	at org.springframework.transaction.interceptor.TransactionInterceptor$1.proceedWithInvocation(TransactionInterceptor.java:123)
	at org.springframework.transaction.interceptor.TransactionAspectSupport.invokeWithinTransaction(TransactionAspectSupport.java:392)
	at org.springframework.transaction.interceptor.TransactionInterceptor.invoke(TransactionInterceptor.java:119)
	at org.springframework.aop.framework.ReflectiveMethodInvocation.proceed(ReflectiveMethodInvocation.java:184)
	at org.springframework.aop.framework.CglibAopProxy$CglibMethodInvocation.proceed(CglibAopProxy.java:768)
	at org.springframework.aop.framework.CglibAopProxy$DynamicAdvisedInterceptor.intercept(CglibAopProxy.java:720)
	at com.huanjing.geo.module.dispatch.service.DispatchTaskService$$SpringCGLIB$$0.processTask(<generated>)
	at ContentGenerationIntegrationRunner.main(ContentGenerationIntegrationRunner.java:64)
2026-04-16 12:27:43.877 [main] WARN  [] c.h.g.m.d.s.DispatchExecutionService - Backup key content invocation failed for platform doubao
com.huanjing.geo.common.exception.BizException: Missing backup api key
	at com.huanjing.geo.module.dispatch.service.DispatchExecutionService.invokeBackupKeyContent(DispatchExecutionService.java:1602)
	at com.huanjing.geo.module.dispatch.service.DispatchExecutionService.invokeContentWithFallback(DispatchExecutionService.java:1538)
	at com.huanjing.geo.module.dispatch.service.DispatchExecutionService.invokeContentWithOrderedPlatforms(DispatchExecutionService.java:676)
	at com.huanjing.geo.module.dispatch.service.DispatchExecutionService.executeContentGeneration(DispatchExecutionService.java:511)
	at com.huanjing.geo.module.dispatch.service.DispatchExecutionService.execute(DispatchExecutionService.java:140)
	at com.huanjing.geo.module.dispatch.service.DispatchTaskService.processTask(DispatchTaskService.java:153)
	at java.base/jdk.internal.reflect.DirectMethodHandleAccessor.invoke(DirectMethodHandleAccessor.java:103)
	at java.base/java.lang.reflect.Method.invoke(Method.java:580)
	at org.springframework.aop.support.AopUtils.invokeJoinpointUsingReflection(AopUtils.java:354)
	at org.springframework.aop.framework.ReflectiveMethodInvocation.invokeJoinpoint(ReflectiveMethodInvocation.java:196)
	at org.springframework.aop.framework.ReflectiveMethodInvocation.proceed(ReflectiveMethodInvocation.java:163)
	at org.springframework.aop.framework.CglibAopProxy$CglibMethodInvocation.proceed(CglibAopProxy.java:768)
	at org.springframework.transaction.interceptor.TransactionInterceptor$1.proceedWithInvocation(TransactionInterceptor.java:123)
	at org.springframework.transaction.interceptor.TransactionAspectSupport.invokeWithinTransaction(TransactionAspectSupport.java:392)
	at org.springframework.transaction.interceptor.TransactionInterceptor.invoke(TransactionInterceptor.java:119)
	at org.springframework.aop.framework.ReflectiveMethodInvocation.proceed(ReflectiveMethodInvocation.java:184)
	at org.springframework.aop.framework.CglibAopProxy$CglibMethodInvocation.proceed(CglibAopProxy.java:768)
	at org.springframework.aop.framework.CglibAopProxy$DynamicAdvisedInterceptor.intercept(CglibAopProxy.java:720)
	at com.huanjing.geo.module.dispatch.service.DispatchTaskService$$SpringCGLIB$$0.processTask(<generated>)
	at ContentGenerationIntegrationRunner.main(ContentGenerationIntegrationRunner.java:64)
2026-04-16 12:27:43.878 [main] WARN  [] c.h.g.m.d.s.DispatchExecutionService - Backup provider content invocation failed for platform doubao
com.huanjing.geo.common.exception.BizException: Missing backup provider
	at com.huanjing.geo.module.dispatch.service.DispatchExecutionService.invokeBackupProviderContent(DispatchExecutionService.java:1639)
	at com.huanjing.geo.module.dispatch.service.DispatchExecutionService.invokeContentWithFallback(DispatchExecutionService.java:1548)
	at com.huanjing.geo.module.dispatch.service.DispatchExecutionService.invokeContentWithOrderedPlatforms(DispatchExecutionService.java:676)
	at com.huanjing.geo.module.dispatch.service.DispatchExecutionService.executeContentGeneration(DispatchExecutionService.java:511)
	at com.huanjing.geo.module.dispatch.service.DispatchExecutionService.execute(DispatchExecutionService.java:140)
	at com.huanjing.geo.module.dispatch.service.DispatchTaskService.processTask(DispatchTaskService.java:153)
	at java.base/jdk.internal.reflect.DirectMethodHandleAccessor.invoke(DirectMethodHandleAccessor.java:103)
	at java.base/java.lang.reflect.Method.invoke(Method.java:580)
	at org.springframework.aop.support.AopUtils.invokeJoinpointUsingReflection(AopUtils.java:354)
	at org.springframework.aop.framework.ReflectiveMethodInvocation.invokeJoinpoint(ReflectiveMethodInvocation.java:196)
	at org.springframework.aop.framework.ReflectiveMethodInvocation.proceed(ReflectiveMethodInvocation.java:163)
	at org.springframework.aop.framework.CglibAopProxy$CglibMethodInvocation.proceed(CglibAopProxy.java:768)
	at org.springframework.transaction.interceptor.TransactionInterceptor$1.proceedWithInvocation(TransactionInterceptor.java:123)
	at org.springframework.transaction.interceptor.TransactionAspectSupport.invokeWithinTransaction(TransactionAspectSupport.java:392)
	at org.springframework.transaction.interceptor.TransactionInterceptor.invoke(TransactionInterceptor.java:119)
	at org.springframework.aop.framework.ReflectiveMethodInvocation.proceed(ReflectiveMethodInvocation.java:184)
	at org.springframework.aop.framework.CglibAopProxy$CglibMethodInvocation.proceed(CglibAopProxy.java:768)
	at org.springframework.aop.framework.CglibAopProxy$DynamicAdvisedInterceptor.intercept(CglibAopProxy.java:720)
	at com.huanjing.geo.module.dispatch.service.DispatchTaskService$$SpringCGLIB$$0.processTask(<generated>)
	at ContentGenerationIntegrationRunner.main(ContentGenerationIntegrationRunner.java:64)
2026-04-16 12:27:43.878 [main] WARN  [] c.h.g.m.d.s.DispatchExecutionService - CONTENT_GENERATION failed task=24, type=faq, err=Missing backup provider
2026-04-16 12:28:28.886 [main] WARN  [] c.h.g.m.d.s.DispatchExecutionService - Primary content invocation failed for platform doubao
com.huanjing.geo.common.exception.BizException: Model API invoke failed: request timed out
	at com.huanjing.geo.module.dispatch.service.DispatchExecutionService.invokeModelApi(DispatchExecutionService.java:1777)
	at com.huanjing.geo.module.dispatch.service.DispatchExecutionService.invokeModelApi(DispatchExecutionService.java:1725)
	at com.huanjing.geo.module.dispatch.service.DispatchExecutionService.invokeContentPlatform(DispatchExecutionService.java:1706)
	at com.huanjing.geo.module.dispatch.service.DispatchExecutionService.invokePrimaryContent(DispatchExecutionService.java:1580)
	at com.huanjing.geo.module.dispatch.service.DispatchExecutionService.invokeContentWithFallback(DispatchExecutionService.java:1528)
	at com.huanjing.geo.module.dispatch.service.DispatchExecutionService.invokeContentWithOrderedPlatforms(DispatchExecutionService.java:676)
	at com.huanjing.geo.module.dispatch.service.DispatchExecutionService.executeContentGeneration(DispatchExecutionService.java:511)
	at com.huanjing.geo.module.dispatch.service.DispatchExecutionService.execute(DispatchExecutionService.java:140)
	at com.huanjing.geo.module.dispatch.service.DispatchTaskService.processTask(DispatchTaskService.java:153)
	at java.base/jdk.internal.reflect.DirectMethodHandleAccessor.invoke(DirectMethodHandleAccessor.java:103)
	at java.base/java.lang.reflect.Method.invoke(Method.java:580)
	at org.springframework.aop.support.AopUtils.invokeJoinpointUsingReflection(AopUtils.java:354)
	at org.springframework.aop.framework.ReflectiveMethodInvocation.invokeJoinpoint(ReflectiveMethodInvocation.java:196)
	at org.springframework.aop.framework.ReflectiveMethodInvocation.proceed(ReflectiveMethodInvocation.java:163)
	at org.springframework.aop.framework.CglibAopProxy$CglibMethodInvocation.proceed(CglibAopProxy.java:768)
	at org.springframework.transaction.interceptor.TransactionInterceptor$1.proceedWithInvocation(TransactionInterceptor.java:123)
	at org.springframework.transaction.interceptor.TransactionAspectSupport.invokeWithinTransaction(TransactionAspectSupport.java:392)
	at org.springframework.transaction.interceptor.TransactionInterceptor.invoke(TransactionInterceptor.java:119)
	at org.springframework.aop.framework.ReflectiveMethodInvocation.proceed(ReflectiveMethodInvocation.java:184)
	at org.springframework.aop.framework.CglibAopProxy$CglibMethodInvocation.proceed(CglibAopProxy.java:768)
	at org.springframework.aop.framework.CglibAopProxy$DynamicAdvisedInterceptor.intercept(CglibAopProxy.java:720)
	at com.huanjing.geo.module.dispatch.service.DispatchTaskService$$SpringCGLIB$$0.processTask(<generated>)
	at ContentGenerationIntegrationRunner.main(ContentGenerationIntegrationRunner.java:64)
2026-04-16 12:28:28.886 [main] WARN  [] c.h.g.m.d.s.DispatchExecutionService - Backup key content invocation failed for platform doubao
com.huanjing.geo.common.exception.BizException: Missing backup api key
	at com.huanjing.geo.module.dispatch.service.DispatchExecutionService.invokeBackupKeyContent(DispatchExecutionService.java:1602)
	at com.huanjing.geo.module.dispatch.service.DispatchExecutionService.invokeContentWithFallback(DispatchExecutionService.java:1538)
	at com.huanjing.geo.module.dispatch.service.DispatchExecutionService.invokeContentWithOrderedPlatforms(DispatchExecutionService.java:676)
	at com.huanjing.geo.module.dispatch.service.DispatchExecutionService.executeContentGeneration(DispatchExecutionService.java:511)
	at com.huanjing.geo.module.dispatch.service.DispatchExecutionService.execute(DispatchExecutionService.java:140)
	at com.huanjing.geo.module.dispatch.service.DispatchTaskService.processTask(DispatchTaskService.java:153)
	at java.base/jdk.internal.reflect.DirectMethodHandleAccessor.invoke(DirectMethodHandleAccessor.java:103)
	at java.base/java.lang.reflect.Method.invoke(Method.java:580)
	at org.springframework.aop.support.AopUtils.invokeJoinpointUsingReflection(AopUtils.java:354)
	at org.springframework.aop.framework.ReflectiveMethodInvocation.invokeJoinpoint(ReflectiveMethodInvocation.java:196)
	at org.springframework.aop.framework.ReflectiveMethodInvocation.proceed(ReflectiveMethodInvocation.java:163)
	at org.springframework.aop.framework.CglibAopProxy$CglibMethodInvocation.proceed(CglibAopProxy.java:768)
	at org.springframework.transaction.interceptor.TransactionInterceptor$1.proceedWithInvocation(TransactionInterceptor.java:123)
	at org.springframework.transaction.interceptor.TransactionAspectSupport.invokeWithinTransaction(TransactionAspectSupport.java:392)
	at org.springframework.transaction.interceptor.TransactionInterceptor.invoke(TransactionInterceptor.java:119)
	at org.springframework.aop.framework.ReflectiveMethodInvocation.proceed(ReflectiveMethodInvocation.java:184)
	at org.springframework.aop.framework.CglibAopProxy$CglibMethodInvocation.proceed(CglibAopProxy.java:768)
	at org.springframework.aop.framework.CglibAopProxy$DynamicAdvisedInterceptor.intercept(CglibAopProxy.java:720)
	at com.huanjing.geo.module.dispatch.service.DispatchTaskService$$SpringCGLIB$$0.processTask(<generated>)
	at ContentGenerationIntegrationRunner.main(ContentGenerationIntegrationRunner.java:64)
2026-04-16 12:28:28.887 [main] WARN  [] c.h.g.m.d.s.DispatchExecutionService - Backup provider content invocation failed for platform doubao
com.huanjing.geo.common.exception.BizException: Missing backup provider
	at com.huanjing.geo.module.dispatch.service.DispatchExecutionService.invokeBackupProviderContent(DispatchExecutionService.java:1639)
	at com.huanjing.geo.module.dispatch.service.DispatchExecutionService.invokeContentWithFallback(DispatchExecutionService.java:1548)
	at com.huanjing.geo.module.dispatch.service.DispatchExecutionService.invokeContentWithOrderedPlatforms(DispatchExecutionService.java:676)
	at com.huanjing.geo.module.dispatch.service.DispatchExecutionService.executeContentGeneration(DispatchExecutionService.java:511)
	at com.huanjing.geo.module.dispatch.service.DispatchExecutionService.execute(DispatchExecutionService.java:140)
	at com.huanjing.geo.module.dispatch.service.DispatchTaskService.processTask(DispatchTaskService.java:153)
	at java.base/jdk.internal.reflect.DirectMethodHandleAccessor.invoke(DirectMethodHandleAccessor.java:103)
	at java.base/java.lang.reflect.Method.invoke(Method.java:580)
	at org.springframework.aop.support.AopUtils.invokeJoinpointUsingReflection(AopUtils.java:354)
	at org.springframework.aop.framework.ReflectiveMethodInvocation.invokeJoinpoint(ReflectiveMethodInvocation.java:196)
	at org.springframework.aop.framework.ReflectiveMethodInvocation.proceed(ReflectiveMethodInvocation.java:163)
	at org.springframework.aop.framework.CglibAopProxy$CglibMethodInvocation.proceed(CglibAopProxy.java:768)
	at org.springframework.transaction.interceptor.TransactionInterceptor$1.proceedWithInvocation(TransactionInterceptor.java:123)
	at org.springframework.transaction.interceptor.TransactionAspectSupport.invokeWithinTransaction(TransactionAspectSupport.java:392)
	at org.springframework.transaction.interceptor.TransactionInterceptor.invoke(TransactionInterceptor.java:119)
	at org.springframework.aop.framework.ReflectiveMethodInvocation.proceed(ReflectiveMethodInvocation.java:184)
	at org.springframework.aop.framework.CglibAopProxy$CglibMethodInvocation.proceed(CglibAopProxy.java:768)
	at org.springframework.aop.framework.CglibAopProxy$DynamicAdvisedInterceptor.intercept(CglibAopProxy.java:720)
	at com.huanjing.geo.module.dispatch.service.DispatchTaskService$$SpringCGLIB$$0.processTask(<generated>)
	at ContentGenerationIntegrationRunner.main(ContentGenerationIntegrationRunner.java:64)
2026-04-16 12:28:28.887 [main] WARN  [] c.h.g.m.d.s.DispatchExecutionService - CONTENT_GENERATION failed task=24, type=industry_article, err=Missing backup provider
2026-04-16 12:29:13.893 [main] WARN  [] c.h.g.m.d.s.DispatchExecutionService - Primary content invocation failed for platform doubao
com.huanjing.geo.common.exception.BizException: Model API invoke failed: request timed out
	at com.huanjing.geo.module.dispatch.service.DispatchExecutionService.invokeModelApi(DispatchExecutionService.java:1777)
	at com.huanjing.geo.module.dispatch.service.DispatchExecutionService.invokeModelApi(DispatchExecutionService.java:1725)
	at com.huanjing.geo.module.dispatch.service.DispatchExecutionService.invokeContentPlatform(DispatchExecutionService.java:1706)
	at com.huanjing.geo.module.dispatch.service.DispatchExecutionService.invokePrimaryContent(DispatchExecutionService.java:1580)
	at com.huanjing.geo.module.dispatch.service.DispatchExecutionService.invokeContentWithFallback(DispatchExecutionService.java:1528)
	at com.huanjing.geo.module.dispatch.service.DispatchExecutionService.invokeContentWithOrderedPlatforms(DispatchExecutionService.java:676)
	at com.huanjing.geo.module.dispatch.service.DispatchExecutionService.executeContentGeneration(DispatchExecutionService.java:511)
	at com.huanjing.geo.module.dispatch.service.DispatchExecutionService.execute(DispatchExecutionService.java:140)
	at com.huanjing.geo.module.dispatch.service.DispatchTaskService.processTask(DispatchTaskService.java:153)
	at java.base/jdk.internal.reflect.DirectMethodHandleAccessor.invoke(DirectMethodHandleAccessor.java:103)
	at java.base/java.lang.reflect.Method.invoke(Method.java:580)
	at org.springframework.aop.support.AopUtils.invokeJoinpointUsingReflection(AopUtils.java:354)
	at org.springframework.aop.framework.ReflectiveMethodInvocation.invokeJoinpoint(ReflectiveMethodInvocation.java:196)
	at org.springframework.aop.framework.ReflectiveMethodInvocation.proceed(ReflectiveMethodInvocation.java:163)
	at org.springframework.aop.framework.CglibAopProxy$CglibMethodInvocation.proceed(CglibAopProxy.java:768)
	at org.springframework.transaction.interceptor.TransactionInterceptor$1.proceedWithInvocation(TransactionInterceptor.java:123)
	at org.springframework.transaction.interceptor.TransactionAspectSupport.invokeWithinTransaction(TransactionAspectSupport.java:392)
	at org.springframework.transaction.interceptor.TransactionInterceptor.invoke(TransactionInterceptor.java:119)
	at org.springframework.aop.framework.ReflectiveMethodInvocation.proceed(ReflectiveMethodInvocation.java:184)
	at org.springframework.aop.framework.CglibAopProxy$CglibMethodInvocation.proceed(CglibAopProxy.java:768)
	at org.springframework.aop.framework.CglibAopProxy$DynamicAdvisedInterceptor.intercept(CglibAopProxy.java:720)
	at com.huanjing.geo.module.dispatch.service.DispatchTaskService$$SpringCGLIB$$0.processTask(<generated>)
	at ContentGenerationIntegrationRunner.main(ContentGenerationIntegrationRunner.java:64)
2026-04-16 12:29:13.893 [main] WARN  [] c.h.g.m.d.s.DispatchExecutionService - Backup key content invocation failed for platform doubao
com.huanjing.geo.common.exception.BizException: Missing backup api key
	at com.huanjing.geo.module.dispatch.service.DispatchExecutionService.invokeBackupKeyContent(DispatchExecutionService.java:1602)
	at com.huanjing.geo.module.dispatch.service.DispatchExecutionService.invokeContentWithFallback(DispatchExecutionService.java:1538)
	at com.huanjing.geo.module.dispatch.service.DispatchExecutionService.invokeContentWithOrderedPlatforms(DispatchExecutionService.java:676)
	at com.huanjing.geo.module.dispatch.service.DispatchExecutionService.executeContentGeneration(DispatchExecutionService.java:511)
	at com.huanjing.geo.module.dispatch.service.DispatchExecutionService.execute(DispatchExecutionService.java:140)
	at com.huanjing.geo.module.dispatch.service.DispatchTaskService.processTask(DispatchTaskService.java:153)
	at java.base/jdk.internal.reflect.DirectMethodHandleAccessor.invoke(DirectMethodHandleAccessor.java:103)
	at java.base/java.lang.reflect.Method.invoke(Method.java:580)
	at org.springframework.aop.support.AopUtils.invokeJoinpointUsingReflection(AopUtils.java:354)
	at org.springframework.aop.framework.ReflectiveMethodInvocation.invokeJoinpoint(ReflectiveMethodInvocation.java:196)
	at org.springframework.aop.framework.ReflectiveMethodInvocation.proceed(ReflectiveMethodInvocation.java:163)
	at org.springframework.aop.framework.CglibAopProxy$CglibMethodInvocation.proceed(CglibAopProxy.java:768)
	at org.springframework.transaction.interceptor.TransactionInterceptor$1.proceedWithInvocation(TransactionInterceptor.java:123)
	at org.springframework.transaction.interceptor.TransactionAspectSupport.invokeWithinTransaction(TransactionAspectSupport.java:392)
	at org.springframework.transaction.interceptor.TransactionInterceptor.invoke(TransactionInterceptor.java:119)
	at org.springframework.aop.framework.ReflectiveMethodInvocation.proceed(ReflectiveMethodInvocation.java:184)
	at org.springframework.aop.framework.CglibAopProxy$CglibMethodInvocation.proceed(CglibAopProxy.java:768)
	at org.springframework.aop.framework.CglibAopProxy$DynamicAdvisedInterceptor.intercept(CglibAopProxy.java:720)
	at com.huanjing.geo.module.dispatch.service.DispatchTaskService$$SpringCGLIB$$0.processTask(<generated>)
	at ContentGenerationIntegrationRunner.main(ContentGenerationIntegrationRunner.java:64)
2026-04-16 12:29:13.893 [main] WARN  [] c.h.g.m.d.s.DispatchExecutionService - Backup provider content invocation failed for platform doubao
com.huanjing.geo.common.exception.BizException: Missing backup provider
	at com.huanjing.geo.module.dispatch.service.DispatchExecutionService.invokeBackupProviderContent(DispatchExecutionService.java:1639)
	at com.huanjing.geo.module.dispatch.service.DispatchExecutionService.invokeContentWithFallback(DispatchExecutionService.java:1548)
	at com.huanjing.geo.module.dispatch.service.DispatchExecutionService.invokeContentWithOrderedPlatforms(DispatchExecutionService.java:676)
	at com.huanjing.geo.module.dispatch.service.DispatchExecutionService.executeContentGeneration(DispatchExecutionService.java:511)
	at com.huanjing.geo.module.dispatch.service.DispatchExecutionService.execute(DispatchExecutionService.java:140)
	at com.huanjing.geo.module.dispatch.service.DispatchTaskService.processTask(DispatchTaskService.java:153)
	at java.base/jdk.internal.reflect.DirectMethodHandleAccessor.invoke(DirectMethodHandleAccessor.java:103)
	at java.base/java.lang.reflect.Method.invoke(Method.java:580)
	at org.springframework.aop.support.AopUtils.invokeJoinpointUsingReflection(AopUtils.java:354)
	at org.springframework.aop.framework.ReflectiveMethodInvocation.invokeJoinpoint(ReflectiveMethodInvocation.java:196)
	at org.springframework.aop.framework.ReflectiveMethodInvocation.proceed(ReflectiveMethodInvocation.java:163)
	at org.springframework.aop.framework.CglibAopProxy$CglibMethodInvocation.proceed(CglibAopProxy.java:768)
	at org.springframework.transaction.interceptor.TransactionInterceptor$1.proceedWithInvocation(TransactionInterceptor.java:123)
	at org.springframework.transaction.interceptor.TransactionAspectSupport.invokeWithinTransaction(TransactionAspectSupport.java:392)
	at org.springframework.transaction.interceptor.TransactionInterceptor.invoke(TransactionInterceptor.java:119)
	at org.springframework.aop.framework.ReflectiveMethodInvocation.proceed(ReflectiveMethodInvocation.java:184)
	at org.springframework.aop.framework.CglibAopProxy$CglibMethodInvocation.proceed(CglibAopProxy.java:768)
	at org.springframework.aop.framework.CglibAopProxy$DynamicAdvisedInterceptor.intercept(CglibAopProxy.java:720)
	at com.huanjing.geo.module.dispatch.service.DispatchTaskService$$SpringCGLIB$$0.processTask(<generated>)
	at ContentGenerationIntegrationRunner.main(ContentGenerationIntegrationRunner.java:64)
2026-04-16 12:29:13.894 [main] WARN  [] c.h.g.m.d.s.DispatchExecutionService - CONTENT_GENERATION failed task=24, type=scenario_content, err=Missing backup provider
2026-04-16 12:29:58.900 [main] WARN  [] c.h.g.m.d.s.DispatchExecutionService - Primary content invocation failed for platform doubao
com.huanjing.geo.common.exception.BizException: Model API invoke failed: request timed out
	at com.huanjing.geo.module.dispatch.service.DispatchExecutionService.invokeModelApi(DispatchExecutionService.java:1777)
	at com.huanjing.geo.module.dispatch.service.DispatchExecutionService.invokeModelApi(DispatchExecutionService.java:1725)
	at com.huanjing.geo.module.dispatch.service.DispatchExecutionService.invokeContentPlatform(DispatchExecutionService.java:1706)
	at com.huanjing.geo.module.dispatch.service.DispatchExecutionService.invokePrimaryContent(DispatchExecutionService.java:1580)
	at com.huanjing.geo.module.dispatch.service.DispatchExecutionService.invokeContentWithFallback(DispatchExecutionService.java:1528)
	at com.huanjing.geo.module.dispatch.service.DispatchExecutionService.invokeContentWithOrderedPlatforms(DispatchExecutionService.java:676)
	at com.huanjing.geo.module.dispatch.service.DispatchExecutionService.executeContentGeneration(DispatchExecutionService.java:511)
	at com.huanjing.geo.module.dispatch.service.DispatchExecutionService.execute(DispatchExecutionService.java:140)
	at com.huanjing.geo.module.dispatch.service.DispatchTaskService.processTask(DispatchTaskService.java:153)
	at java.base/jdk.internal.reflect.DirectMethodHandleAccessor.invoke(DirectMethodHandleAccessor.java:103)
	at java.base/java.lang.reflect.Method.invoke(Method.java:580)
	at org.springframework.aop.support.AopUtils.invokeJoinpointUsingReflection(AopUtils.java:354)
	at org.springframework.aop.framework.ReflectiveMethodInvocation.invokeJoinpoint(ReflectiveMethodInvocation.java:196)
	at org.springframework.aop.framework.ReflectiveMethodInvocation.proceed(ReflectiveMethodInvocation.java:163)
	at org.springframework.aop.framework.CglibAopProxy$CglibMethodInvocation.proceed(CglibAopProxy.java:768)
	at org.springframework.transaction.interceptor.TransactionInterceptor$1.proceedWithInvocation(TransactionInterceptor.java:123)
	at org.springframework.transaction.interceptor.TransactionAspectSupport.invokeWithinTransaction(TransactionAspectSupport.java:392)
	at org.springframework.transaction.interceptor.TransactionInterceptor.invoke(TransactionInterceptor.java:119)
	at org.springframework.aop.framework.ReflectiveMethodInvocation.proceed(ReflectiveMethodInvocation.java:184)
	at org.springframework.aop.framework.CglibAopProxy$CglibMethodInvocation.proceed(CglibAopProxy.java:768)
	at org.springframework.aop.framework.CglibAopProxy$DynamicAdvisedInterceptor.intercept(CglibAopProxy.java:720)
	at com.huanjing.geo.module.dispatch.service.DispatchTaskService$$SpringCGLIB$$0.processTask(<generated>)
	at ContentGenerationIntegrationRunner.main(ContentGenerationIntegrationRunner.java:64)
2026-04-16 12:29:58.900 [main] WARN  [] c.h.g.m.d.s.DispatchExecutionService - Backup key content invocation failed for platform doubao
com.huanjing.geo.common.exception.BizException: Missing backup api key
	at com.huanjing.geo.module.dispatch.service.DispatchExecutionService.invokeBackupKeyContent(DispatchExecutionService.java:1602)
	at com.huanjing.geo.module.dispatch.service.DispatchExecutionService.invokeContentWithFallback(DispatchExecutionService.java:1538)
	at com.huanjing.geo.module.dispatch.service.DispatchExecutionService.invokeContentWithOrderedPlatforms(DispatchExecutionService.java:676)
	at com.huanjing.geo.module.dispatch.service.DispatchExecutionService.executeContentGeneration(DispatchExecutionService.java:511)
	at com.huanjing.geo.module.dispatch.service.DispatchExecutionService.execute(DispatchExecutionService.java:140)
	at com.huanjing.geo.module.dispatch.service.DispatchTaskService.processTask(DispatchTaskService.java:153)
	at java.base/jdk.internal.reflect.DirectMethodHandleAccessor.invoke(DirectMethodHandleAccessor.java:103)
	at java.base/java.lang.reflect.Method.invoke(Method.java:580)
	at org.springframework.aop.support.AopUtils.invokeJoinpointUsingReflection(AopUtils.java:354)
	at org.springframework.aop.framework.ReflectiveMethodInvocation.invokeJoinpoint(ReflectiveMethodInvocation.java:196)
	at org.springframework.aop.framework.ReflectiveMethodInvocation.proceed(ReflectiveMethodInvocation.java:163)
	at org.springframework.aop.framework.CglibAopProxy$CglibMethodInvocation.proceed(CglibAopProxy.java:768)
	at org.springframework.transaction.interceptor.TransactionInterceptor$1.proceedWithInvocation(TransactionInterceptor.java:123)
	at org.springframework.transaction.interceptor.TransactionAspectSupport.invokeWithinTransaction(TransactionAspectSupport.java:392)
	at org.springframework.transaction.interceptor.TransactionInterceptor.invoke(TransactionInterceptor.java:119)
	at org.springframework.aop.framework.ReflectiveMethodInvocation.proceed(ReflectiveMethodInvocation.java:184)
	at org.springframework.aop.framework.CglibAopProxy$CglibMethodInvocation.proceed(CglibAopProxy.java:768)
	at org.springframework.aop.framework.CglibAopProxy$DynamicAdvisedInterceptor.intercept(CglibAopProxy.java:720)
	at com.huanjing.geo.module.dispatch.service.DispatchTaskService$$SpringCGLIB$$0.processTask(<generated>)
	at ContentGenerationIntegrationRunner.main(ContentGenerationIntegrationRunner.java:64)
2026-04-16 12:29:58.901 [main] WARN  [] c.h.g.m.d.s.DispatchExecutionService - Backup provider content invocation failed for platform doubao
com.huanjing.geo.common.exception.BizException: Missing backup provider
	at com.huanjing.geo.module.dispatch.service.DispatchExecutionService.invokeBackupProviderContent(DispatchExecutionService.java:1639)
	at com.huanjing.geo.module.dispatch.service.DispatchExecutionService.invokeContentWithFallback(DispatchExecutionService.java:1548)
	at com.huanjing.geo.module.dispatch.service.DispatchExecutionService.invokeContentWithOrderedPlatforms(DispatchExecutionService.java:676)
	at com.huanjing.geo.module.dispatch.service.DispatchExecutionService.executeContentGeneration(DispatchExecutionService.java:511)
	at com.huanjing.geo.module.dispatch.service.DispatchExecutionService.execute(DispatchExecutionService.java:140)
	at com.huanjing.geo.module.dispatch.service.DispatchTaskService.processTask(DispatchTaskService.java:153)
	at java.base/jdk.internal.reflect.DirectMethodHandleAccessor.invoke(DirectMethodHandleAccessor.java:103)
	at java.base/java.lang.reflect.Method.invoke(Method.java:580)
	at org.springframework.aop.support.AopUtils.invokeJoinpointUsingReflection(AopUtils.java:354)
	at org.springframework.aop.framework.ReflectiveMethodInvocation.invokeJoinpoint(ReflectiveMethodInvocation.java:196)
	at org.springframework.aop.framework.ReflectiveMethodInvocation.proceed(ReflectiveMethodInvocation.java:163)
	at org.springframework.aop.framework.CglibAopProxy$CglibMethodInvocation.proceed(CglibAopProxy.java:768)
	at org.springframework.transaction.interceptor.TransactionInterceptor$1.proceedWithInvocation(TransactionInterceptor.java:123)
	at org.springframework.transaction.interceptor.TransactionAspectSupport.invokeWithinTransaction(TransactionAspectSupport.java:392)
	at org.springframework.transaction.interceptor.TransactionInterceptor.invoke(TransactionInterceptor.java:119)
	at org.springframework.aop.framework.ReflectiveMethodInvocation.proceed(ReflectiveMethodInvocation.java:184)
	at org.springframework.aop.framework.CglibAopProxy$CglibMethodInvocation.proceed(CglibAopProxy.java:768)
	at org.springframework.aop.framework.CglibAopProxy$DynamicAdvisedInterceptor.intercept(CglibAopProxy.java:720)
	at com.huanjing.geo.module.dispatch.service.DispatchTaskService$$SpringCGLIB$$0.processTask(<generated>)
	at ContentGenerationIntegrationRunner.main(ContentGenerationIntegrationRunner.java:64)
2026-04-16 12:29:58.901 [main] WARN  [] c.h.g.m.d.s.DispatchExecutionService - CONTENT_GENERATION failed task=24, type=scenario_content, err=Missing backup provider
2026-04-16 13:12:49.524 [main] WARN  [] c.h.g.m.d.s.DispatchTaskService - Task 29 failed, retry count=1
org.springframework.dao.DuplicateKeyException: 
### Error updating database.  Cause: java.sql.SQLIntegrityConstraintViolationException: Duplicate entry '7-2099-03-01-1' for key 'article_batch.uk_article_batch_project_date_no'
### The error may exist in com/huanjing/geo/module/content/mapper/ArticleBatchMapper.java (best guess)
### The error may involve com.huanjing.geo.module.content.mapper.ArticleBatchMapper.insert-Inline
### The error occurred while setting parameters
### SQL: INSERT INTO article_batch  ( dispatch_task_id, project_id, batch_date, batch_no, status, total_count, completed_count, failed_count )  VALUES (  ?, ?, ?, ?, ?, ?, ?, ?  )
### Cause: java.sql.SQLIntegrityConstraintViolationException: Duplicate entry '7-2099-03-01-1' for key 'article_batch.uk_article_batch_project_date_no'
; Duplicate entry '7-2099-03-01-1' for key 'article_batch.uk_article_batch_project_date_no'
	at org.springframework.jdbc.support.SQLErrorCodeSQLExceptionTranslator.doTranslate(SQLErrorCodeSQLExceptionTranslator.java:254)
	at org.springframework.jdbc.support.AbstractFallbackSQLExceptionTranslator.translate(AbstractFallbackSQLExceptionTranslator.java:107)
	at org.mybatis.spring.MyBatisExceptionTranslator.translateExceptionIfPossible(MyBatisExceptionTranslator.java:92)
	at org.mybatis.spring.SqlSessionTemplate$SqlSessionInterceptor.invoke(SqlSessionTemplate.java:439)
	at jdk.proxy2/jdk.proxy2.$Proxy87.insert(Unknown Source)
	at org.mybatis.spring.SqlSessionTemplate.insert(SqlSessionTemplate.java:272)
	at com.baomidou.mybatisplus.core.override.MybatisMapperMethod.execute(MybatisMapperMethod.java:59)
	at com.baomidou.mybatisplus.core.override.MybatisMapperProxy$PlainMethodInvoker.invoke(MybatisMapperProxy.java:149)
	at com.baomidou.mybatisplus.core.override.MybatisMapperProxy.invoke(MybatisMapperProxy.java:90)
	at jdk.proxy2/jdk.proxy2.$Proxy141.insert(Unknown Source)
	at com.huanjing.geo.module.dispatch.service.DispatchExecutionService.ensureArticleBatch(DispatchExecutionService.java:1046)
	at com.huanjing.geo.module.dispatch.service.DispatchExecutionService.executeContentGeneration(DispatchExecutionService.java:494)
	at com.huanjing.geo.module.dispatch.service.DispatchExecutionService.execute(DispatchExecutionService.java:140)
	at com.huanjing.geo.module.dispatch.service.DispatchTaskService.processTask(DispatchTaskService.java:153)
	at java.base/jdk.internal.reflect.DirectMethodHandleAccessor.invoke(DirectMethodHandleAccessor.java:103)
	at java.base/java.lang.reflect.Method.invoke(Method.java:580)
	at org.springframework.aop.support.AopUtils.invokeJoinpointUsingReflection(AopUtils.java:354)
	at org.springframework.aop.framework.ReflectiveMethodInvocation.invokeJoinpoint(ReflectiveMethodInvocation.java:196)
	at org.springframework.aop.framework.ReflectiveMethodInvocation.proceed(ReflectiveMethodInvocation.java:163)
	at org.springframework.aop.framework.CglibAopProxy$CglibMethodInvocation.proceed(CglibAopProxy.java:768)
	at org.springframework.transaction.interceptor.TransactionInterceptor$1.proceedWithInvocation(TransactionInterceptor.java:123)
	at org.springframework.transaction.interceptor.TransactionAspectSupport.invokeWithinTransaction(TransactionAspectSupport.java:392)
	at org.springframework.transaction.interceptor.TransactionInterceptor.invoke(TransactionInterceptor.java:119)
	at org.springframework.aop.framework.ReflectiveMethodInvocation.proceed(ReflectiveMethodInvocation.java:184)
	at org.springframework.aop.framework.CglibAopProxy$CglibMethodInvocation.proceed(CglibAopProxy.java:768)
	at org.springframework.aop.framework.CglibAopProxy$DynamicAdvisedInterceptor.intercept(CglibAopProxy.java:720)
	at com.huanjing.geo.module.dispatch.service.DispatchTaskService$$SpringCGLIB$$0.processTask(<generated>)
	at BatchReuseProbe.main(BatchReuseProbe.java:49)
Caused by: java.sql.SQLIntegrityConstraintViolationException: Duplicate entry '7-2099-03-01-1' for key 'article_batch.uk_article_batch_project_date_no'
	at com.mysql.cj.jdbc.exceptions.SQLError.createSQLException(SQLError.java:118)
	at com.mysql.cj.jdbc.exceptions.SQLExceptionsMapping.translateException(SQLExceptionsMapping.java:122)
	at com.mysql.cj.jdbc.ClientPreparedStatement.executeInternal(ClientPreparedStatement.java:912)
	at com.mysql.cj.jdbc.ClientPreparedStatement.execute(ClientPreparedStatement.java:354)
	at com.zaxxer.hikari.pool.ProxyPreparedStatement.execute(ProxyPreparedStatement.java:44)
	at com.zaxxer.hikari.pool.HikariProxyPreparedStatement.execute(HikariProxyPreparedStatement.java)
	at org.apache.ibatis.executor.statement.PreparedStatementHandler.update(PreparedStatementHandler.java:48)
	at org.apache.ibatis.executor.statement.RoutingStatementHandler.update(RoutingStatementHandler.java:75)
	at java.base/jdk.internal.reflect.DirectMethodHandleAccessor.invoke(DirectMethodHandleAccessor.java:103)
	at java.base/java.lang.reflect.Method.invoke(Method.java:580)
	at org.apache.ibatis.plugin.Plugin.invoke(Plugin.java:61)
	at jdk.proxy2/jdk.proxy2.$Proxy168.update(Unknown Source)
	at org.apache.ibatis.executor.SimpleExecutor.doUpdate(SimpleExecutor.java:50)
	at org.apache.ibatis.executor.BaseExecutor.update(BaseExecutor.java:117)
	at org.apache.ibatis.executor.CachingExecutor.update(CachingExecutor.java:76)
	at java.base/jdk.internal.reflect.DirectMethodHandleAccessor.invoke(DirectMethodHandleAccessor.java:103)
	at java.base/java.lang.reflect.Method.invoke(Method.java:580)
	at org.apache.ibatis.plugin.Invocation.proceed(Invocation.java:61)
	at com.baomidou.mybatisplus.extension.plugins.MybatisPlusInterceptor.intercept(MybatisPlusInterceptor.java:106)
	at org.apache.ibatis.plugin.Plugin.invoke(Plugin.java:59)
	at jdk.proxy2/jdk.proxy2.$Proxy167.update(Unknown Source)
	at org.apache.ibatis.session.defaults.DefaultSqlSession.update(DefaultSqlSession.java:197)
	at org.apache.ibatis.session.defaults.DefaultSqlSession.insert(DefaultSqlSession.java:184)
	at java.base/jdk.internal.reflect.DirectMethodHandleAccessor.invoke(DirectMethodHandleAccessor.java:103)
	at java.base/java.lang.reflect.Method.invoke(Method.java:580)
	at org.mybatis.spring.SqlSessionTemplate$SqlSessionInterceptor.invoke(SqlSessionTemplate.java:425)
	... 24 common frames omitted
2026-04-16 13:24:37.782 [pool-3-thread-1] ERROR [] c.h.g.m.d.s.DispatchWorkerService - Worker process task 31 failed
org.springframework.dao.CannotAcquireLockException: 
### Error updating database.  Cause: com.mysql.cj.jdbc.exceptions.MySQLTransactionRollbackException: Lock wait timeout exceeded; try restarting transaction
### The error may exist in com/huanjing/geo/module/dispatch/mapper/DispatchTaskMapper.java (best guess)
### The error may involve com.huanjing.geo.module.dispatch.mapper.DispatchTaskMapper.updateById-Inline
### The error occurred while setting parameters
### SQL: UPDATE dispatch_task  SET task_no=?, project_id=?,   task_type=?, priority_level=?, status=?, window_start=?, window_end=?, due_time=?, payload_json=?, retry_count=?, max_retry=?, first_started_at=?, last_started_at=?,    timeout_at=?,  created_at=?, updated_at=?  WHERE id=?
### Cause: com.mysql.cj.jdbc.exceptions.MySQLTransactionRollbackException: Lock wait timeout exceeded; try restarting transaction
; Lock wait timeout exceeded; try restarting transaction
	at org.springframework.jdbc.support.SQLErrorCodeSQLExceptionTranslator.doTranslate(SQLErrorCodeSQLExceptionTranslator.java:274)
	at org.springframework.jdbc.support.AbstractFallbackSQLExceptionTranslator.translate(AbstractFallbackSQLExceptionTranslator.java:107)
	at org.mybatis.spring.MyBatisExceptionTranslator.translateExceptionIfPossible(MyBatisExceptionTranslator.java:92)
	at org.mybatis.spring.SqlSessionTemplate$SqlSessionInterceptor.invoke(SqlSessionTemplate.java:439)
	at jdk.proxy2/jdk.proxy2.$Proxy87.update(Unknown Source)
	at org.mybatis.spring.SqlSessionTemplate.update(SqlSessionTemplate.java:288)
	at com.baomidou.mybatisplus.core.override.MybatisMapperMethod.execute(MybatisMapperMethod.java:64)
	at com.baomidou.mybatisplus.core.override.MybatisMapperProxy$PlainMethodInvoker.invoke(MybatisMapperProxy.java:149)
	at com.baomidou.mybatisplus.core.override.MybatisMapperProxy.invoke(MybatisMapperProxy.java:90)
	at jdk.proxy2/jdk.proxy2.$Proxy130.updateById(Unknown Source)
	at com.huanjing.geo.module.dispatch.service.DispatchTaskService.processTask(DispatchTaskService.java:150)
	at java.base/jdk.internal.reflect.DirectMethodHandleAccessor.invoke(DirectMethodHandleAccessor.java:103)
	at java.base/java.lang.reflect.Method.invoke(Method.java:580)
	at org.springframework.aop.support.AopUtils.invokeJoinpointUsingReflection(AopUtils.java:354)
	at org.springframework.aop.framework.ReflectiveMethodInvocation.invokeJoinpoint(ReflectiveMethodInvocation.java:196)
	at org.springframework.aop.framework.ReflectiveMethodInvocation.proceed(ReflectiveMethodInvocation.java:163)
	at org.springframework.aop.framework.CglibAopProxy$CglibMethodInvocation.proceed(CglibAopProxy.java:768)
	at org.springframework.transaction.interceptor.TransactionInterceptor$1.proceedWithInvocation(TransactionInterceptor.java:123)
	at org.springframework.transaction.interceptor.TransactionAspectSupport.invokeWithinTransaction(TransactionAspectSupport.java:392)
	at org.springframework.transaction.interceptor.TransactionInterceptor.invoke(TransactionInterceptor.java:119)
	at org.springframework.aop.framework.ReflectiveMethodInvocation.proceed(ReflectiveMethodInvocation.java:184)
	at org.springframework.aop.framework.CglibAopProxy$CglibMethodInvocation.proceed(CglibAopProxy.java:768)
	at org.springframework.aop.framework.CglibAopProxy$DynamicAdvisedInterceptor.intercept(CglibAopProxy.java:720)
	at com.huanjing.geo.module.dispatch.service.DispatchTaskService$$SpringCGLIB$$0.processTask(<generated>)
	at com.huanjing.geo.module.dispatch.service.DispatchWorkerService.lambda$0(DispatchWorkerService.java:48)
	at java.base/java.util.concurrent.Executors$RunnableAdapter.call(Executors.java:572)
	at java.base/java.util.concurrent.FutureTask.run(FutureTask.java:317)
	at java.base/java.util.concurrent.ThreadPoolExecutor.runWorker(ThreadPoolExecutor.java:1144)
	at java.base/java.util.concurrent.ThreadPoolExecutor$Worker.run(ThreadPoolExecutor.java:642)
	at java.base/java.lang.Thread.run(Thread.java:1583)
Caused by: com.mysql.cj.jdbc.exceptions.MySQLTransactionRollbackException: Lock wait timeout exceeded; try restarting transaction
	at com.mysql.cj.jdbc.exceptions.SQLError.createSQLException(SQLError.java:124)
	at com.mysql.cj.jdbc.exceptions.SQLExceptionsMapping.translateException(SQLExceptionsMapping.java:122)
	at com.mysql.cj.jdbc.ClientPreparedStatement.executeInternal(ClientPreparedStatement.java:912)
	at com.mysql.cj.jdbc.ClientPreparedStatement.execute(ClientPreparedStatement.java:354)
	at com.zaxxer.hikari.pool.ProxyPreparedStatement.execute(ProxyPreparedStatement.java:44)
	at com.zaxxer.hikari.pool.HikariProxyPreparedStatement.execute(HikariProxyPreparedStatement.java)
	at org.apache.ibatis.executor.statement.PreparedStatementHandler.update(PreparedStatementHandler.java:48)
	at org.apache.ibatis.executor.statement.RoutingStatementHandler.update(RoutingStatementHandler.java:75)
	at java.base/jdk.internal.reflect.DirectMethodHandleAccessor.invoke(DirectMethodHandleAccessor.java:103)
	at java.base/java.lang.reflect.Method.invoke(Method.java:580)
	at org.apache.ibatis.plugin.Plugin.invoke(Plugin.java:61)
	at jdk.proxy2/jdk.proxy2.$Proxy168.update(Unknown Source)
	at org.apache.ibatis.executor.SimpleExecutor.doUpdate(SimpleExecutor.java:50)
	at org.apache.ibatis.executor.BaseExecutor.update(BaseExecutor.java:117)
	at org.apache.ibatis.executor.CachingExecutor.update(CachingExecutor.java:76)
	at java.base/jdk.internal.reflect.DirectMethodHandleAccessor.invoke(DirectMethodHandleAccessor.java:103)
	at java.base/java.lang.reflect.Method.invoke(Method.java:580)
	at org.apache.ibatis.plugin.Invocation.proceed(Invocation.java:61)
	at com.baomidou.mybatisplus.extension.plugins.MybatisPlusInterceptor.intercept(MybatisPlusInterceptor.java:106)
	at org.apache.ibatis.plugin.Plugin.invoke(Plugin.java:59)
	at jdk.proxy2/jdk.proxy2.$Proxy167.update(Unknown Source)
	at org.apache.ibatis.session.defaults.DefaultSqlSession.update(DefaultSqlSession.java:197)
	at java.base/jdk.internal.reflect.DirectMethodHandleAccessor.invoke(DirectMethodHandleAccessor.java:103)
	at java.base/java.lang.reflect.Method.invoke(Method.java:580)
	at org.mybatis.spring.SqlSessionTemplate$SqlSessionInterceptor.invoke(SqlSessionTemplate.java:425)
	... 26 common frames omitted
2026-04-16 13:34:13.733 [main] WARN  [] c.h.g.m.d.s.DispatchTaskService - Task 31 failed, retry count=1
org.springframework.dao.DuplicateKeyException: 
### Error updating database.  Cause: java.sql.SQLIntegrityConstraintViolationException: Duplicate entry '7-2099-04-01-2' for key 'article_batch.uk_article_batch_project_date_no'
### The error may exist in com/huanjing/geo/module/content/mapper/ArticleBatchMapper.java (best guess)
### The error may involve com.huanjing.geo.module.content.mapper.ArticleBatchMapper.insert-Inline
### The error occurred while setting parameters
### SQL: INSERT INTO article_batch  ( dispatch_task_id, project_id, batch_date, batch_no, status, total_count, completed_count, failed_count )  VALUES (  ?, ?, ?, ?, ?, ?, ?, ?  )
### Cause: java.sql.SQLIntegrityConstraintViolationException: Duplicate entry '7-2099-04-01-2' for key 'article_batch.uk_article_batch_project_date_no'
; Duplicate entry '7-2099-04-01-2' for key 'article_batch.uk_article_batch_project_date_no'
	at org.springframework.jdbc.support.SQLErrorCodeSQLExceptionTranslator.doTranslate(SQLErrorCodeSQLExceptionTranslator.java:254)
	at org.springframework.jdbc.support.AbstractFallbackSQLExceptionTranslator.translate(AbstractFallbackSQLExceptionTranslator.java:107)
	at org.mybatis.spring.MyBatisExceptionTranslator.translateExceptionIfPossible(MyBatisExceptionTranslator.java:92)
	at org.mybatis.spring.SqlSessionTemplate$SqlSessionInterceptor.invoke(SqlSessionTemplate.java:439)
	at jdk.proxy2/jdk.proxy2.$Proxy87.insert(Unknown Source)
	at org.mybatis.spring.SqlSessionTemplate.insert(SqlSessionTemplate.java:272)
	at com.baomidou.mybatisplus.core.override.MybatisMapperMethod.execute(MybatisMapperMethod.java:59)
	at com.baomidou.mybatisplus.core.override.MybatisMapperProxy$PlainMethodInvoker.invoke(MybatisMapperProxy.java:149)
	at com.baomidou.mybatisplus.core.override.MybatisMapperProxy.invoke(MybatisMapperProxy.java:90)
	at jdk.proxy2/jdk.proxy2.$Proxy141.insert(Unknown Source)
	at com.huanjing.geo.module.dispatch.service.DispatchExecutionService.ensureArticleBatch(DispatchExecutionService.java:1048)
	at com.huanjing.geo.module.dispatch.service.DispatchExecutionService.executeContentGeneration(DispatchExecutionService.java:494)
	at com.huanjing.geo.module.dispatch.service.DispatchExecutionService.execute(DispatchExecutionService.java:140)
	at com.huanjing.geo.module.dispatch.service.DispatchTaskService.processTask(DispatchTaskService.java:153)
	at java.base/jdk.internal.reflect.DirectMethodHandleAccessor.invoke(DirectMethodHandleAccessor.java:103)
	at java.base/java.lang.reflect.Method.invoke(Method.java:580)
	at org.springframework.aop.support.AopUtils.invokeJoinpointUsingReflection(AopUtils.java:354)
	at org.springframework.aop.framework.ReflectiveMethodInvocation.invokeJoinpoint(ReflectiveMethodInvocation.java:196)
	at org.springframework.aop.framework.ReflectiveMethodInvocation.proceed(ReflectiveMethodInvocation.java:163)
	at org.springframework.aop.framework.CglibAopProxy$CglibMethodInvocation.proceed(CglibAopProxy.java:768)
	at org.springframework.transaction.interceptor.TransactionInterceptor$1.proceedWithInvocation(TransactionInterceptor.java:123)
	at org.springframework.transaction.interceptor.TransactionAspectSupport.invokeWithinTransaction(TransactionAspectSupport.java:392)
	at org.springframework.transaction.interceptor.TransactionInterceptor.invoke(TransactionInterceptor.java:119)
	at org.springframework.aop.framework.ReflectiveMethodInvocation.proceed(ReflectiveMethodInvocation.java:184)
	at org.springframework.aop.framework.CglibAopProxy$CglibMethodInvocation.proceed(CglibAopProxy.java:768)
	at org.springframework.aop.framework.CglibAopProxy$DynamicAdvisedInterceptor.intercept(CglibAopProxy.java:720)
	at com.huanjing.geo.module.dispatch.service.DispatchTaskService$$SpringCGLIB$$0.processTask(<generated>)
	at ProcessOneTask.main(ProcessOneTask.java:14)
Caused by: java.sql.SQLIntegrityConstraintViolationException: Duplicate entry '7-2099-04-01-2' for key 'article_batch.uk_article_batch_project_date_no'
	at com.mysql.cj.jdbc.exceptions.SQLError.createSQLException(SQLError.java:118)
	at com.mysql.cj.jdbc.exceptions.SQLExceptionsMapping.translateException(SQLExceptionsMapping.java:122)
	at com.mysql.cj.jdbc.ClientPreparedStatement.executeInternal(ClientPreparedStatement.java:912)
	at com.mysql.cj.jdbc.ClientPreparedStatement.execute(ClientPreparedStatement.java:354)
	at com.zaxxer.hikari.pool.ProxyPreparedStatement.execute(ProxyPreparedStatement.java:44)
	at com.zaxxer.hikari.pool.HikariProxyPreparedStatement.execute(HikariProxyPreparedStatement.java)
	at org.apache.ibatis.executor.statement.PreparedStatementHandler.update(PreparedStatementHandler.java:48)
	at org.apache.ibatis.executor.statement.RoutingStatementHandler.update(RoutingStatementHandler.java:75)
	at java.base/jdk.internal.reflect.DirectMethodHandleAccessor.invoke(DirectMethodHandleAccessor.java:103)
	at java.base/java.lang.reflect.Method.invoke(Method.java:580)
	at org.apache.ibatis.plugin.Plugin.invoke(Plugin.java:61)
	at jdk.proxy2/jdk.proxy2.$Proxy168.update(Unknown Source)
	at org.apache.ibatis.executor.SimpleExecutor.doUpdate(SimpleExecutor.java:50)
	at org.apache.ibatis.executor.BaseExecutor.update(BaseExecutor.java:117)
	at org.apache.ibatis.executor.CachingExecutor.update(CachingExecutor.java:76)
	at java.base/jdk.internal.reflect.DirectMethodHandleAccessor.invoke(DirectMethodHandleAccessor.java:103)
	at java.base/java.lang.reflect.Method.invoke(Method.java:580)
	at org.apache.ibatis.plugin.Invocation.proceed(Invocation.java:61)
	at com.baomidou.mybatisplus.extension.plugins.MybatisPlusInterceptor.intercept(MybatisPlusInterceptor.java:106)
	at org.apache.ibatis.plugin.Plugin.invoke(Plugin.java:59)
	at jdk.proxy2/jdk.proxy2.$Proxy167.update(Unknown Source)
	at org.apache.ibatis.session.defaults.DefaultSqlSession.update(DefaultSqlSession.java:197)
	at org.apache.ibatis.session.defaults.DefaultSqlSession.insert(DefaultSqlSession.java:184)
	at java.base/jdk.internal.reflect.DirectMethodHandleAccessor.invoke(DirectMethodHandleAccessor.java:103)
	at java.base/java.lang.reflect.Method.invoke(Method.java:580)
	at org.mybatis.spring.SqlSessionTemplate$SqlSessionInterceptor.invoke(SqlSessionTemplate.java:425)
	... 24 common frames omitted
